metier_original,occurrences,mots_malgache,mots_francais
MAMBOLY VARY,2333,"mam, var, vary, mboly",
SARAKA ANTSAHA,1996,,
MPAMBOLY VARY,1642,"var, vary, mboly, mpam",
SARAKANTSAHA,1607,,
SARAKATSAHA,1561,,
MANASA LAMBA,821,"man, lamba",
MITRANDRAKA VOLAMENA,618,,
MPANASA LAMBA,527,"lamba, mpan",
MPITRANDRAKA VOLAMENA,457,mpi,
MACON,424,,
MANAO SARAKA ANTSAHA,420,man,
GARDIEN,405,,
SARAK'ANTSAHA,375,,
DOMESTIQUE,350,,
MPAMBOLY,348,"mboly, mpam",
MANAO SARAKANTSAHA,338,man,
MAMBOLY,324,"mam, mboly",
MPAMPIANATRA,303,"mpi, mpam",
CHAUFFEUR,271,,chauffeur
MAMBOLY MANGAHAZO,255,"mam, man, mboly",
MANOEUVRE AGRICOLE,250,man,
MANDRARY TSIHY,247,man,
DOKERA,244,,
MPANAMPY ANTRANO,241,"trano, rano, mpan",
MPAMBOLY VARY MADINIKA,240,"var, vary, mboly, mpam",
MAMBOLY ANANA,216,"mam, mboly",
MIOMPY KISOA,216,,
MACHINISTE,214,,
MIVAROTRA CHARBON,214,"miv, var",
MECANICIEN,206,,
SARANKATSAHA,206,,
FEMME DE MENAGE,199,,
SARAKA AN-TSAHA,196,,
MANAMPY MITRANDRAKA VOLAMENA,179,man,
MIASA TRANO,174,"trano, rano",
MPIASA ANTRANO,171,"mpi, trano, rano",
MPANJONO,166,mpan,
MPAMBOLY VANILLE,160,"mboly, mpam",
MAMPIANATRA,159,"mpi, mam",
MIVAROTRA TRONDRO,155,"miv, var",
MAMBOLY VOANJO,154,"mam, mboly",
MIVAROTRA ANANA,153,"miv, var",
MANOEUVRE,152,man,
MIANDRY OMBY,150,omby,
MIVAROTRA LEGUME,148,"miv, var",
MANAO SARAKATSAHA,147,man,
DOCKER,144,,
MIVAROTRA,141,"miv, var",
MANJONO,140,man,
SECURITE,138,,
MANIVANA VOLAMENA,132,man,
MANDRARY,131,man,
MPIANDRY OMBY,131,"mpi, omby",
EPICERIE,130,,
MAMBOLY VANILLE,129,"mam, mboly",
MPANAO SARAKANTSAHA,129,mpan,
MAMBOLY TONGOLO,128,"mam, mboly",
MIVAROTRA EPICERIE,128,"miv, var",
MPANAO SARAKA ANTSAHA,123,mpan,
MPANAMPY FIANAKAVIANA @ FAMBOLENA VARY,115,"var, famb, vary, mpan",
MIVAROTRA PPN,115,"miv, var",
MAMBOLY KATSAKA,114,"mam, katsaka, mboly",
COMPTABLE,114,,comptable
MANAMPY MAMBOLY VARY,113,"mam, man, var, vary, mboly",
MIASA ANTRANO,113,"trano, rano",
GENDARME,109,,
MPIVAROTRA TRONDRO,106,"mpi, var",
MPAMBOLY LA VANILLE,104,"mboly, mpam",
MIVAROTRA VOANKAZO,103,"miv, var",
MAMBOLY VARY SY MANGAHAZO,102,"mam, man, var, vary, mboly",
MAçON,101,,maçon
SARAN-KATSAHA,99,,
MIOMPY OMBY,96,omby,
MANAO SARAK'ANTSAHA,95,man,
MIARAMILA,94,,
MPAMBOLY MANGAHAZO,94,"man, mboly, mpam",
Maçon,94,,maçon
MIOMPY AKOHO,94,akoho,
MPAMBOLY VOANJO,93,"mboly, mpam",
FAMBOLENA,93,famb,
FAMBOLENA VARY,91,"var, famb, vary",
MPANDRARY,90,mpan,
MPAMBOLY MADINIKA (VARY),89,"var, vary, mboly, mpam",
JARDINIER,88,,
MPIVAROTRA,88,"mpi, var",
MIVAROTRA VARY,86,"miv, var, vary",
LA BONNE,86,,
SAGE FEMME,85,,
MPIVAROTRA EPICERIE,84,"mpi, var",
MPIVAROTRA KITAY,84,"mpi, var",
CHAUFFEUR BAJAJ,84,,chauffeur
ASA VOLAMENA,84,,
MIVAROTRA LAMBA,84,"miv, var, lamba",
MPANJONO TRONDRO,84,mpan,
MPAMPIANATRA EPP,83,"mpi, mpam",
MPANDRARY TSIHY,82,mpan,
AIDE CHAUFFEUR,80,,chauffeur
MPIVAROTRA CHARBON,80,"mpi, var",
MIVAROTRA KITAY,79,"miv, var",
SERVEUSE,79,,
SARAKATSAHY,79,,
MAMPIANATRA AMIN'NY EPP,78,"mpi, mam",
MPANJAITRA,78,mpan,
MPIOMPY KISOA,78,mpi,
MPITARIKA POSY,78,mpi,
MANAO TENINA,77,man,
MIVAROTRA SAKAFO MASAKA,77,"miv, var",
MPANAO TRANO,77,"trano, rano, mpan",
MANARATO,77,man,
GARGOTTE,73,,
MPIASA TRANO,72,"mpi, trano, rano",
AGENT DE SECURITE,71,,agent
MANAO CHARBON,71,man,
MITARIKA POSY,71,,
MPIASA AN-TRANO,71,"mpi, trano, rano",
MPANAMPY AN-TRANO,69,"trano, rano, mpan",
MANIVA VOLAMENA,69,man,
SECRETAIRE,68,,secretaire
MANAO TRANO,68,"man, trano, rano",
MPIVAROTRA ANANA,67,"mpi, var",
MPANAMPY,66,mpan,
MPIVAROTRA VARY,65,"mpi, var, vary",
MPAMBOLY VOANEMBA,65,"mboly, mpam",
MPANJONO ANDRANOMASINA,65,"rano, mpan",
MPAMBOLY KATSAKA,64,"katsaka, mboly, mpam",
MANJAITRA,62,man,
MAMBOLY VARY...,62,"mam, var, vary, mboly",
MANAO EPICERIE,62,man,
DOKER,60,,
JOURNALIER,60,,
MPIVAROTRA LAMBA,59,"mpi, var, lamba",
NAMBOLY VARY,59,"var, vary, mboly",
MIVAROTRA FRIPERIE,58,"miv, var",
CHAUFFEUR TAXI BROUSSE,57,,chauffeur
DEMARCHEUR,56,,
MPAMBOLY ANANA,56,"mboly, mpam",
MPANDRAFITRA FANAKA,56,mpan,
MPANJONO AN-DRANOMASINA,56,"rano, mpan",
CHAUFFEUR CAMION,56,,chauffeur
FIVAROTANA,55,var,
MAMBOLY TSARAMASO,54,"mam, mboly",
MIASA TANY,53,tany,
MANJONO TRONDRO,53,man,
MPIVAROTRA VOAMAINA,53,"mpi, var",
ELECTRICIEN,53,,electricien
MAMBOLY VARY SY KATSAKA,52,"mam, var, vary, katsaka, mboly",
KIBAROA,52,,
MATSAKA RANO,52,rano,
MANAMBOATRA TRANO,52,"man, trano, rano",
MPANAO CHARBON,51,mpan,
MIAVA VARY,51,"var, vary",
MPAMBOLY VARY SY KATSAKA,51,"var, vary, katsaka, mboly, mpam",
MPIVAROTRA LEGUME,51,"mpi, var",
MANJAITRA AKANJO,51,man,
MPANAMPY AN TRANO,50,"trano, rano, mpan",
MIVAROTRA HENA,50,"miv, var",
MAMBOLY VOMANGA,50,"mam, man, mboly",
MANDRAFITRA TRANO,49,"man, trano, rano",
MANAO SARAKA,49,man,
MAMBOLY OVY,49,"mam, mboly",
MIVAROTRA VARY FOTSY,49,"miv, var, vary",
MANJAITRA LAMBA,48,"man, lamba",
MPAMPIANATRA AMIN'NY EPP,48,"mpi, mpam",
MPIVAROTRA SAKAFO MASAKA,48,"mpi, var",
MPANAMPY ATRANO,47,"trano, rano, mpan",
MPAMBOLY MADINIKA,47,"mboly, mpam",
MAMBOLY GIROFLE,46,"mam, mboly",
MAGASINIER,46,,
MANAO SOUDURE,46,man,
MANJONO ANDRANOMASINA,45,"man, rano",
MIVAROTRA RONONO,45,"miv, var",
MPAMPIANATRA PRIMAIRE,45,"mpi, mpam",
MANAMPY NY VADINY MAMBOLY,45,"mam, man, mboly",
MIVAROTRA MOFO,44,"miv, var, mofo",
Mamboly vary,44,"mam, var, vary, mboly",
MAMAKY VATO,44,mam,
MANAMBOATRA CHARBON,43,man,
MPAMAKY VATO,43,mpam,
MPANAO SARAKATSAHA,43,mpan,
MIVAROTRA VOAMAINA,43,"miv, var",
CUISINIER,43,,
MPANAMBOATRA TRANO,42,"trano, rano, mpan",
MIHADY VATO,42,,
MANAMPY MAMBOLY MANGAHAZO,42,"mam, man, mboly",
MANAMBOATRA TOAKA GASY,42,man,
SARAKANTSAHA AMINY TOKANTRANO MARO2,42,"trano, rano",
PREPARATEUR DE FIBRE DE SISAL,42,,
MPANARATO,42,mpan,
MPABOLY VARY,41,"var, vary",
PANJONO,41,,
MAMBOLY CACAO,41,"mam, mboly",
MANDRAFITRA,40,man,
MPANAMPY FIANAKAVIANA,40,mpan,
MANAMBOATRA SARIBAO,40,man,
POLICE,40,,
MIVAROTRA CONFECTION,40,"miv, var",
MPAMBOLY JIROFO,40,"mboly, mpam",
PASTEUR,39,,
MIVAROTRA TRONDRO MAINA,39,"miv, var",
MPAMPIANATRA @ EPP,39,"mpi, mpam",
CHAUFFEUR TAXI,39,,chauffeur
MIASA VOLAMENA,39,,
MPAMPIANATRA SECONDAIRE,39,"mpi, mpam",
SARAKAN-TSAHA,39,,
MACONS,39,,
MPIKAPOKA VATO,39,mpi,
MIJINJA VARY,39,"var, vary",
MIASA AN-TRANO,39,"trano, rano",
SARAKA ATSAHA,39,,
MIVAROTRA MOFO GASY,38,"miv, var, mofo",
MITONDRA POSY,38,,
MANAO SATROKA,38,man,
MIVAROTRA LEGUMES,38,"miv, var",
MPIOMPY AKOHO,38,"mpi, akoho",
MPIVAROTRA FRIPERIE,38,"mpi, var",
MPIVAROTRA RANO,38,"mpi, var, rano",
MPANOTRA,38,mpan,
MANBOLY VARY,38,"man, var, vary",
MAMBOLY LEGUME,37,"mam, mboly",
MIVAROTRA RAKETA,37,"miv, var",
MAMBOLY VARY SY LAVANILA,37,"mam, var, vary, mboly",
MANJONO TRONDRO ANDRANOMASINA,36,"man, rano",
MPANAO SARAKA AN-TSAHA,36,mpan,
MITONDRA CYCLO POUSSE,36,,
MIVAROTRA CAFE SY MOFO,36,"miv, var, mofo",
MANAMBOATRA TSIHY,36,man,
MPANDRAFITRA,36,mpan,
MITOTO VARY,35,"var, vary",
MANERA AKOHO,35,"man, akoho",
FEMME DE CHAMBRE,35,,
MPANTSAKA RANO,35,"rano, mpan",
MPITRANDRAKA VATO,35,mpi,
MIVAROTRA FRIPE,35,"miv, var",
MPIOMPY OMBY,35,"mpi, omby",
MANDRAFITRA FANAKA,35,man,
MIVAROTRA RANO,34,"miv, var, rano",
MPAMBOLY LENTILLES,34,"mboly, mpam",
MAMBOLY BALAHAZO,34,"mam, mboly",
MPANERA,34,mpan,
MANAO SARAKASAHA,34,man,
MANETSA,34,man,
MPIVAROTRA @ EPICERIE,34,"mpi, var",
MITRANDRAKA VATO,34,,
MPIVAROTRA TRONDRO FRITE,34,"mpi, var",
MANAO SY MIVAROTRA CAFE SY MOFO,33,"man, miv, var, mofo",
MANEFY VY,33,man,
MPIVAROTRA CAFE SY MOFO,33,"mpi, var, mofo",
MIKARAMA MANETSA,33,"man, karama",
MPAMBOLY VARY SY MANGAHAZO,33,"man, var, vary, mboly, mpam",
MIASA KARIERA,33,,
MIVAROTRA TELEPHONE,32,"miv, var",
MPAMBOLY LOJY,32,"mboly, mpam",
MAMBOLY BAGEDA,32,"mam, mboly",
MIVAROTRA FRIPPE,32,"miv, var",
MANAO SARANKATSAHA,32,man,
NIAVA VARY,32,"var, vary",
MITAONA HAZO,32,,
MIVAROTRA LAMBA FRIPERIE,32,"miv, var, lamba",
KARAMAN'ANDRO,31,"man, karama",
MIOMPY GANA,31,,
MIKARAMA MANAO CHARBON,31,"man, karama",
MIKARAMA MIKAPOBATO ENY @CARRIERE,30,karama,
MPATSAKA RANO,30,rano,
ASA ANTRANO,30,"trano, rano",
MIVAROTRA AMIN'NY EPICERIE,30,"miv, var",
MPAMPIANATRA PRESCOLAIRE,30,"mpi, mpam",
MAMBOLY LEGUMES,30,"mam, mboly",
CHAUFEUR,30,,
INFIRMIER,30,,
MIVAROTRA AKOHO,30,"miv, var, akoho",
MIKARAMA MANASA LAMBA,30,"man, lamba, karama",
MPIARAKANDRO,29,mpi,
VAROTRA,29,var,
MIKARAMA MAMBOLY,29,"mam, mboly, karama",
MPAMBOLY BALAHAZO,29,"mboly, mpam",
VENDEUSE,29,,
MANAO GARGOTTE,29,man,
CHARPENTIER,29,,
SARAKATSA,28,,
CAISSIER,28,,
maçon,28,,maçon
MABOLY VARY,28,"var, vary",
CHAUFFEUR TAXI BE,28,,chauffeur
MIHAZA,28,,
MAMBOLY LA VANILLE,27,"mam, mboly",
DOKOTERA,27,,
AIDE VENDEUR,27,,vendeur
MANAO SY MIVAROTRA SAKAFO MASAKA,27,"man, miv, var",
MAMBOLY VARY ANATY RANO,27,"mam, var, vary, rano, mboly",
MAMPIANATRA AMIN'NY CEG,27,"mpi, mam",
Manao sarakantsaha,27,man,
MITAIZA ZAZA,27,,
MIOPY KISOA,27,,
AGENT DE POLICE,27,,agent
MIVAROTRA OMBY,27,"miv, var, omby",
MPAMBOLY CACAO,27,"mboly, mpam",
CHEF ZAP,27,,chef
MPIVAROTRA RAKETA,27,"mpi, var",
MPIHADY SAPHIRE,26,mpi,
MPANAO KIBAROA,26,mpan,
MIVAROTRA AM EPICERIE,26,"miv, var",
MPAMPIANATRA AMIN EPP,26,"mpi, mpam",
MANASALAMBA,26,"man, lamba",
SOUDEUR,26,,
MPAMPIANATRA AMIN'NY CEG,26,"mpi, mpam",
MIVAROTRA KAPA,25,"miv, var",
MAMBOLY FARY,25,"mam, mboly",
BOUCHER,25,,
ASA AN-TRANO,24,"trano, rano",
MENAGERE,24,,
MANAO SOBIKA,24,man,
MANAO JOURNIER SARAKATSAHA,24,man,
MPAMBOLY TSARAMASO,24,"mboly, mpam",
MPIKARAMA MIAVA,24,"mpi, karama",
COIFFEUSE,24,,
MANAMBOATRA HARONA,24,man,
MIVAROTRA ENTA-MADINIKA,24,"miv, var",
MAMBOLY TABOARA,24,"mam, mboly",
MPANJAITRA LAMBA,24,"lamba, mpan",
RECEVEUR,24,,
MIOMPY OMBY VAVY BE RONONO,23,omby,
MIVAROTRA TOAKA GASY,23,"miv, var",
MPAMPIANATRA AMINY CEG,23,"mpi, mpam",
MPAMBOLY ANTSOROKO,23,"mboly, mpam",
MPAMPIANATRA CEG,23,"mpi, mpam",
MIVAROTRA AKONDRO,23,"miv, var",
MANAMPY MIKARAKARA LA VANILLE,23,man,
MPANAO SOUDURE,23,mpan,
MITARIKA POUSSE,23,,
MANAO SARAKAN-TSAHA,23,man,
MIVAROTRA PARAKY,23,"miv, var",
INFORMATICIEN,23,,
MPANEFY VY,22,mpan,
PASITERA,22,,
CHEF DE CHANTIER,22,,chef
MITONDRA BAJAJ,22,,
GUICHETIER,22,,
MPAMBOLY MADINIKA(VARY),22,"var, vary, mboly, mpam",
MPAHANDRO SAKAFO,22,,
MAçONS,22,,maçon
CUISINIERE,22,,
MIVAROTRA SIRA,22,"miv, var",
COIFFURE,22,,
MPAMBOLY VOMANGA,22,"man, mboly, mpam",
MIOMPY,21,,
POMPISTE,21,mpi,
MPIBATA ENTANA,21,"mpi, entana",
MPANJAITRA AKANJO,21,mpan,
MPANETY VOLO,21,mpan,
MPIVAROTRA HANIMASAKA,21,"mpi, var",
MIHADY SAPHIR,21,,
MPANDRAFITRA TRANO,21,"trano, rano, mpan",
MAMBOLY PARAKY,21,"mam, mboly",
MIOMPY SY MIVAROTRA AKOHO,21,"miv, var, akoho",
MANOEUVRE BATIMENT,21,man,
MPANASA LAMBAN'OLONA,21,"lamba, mpan",
MANAMBOATRA FASANA,21,man,
MIVAROTRA HANIMASAKA,21,"miv, var",
MPANAO MOFO,21,"mofo, mpan",
MPIVAROTRA TOAKA GASY,21,"mpi, var",
MPAMBOLY FARY,21,"mboly, mpam",
FAMBOLENA MANGAHAZO,21,"man, famb",
TAXI MOTO,21,,
MPIVAROTRA MOFO,21,"mpi, var, mofo",
MPAMPIANATRA FRAM,20,"mpi, mpam",
MIOMPY AKOHO GASY,20,akoho,
MPITONDRA POSY,20,mpi,
MIOPY OMBY,20,omby,
"FAMBOLENA TSAKO,VOATANGO",20,famb,
MANAMPY FIANAKAVIANA,20,man,
MANARATO TRONDRO,20,man,
FIOMPIANA,20,mpi,
MPAPIANATRA,20,,
MANDRARY HARONA,20,man,
ADJOINT FOKOTANY,20,tany,
fambolena,20,famb,
MPIVAROTRA CAFE,20,"mpi, var",
MAMBOLY VOATABIA,20,"mam, mboly",
MIBATA ENTANA,20,entana,
DOCTEUR,19,,
MANDRARY SOBIKA,19,man,
MPAMBOLY MADINIKA FA MANAMPY NY VADINY,19,"man, mboly, mpam",
MANAO JOURNEE,19,man,
MITRANDRAKA SY MIVAROTRA VOLAMENA,19,"miv, var",
SARAKA,19,,
MAMBOLY VARY SY BALAHAZO,19,"mam, var, vary, mboly",
MAKA RANO,19,rano,
MPANAO SARAK'ANTSAHA,19,mpan,
MAMBOATRA FIBRE LALOASY,19,mam,
MPIVARO-KENA,19,"mpi, var",
MANAMPY MAMBOLY VANILLE,19,"mam, man, mboly",
MPITOTO VARY,19,"mpi, var, vary",
MIVAROTRA AKOHO VELONA,19,"miv, var, akoho",
MPAMAFA TRANO,19,"trano, rano, mpam",
FIOMPIANA KISOA,19,mpi,
MIVAROTRA TRONDRO ENDASINA,19,"miv, var",
MIOPY AKOHO,19,akoho,
MPANAMBOATRA FIBRE FANAMBOARANA TADY,18,mpan,
MPITARIKA POUSSE,18,mpi,
MPIVAROTRA BOZAKA,18,"mpi, var",
MITATITRA RANO,18,rano,
MAMBOLY HARICOT VERT,18,"mam, mboly",
MPIVAROTRA KAFE SY MOFO,18,"mpi, var, mofo",
MIVAROTRA KIRARO,18,"miv, var",
EPI-BAR,18,,
MPAMBOLY JOROFO,18,"mboly, mpam",
GENDARMERIE,18,,
MANOSIKA VARAMBA,18,"man, var",
PREPARATEUR DE SISAL,18,,
MANOEUVRE MACON,18,man,
MAçon,17,,maçon
OMBIASA,17,,
MPANIVANA VOLAMENA,17,mpan,
MANJONO AN-DRANOMASINA,17,"man, rano",
MPAMPIDITRA HIRA,17,"mpi, mpam",
MPANAO HANIMASAKA,17,mpan,
MPANARATO TRONDRO,17,mpan,
GARDIENAGE,17,,
MIVAROTRA SACHET,17,"miv, var",
INFIRMIERE,17,,
MIVAROTRA MOFO AKONDRO,17,"miv, var, mofo",
MIVAROTRA KAFE SY MOFO,17,"miv, var, mofo",
MPITONDRA CYCLO POUSSE,17,mpi,
"NAMBOLY VARY,KATSAKA,VOMANGA,POMA",17,"man, var, vary, katsaka, mboly",
MIVAROTRA COMPOSE,17,"miv, var",
MPIVAROTRA YAOURT,17,"mpi, var",
MPAMBOLY LEGUME,17,"mboly, mpam",
MPIVAROTRA TELEPHONE,17,"mpi, var",
VENDEUR,17,,vendeur
MIHADY VOLAMENA,17,,
DEUXIEME ADJOIN AU MAIRE,17,,
PLOMBIER,17,,plombier
GERANT,16,,
MPIVAROTRA VOANKAZO,16,"mpi, var",
MANAO MOFO GASY,16,"man, mofo",
MIASA AN TRANO,16,"trano, rano",
MPANAO SARANKATSAHA,16,mpan,
MIASATRANO,16,"trano, rano",
LIVREUR,16,,
MPAMBOLY ANTSOROROKA,16,"mboly, mpam",
PANAMPY ANTRANO,16,"trano, rano",
MIKARAMA MANAO TOKA,16,"man, karama",
MAMBOLY SY MIOMPY,16,"mam, mboly",
SARAKANTSAHA NA KIBAROA,16,,
MIVAROTRA VORONA,16,"miv, var",
MAMBOLY VARY SY VOANJOBORY,16,"mam, var, vary, mboly",
MPAMPIANATRA AMBARATONGA VOALOHANY,16,"mpi, mpam",
MIVAROTRA FRIPY,16,"miv, var",
MANEOUVRE AGRICOLLE,16,man,
MANJAITRA KIRARO,16,man,
MIVAROTRA ENTANA MADINIKA,16,"miv, var, entana",
MPAMBOLY VARY SY VOANJO,16,"var, vary, mboly, mpam",
MANAMPY MAMBOLY,16,"mam, man, mboly",
SARANKANTSAHA,16,,
OPERATEUR DE SAISIE,16,,
TECHNICIEN,16,,technicien
MAMBOLY TSAKO SY KABARO,16,"mam, mboly",
AIDE MACON,16,,
MITARIKA SARETY,16,,
MAMBOLY BALAHAZO SY VOANJO,16,"mam, mboly",
MPANJONO FILAO AN-DRANOMASINA,15,"rano, mpan",
MANAO SY MIVAROTRA MOFO,15,"man, miv, var, mofo",
MPIVAROTRA KIRARO,15,"mpi, var",
MABOLY MANGAHAZO,15,man,
MIVAROTRA VOANJO,15,"miv, var",
MANAMPY ANTRANO,15,"man, trano, rano",
MANOEUVRE TRANO,15,"man, trano, rano",
MIKARAKARA TOKATRANO,15,"trano, rano",
MPANAMPY FIANAKAVIANA MAMBOLY VARY,15,"mam, var, vary, mboly, mpan",
MIVAROTRA QUINCAILLERIE,15,"miv, var",
MPANDRARY TSIHY SY HARONA,15,mpan,
PRODUCTEUR DU PEPINIERE,15,,
MPANAMBOATRA TOAKA GASY,15,mpan,
MECANICIEN MOTO,15,,
MPIVAROTRA AMIN'NY EPICERIE,15,"mpi, var",
MANAO FANAKA,15,man,
TECHNICIEN AGRICOLE,15,,technicien
MAMBOLY VARY MANGAHAZO VOMANGA,15,"mam, man, var, vary, mboly",
MPANJONO TRONDRO ANDRANOMASINA,15,"rano, mpan",
MPIOMPY AKOHO AMAM-BORONA,15,"mpi, mam, akoho",
MAMBOATRA TRANO,15,"mam, trano, rano",
SASA LAMBA,15,lamba,
MPAMBOLY JIROFO SY VANILLE,15,"mboly, mpam",
MPIVAROTRA AKOHO,15,"mpi, var, akoho",
MIVAROTRA TRAKA,15,"miv, var",
MITONDRA CYCLOPOUSSE,15,,
MIVAROTRA ENTA MADINIKA,15,"miv, var",
MANAMBOATRA YAOURT,15,man,
REPARATEUR TELEPHONE,15,,
MPANASALAMBA,15,"lamba, mpan",
MPIVAROTRA LASOPY,15,"mpi, var",
MPAMBOLY LEGUMES,15,"mboly, mpam",
MAMBOLY VOANJOBORY,15,"mam, mboly",
MANAMBOATRA TOAKA,15,man,
MIGOZA FIBRE SISAL,15,,
MITSANDRAKA VOLAMENA,15,,
MPIVAROTRA SAKOA,15,"mpi, var",
MPIVAROTRA COMPOSE,15,"mpi, var",
PAMBOLY VARY,14,"var, vary, mboly",
MIVAROTRA RAOKANDRO,14,"miv, var",
MPITANDRO FILAMINANA,14,mpi,
MAMPIANATRA FRAM,14,"mpi, mam",
CAISSIERE,14,,
MANAMBOATRA MOFO SY CAFE,14,"man, mofo",
MIVAROTRA FRIP,14,"miv, var",
MIARAKANDRO OMBY,14,omby,
PAMBOLY MANGAHAZO,14,"man, mboly",
MAMBOLY TONGOLO GASY,14,"mam, mboly",
MIVIDY SY MIVAROTRA OSY VELONA,14,"miv, var",
MITONDRA TUC TUC,14,,
MPITSARA,14,mpi,
MAMPIANATRA AMIN'NY LYCEE,14,"mpi, mam",
MACON MPANAO TRANO,14,"trano, rano, mpan",
PEINTRE,14,,
MPIVAROTRA CONFECTION,14,"mpi, var",
MPANDRAFITRA HAZO,14,mpan,
MPIANTOKA POMME,14,mpi,
MPAMBOATRA CHARBON,14,mpam,
"MPAMBOLY VARY,KATSAKA,MANGAHAZO",14,"man, var, vary, katsaka, mboly, mpam",
MANDRAFITRA FANAKA VITA @ HAZO,14,man,
MIVAROTRA PLANCHE,14,"miv, var",
MACHON,14,,
MPIVAROTRA PPN,14,"mpi, var",
MPANJONO TRONDRO AN-DRANOMAMY,14,"mam, rano, mpan",
MIVAROTRA POKETRA,14,"miv, var",
MANDRARY SY MIVAROTRA TSIHY,14,"man, miv, var",
MIVAROTRA FRIPPERIE,14,"miv, var",
MPIVAROTRA TRAKA,14,"mpi, var",
MIOMPY TRONDRO,14,,
KARAMAINA MANAMBOATRA CHARBON,14,"man, karama",
MAMBOLY VARY MANGAHAZO SNS,14,"mam, man, var, vary, mboly",
MIVAROTRA SARIBAO,14,"miv, var",
MPAMBOLY GIROFLE,14,"mboly, mpam",
MPITONDRA BAJAJ,14,mpi,
MITATITRA ENTANA,14,entana,
SARAKATRAHA,13,,
MITSIMPONA KARETSIKA,13,,
MPIAVA TANIMBOLY,13,"mpi, mboly",
MPIHADY SAFIRA,13,mpi,
MANADIO TANANA,13,man,
MANAO BAR,13,man,
MPANAO SARAKATSA,13,mpan,
"MAMBOLY VARY,KATSAKA",13,"mam, var, vary, katsaka, mboly",
MANASA LAMBAN'OLONA,13,"man, lamba",
"MPAMBOLY VARY, MANGAHAZO",13,"man, var, vary, mboly, mpam",
MPANDOKO TRANO,13,"trano, rano, mpan",
MITSIMPONA TSAKAFOKA,13,,
SASALAMBA,13,lamba,
MITRANDRAKA SAFIRA,13,,
MIKARAMA MANETSA VARY,13,"man, var, vary, karama",
MAMBOLY PETIT POIS,13,"mam, mboly",
OUVRAGE METALIQUE,13,,
CASH POINT,13,,
MANAMPY MIVAROTRA,13,"man, miv, var",
MPANAO SARAK'ATSAHA,13,mpan,
MECANICIEN AUTOMOBILE,13,,
BARMAN,13,man,
MITAONA BIRIKY,13,,
MPANAMBOATRA CHARBON,13,mpan,
CHAUFFEUR TAXIBROUSSE,13,,chauffeur
MAMBOATRA TOAKA,13,mam,
MEDECIN GENERALISTE,13,,
MPIVAROTRA VARY FOTSY,13,"mpi, var, vary",
MANAO CASH POINT,13,man,
MPANAMPY AO ANTRANO,13,"trano, rano, mpan",
MANAO SARAK'ANTSAHY,13,man,
MPITSABO NENTIMPAHARAZANA,13,mpi,
AGENT PENITENTIAIRE,13,,agent
CHAUFEUR TAXI BE,13,,
MPANAO SARAKASAHA,13,mpan,
FITRANDRAHANA VOLAMENA,13,,
PITATITRA TOAKA,13,,
MIVAROTRA KATSAKA,13,"miv, var, katsaka",
MANOEUVRE BTP,13,man,
PECHEUR,13,,
MIVAROTRA TRONDRO MANDEHANDEHA,13,"man, miv, var",
MPIVAROTRA PARAKY,13,"mpi, var",
MPIVAROTRA KATY,13,"mpi, var",
TRESSE DES NATTES,12,,
MIADY FATSAKANA,12,,
MPAMBOLY VOAGNEMBA,12,"mboly, mpam",
MPISIVANA VOLAMENA,12,mpi,
MPIVAROTRA PARAKY GASY,12,"mpi, var",
MIVAROTRA JUS SY CLARNETTE,12,"miv, var",
MPIVAROTRA HENA,12,"mpi, var",
FIASANA TANY,12,tany,
MITSIPONA KABARO,12,,
MPANAMOATRA FANAKA,12,mpan,
MPANAO SARIBAO,12,mpan,
AGENT COMMERCIAL,12,,agent
MPITONDRA SARETY,12,mpi,
SOUDURE,12,,
MENUISIER,12,,
MAMPIANATRA AMBARATONGA VOALOHANY,12,"mpi, mam",
MAMPIANATRA AMIN'NY AMBARATONGA VOALOHANY,12,"mpi, mam",
MIVAROTRA VOATABIA,12,"miv, var",
MIVAROTRA TRONDRO LENA,12,"miv, var",
MPANJONO AN-DRANOMAMY,12,"mam, rano, mpan",
MAMBOLY VARY SY FARY,12,"mam, var, vary, mboly",
MAMBOLY SY MIVAROTRA VANILLE,12,"mam, miv, var, mboly",
MIVAROTRA LAMBA CONFECTION,12,"miv, var, lamba",
COMMERCIAL,12,,
MANAO SARAKATSA,12,man,
COLLECTEUR VANILLE,12,,
MANETSA VARY,12,"man, var, vary",
MIVAROTRA FANAKA,12,"miv, var",
ENSEIGNANT,12,,
CHAUFFEUR TAXI MOTO,12,,chauffeur
MIVAROTRA PARAKY GASY,12,"miv, var",
MPIVAROTRA ENTAMADINIKA,12,"mpi, var",
AIDE MENAGERE,12,,
MIANDRY 0MBY,12,,
MAMBOLY BALAHAZO SY KATSAKA,12,"mam, katsaka, mboly",
MPITONDRA FIVAVAHANA,12,mpi,
MPIVAROTRA CONFITURE,12,"mpi, var",
MAMBOLY TOMATE,12,"mam, mboly",
MPIVAROTRA LAMBA FRIPERIE,12,"mpi, var, lamba",
MPAMBOLY MADINIKA (ovy),12,"mboly, mpam",
MANEFY VOLAMENA,12,man,
Mamboly vary sy katsaka,12,"mam, var, vary, katsaka, mboly",
OUVRIER AGRICOLE,12,,ouvrier
CHAUFFEUR SERVICE PATRON,12,,chauffeur
FAMPIANARANA,12,mpi,
MANAO TSIHY,12,man,
MITARIKA POSSY,12,,
MAMBOLY JOROFO,12,"mam, mboly",
MIVAROTRA HAZO,12,"miv, var",
PANAMPY TRANO,12,"trano, rano",
FIVAROTANA KITAY,12,var,
MANAMBOATRA SOBIKA,12,man,
MIVAROTRA KAFE MANDEHANDEHA,12,"man, miv, var",
MPAMPIANATRA AMIN NY EPP,12,"mpi, mpam",
MANAO SARA-KATSAHA,12,man,
COMMISSIONNAIRE,12,,
Manjono trondro andranomasina,12,"man, rano",
AIDE BOUCHERS,12,,
MPITATITRA ENTANA,12,"mpi, entana",
MPIVAROTRA FRIPE,12,"mpi, var",
MPAMILY FIARA,12,mpam,
MPIVAROTRA LAMBA CONFECTION,12,"mpi, var, lamba",
MANOTRA,12,man,
ELECTRICIEN BATIMENT,12,,electricien
Mamboly vary sy Akondro,12,"mam, var, vary, mboly",
MIKARAMA MAMBOLY VOMANGA,12,"mam, man, mboly, karama",
CONDUCTEUR BICYCLETTE,12,,
MIVAROTRA YAOURT,12,"miv, var",
MPANARATO TRONDRO AN-DRANOMASINA,12,"rano, mpan",
POLICE NATIONAL,12,,
MPITSABO,12,mpi,
MIVAROTRA KATY,12,"miv, var",
MAKA RANON OLONA,12,rano,
NIAVA VOANJO,12,,
MIOMPY POULET DE CHAIRE,12,,
AIDE BOUCHER,12,,
MIVAROTRA FOTSIMBARY,12,"miv, var",
"MAMBOLY VARY,VOASARY,SAKOA,AKONDRO",12,"mam, var, vary, mboly",
MIVAROTRA GLACE,12,"miv, var",
FAMBOLENA VANILLE,12,famb,
REVENDEUR DE TOAKA GASY,12,,vendeur
MAMBOLY LA VANILLE SY VARY,12,"mam, var, vary, mboly",
MIAVA MANGAHAZO,12,man,
MPIVAROTRA AKONDRO,12,"mpi, var",
KARAKATSAHA,12,,
DÖKERA,12,,
MANJONO HAZANDRANOMAMY,12,"mam, man, rano",
MIKAPOKA VATO,12,,
MANAMBOATRA SY MIVAROTRA LASOPY,12,"man, miv, var",
MANAMBOATRA SY MIVAROTRA MOFO SY KAFE,12,"man, miv, var, mofo",
MANAMBOATRA SY MIVAROTRA KAFE SY MOFO,12,"man, miv, var, mofo",
CHAUFFEUR TAXI-BROUSSE,12,,chauffeur
MAMBOLY KAJAHA,12,"mam, mboly",
MPANDISA VATO,12,mpan,
MPITSABO NENTIPAHARAZANA,12,mpi,
MIVAROTRA FIA ANDRANOMASINA,12,"miv, var, rano",
MPIANTOKA AKOHO,12,"mpi, akoho",
MIVAROTRA ENTAMADINIKA,12,"miv, var",
"MAMBOLY VOANJO,TSIASISA,BALAHAZO",12,"mam, mboly",
MANAO MOFO SY CAFE,11,"man, mofo",
MPAMBOLY PARAKY,11,"mboly, mpam",
MANOEUVRE DE BATIMENT,11,man,
SARAKATSAHA MIJINJA VARY,11,"var, vary",
CHAUFFEUR VOITURE PRIVE/CHAUFFEUR@ KARANY,11,,chauffeur
AIDE MECANICIEN,11,,
MPIVAROTRA HANINA MASAKA,11,"mpi, var",
MAMBOATRA CHARBON,11,mam,
MIOMPY POULET DE CHAIR,11,,
MITONDRA POUSSE,11,,
CUISINER,11,,
MIVAROTRA POULET DE CHAIRE,11,"miv, var",
MIVARO BARY,11,"miv, var",
MAMBOLY VARY MADINIKA,11,"mam, var, vary, mboly",
COLLECTEUR DE VANILLE,11,,
MANAO DOKERA,11,man,
MAMBOLY VARY KATSAKA,11,"mam, var, vary, katsaka, mboly",
CALL CENTER,11,,
MANOTRA OLONA,11,man,
MIKARAMA MANAO TRANO,11,"man, trano, rano, karama",
CONSEILLER CLIENT,11,,conseiller
CHAUFFEUR BUS,11,,chauffeur
MAMPIANATRA @ EPP,11,"mpi, mam",
COUPEUSE SISAL,11,,
MAMBOLY PETSAY,11,"mam, mboly",
MPITORY NY FILAZANTSARA,11,mpi,
MPIVAROTRA DITE SY MOFO,11,"mpi, var, mofo",
MPAMPIANATRA AMIN'NY LYCEE,11,"mpi, mpam",
MAMBOLY OVY MADINIKA,11,"mam, mboly",
MAMBOLY VARY SY TSARAMASO,11,"mam, var, vary, mboly",
MPIVAROTRA MANGAHAZO,11,"mpi, man, var",
MIVAROTRA FOURNITURE DE BUREAU,11,"miv, var",
MAMBOLY KATY,11,"mam, mboly",
MPIVAROTRA LETCHI,11,"mpi, var",
MIVAROTRA ENTA-MAJINIKA,11,"miv, var",
MPIOMPY AKOHO AMAMBORONA,11,"mpi, mam, akoho",
MIVAROTRA MOFO SY CAFE,11,"miv, var, mofo",
MAMBOLY JIROFO SY VANILLE,11,"mam, mboly",
MPAMBOLY KABARO,11,"mboly, mpam",
MPITARIKA POSSY,11,mpi,
MPAMPIANATRA LYCEE,11,"mpi, mpam",
MPAMBOLY VARY SY LEGUMES,11,"var, vary, mboly, mpam",
"NAMBOLY VARY,KATSAKA,VOMANGA,OVY,POMA",11,"man, var, vary, katsaka, mboly",
NANAMPY NY TOKANTRANO NAMBOLY,11,"trano, rano, mboly",
MBAMBOLY VARY,11,"var, vary, mboly",
MIKARAMA MIASA TANY,11,"tany, karama",
MPANERA CHARBON,11,mpan,
MPINTRANDRAKA VATO,11,mpi,
MPAMBOLY SY MPIOMPY,11,"mpi, mboly, mpam",
DEMARCHEUR SAPHIR,11,,
BOULANGERIE,11,,
FAMBOLENA FARY,10,famb,
MANAO KIBAROA,10,man,
MAINTENANCE,10,,
AIDE MENAGE,10,,
RECEPTIONNISTE,10,,
MPIVAROTRA TOAKA,10,"mpi, var",
MPITATITRA PAOMA AMIN'NY SARETIN'OMBY,10,"mpi, omby",
AGENT DE CREDIT,10,,agent
MIVAROTRA PARAKY KOSOKA,10,"miv, var",
MPANETY,10,mpan,
COIFFEUR,10,,
DEPANNEUR ELECTRONIQUE,10,,
MPITONDRA POUSSY,10,mpi,
MIVAROTRA KOBA VARY,10,"miv, var, vary",
MANAMBOATRA HUILE ESSENTIELLE,10,man,
MIVAROTRA TOMATE,10,"miv, var",
MANAMBOATRA JIRO KAPOAKA,10,man,
CONSEILLER PEDAGOGIQUE,10,,conseiller
MPIVAROTRA GARGOTTE,10,"mpi, var",
MAMBOLY TSAKO,10,"mam, mboly",
MPANIVA VOLAMENA,10,mpan,
MIVAROTRA MOFO MENAKA,10,"miv, var, mofo",
MANJONO ANDRANOMAMY,10,"mam, man, rano",
MANAO MOFO CROISSANT,10,"man, mofo",
MPANABE,10,mpan,
MANAMBOATRA SY MIVAROTRA MOFO,10,"man, miv, var, mofo",
MANAMBOATRA BICYCLETTE,10,man,
MPANERA TRANO SY TANY ARY ENTANA,10,"tany, trano, rano, entana, mpan",
COLLECTEUR,10,,
MANARATO TRONDRO ANDRANOMAMY,10,"mam, man, rano",
MPANJONO MADINIKA,10,mpan,
MPIVAROTRA AMIN'NY EPICERIE AMORON-DALANA,10,"mpi, var",
MITARY POUSSY,10,,
MPIANDRY OMBIN'OLONA,10,mpi,
MPAMBOLY LOJY SY VOANJO,10,"mboly, mpam",
MIVAROTRA FIRAVAKA,10,"miv, var",
MANAPAKA HAZO,10,man,
MPAMBOLY CAFE,10,"mboly, mpam",
MAMBOLY VARY LEGUME,10,"mam, var, vary, mboly",
MANAO SY MIVAROTRA MOFO GASY SY KAFE,10,"man, miv, var, mofo",
PRESIDENT FOKONTANY,10,tany,
MANJONO HAZANDRANOMASINA,10,"man, rano",
MPANAO JOURNEE,10,mpan,
MACHINISTE AO @ ZONE,10,,
MANAO ASA AN TRANO,10,"man, trano, rano",
MIVAROTRA MANGA,10,"man, miv, var",
MPIKARAMA ISANANDRO,10,"mpi, karama",
MPAMBOLY VARY SY VOATABIA,10,"var, vary, mboly, mpam",
MANDOKO TRANO,10,"man, trano, rano",
MPANAO PLANCHE,10,mpan,
"Mamboly vary,vanille,café,haricot",10,"mam, var, vary, mboly",
MIVAROTRA VARY MANTA,10,"man, miv, var, vary",
MIVAROTRA FANAFODIM-BYBY,10,"miv, var",
ELEVER DE VOLLAILE,10,,
MANAO SY MIVAROTRA MOFO SY KAFE,10,"man, miv, var, mofo",
MPANETSA VARY,10,"var, vary, mpan",
MPIKARAMA MANETSA VARY,10,"mpi, man, var, vary, karama",
MANASA FIARA,10,man,
FIASANA TANIM-PARAKY,10,,
EPICIER,10,,
PROSTITUTION,10,,
MPAMBOLY TONGOLO SY VARY,10,"var, vary, mboly, mpam",
MPAMBOLY VONEMBA,10,"mboly, mpam",
MIVAROTRA ENTANA MANDINIKA,10,"man, miv, var, entana",
MPAMPIVELONA,10,"mpi, mpam",
MIVAROTRA PIECE DETACHE,10,"miv, var",
GARDIEN @OLO-TSOTRA,10,,
SARIKANTSAHA,10,,
MPIKARAMA SARAKANTSAHA,10,"mpi, karama",
MIVAROTRA KOJAKOJA,10,"miv, var",
MAMPIANATRA PRIMAIRE,10,"mpi, mam",
"NAMBOLY VARY,OVY,MANGAHAZO,KATSAKA",9,"man, var, vary, katsaka, mboly",
MPANDRARY TSIHY SATRANA,9,mpan,
MITANTANA ORINASA KELY MPANAMBOATRA TOAKA GASY,9,mpan,
MIOMPY KISOA SY ANKOHO,9,,
SECRETAIRE COMMUNALE,9,,secretaire
MAMBOLY ANTSOROKO,9,"mam, mboly",
MIVAROTRA KISOA VELONA,9,"miv, var",
"MAMBOLY VARY,HANIKOTRANA",9,"mam, var, vary, mboly",
VARY SY MANGAHAZO,9,"man, var, vary",
SERVEUR,9,,
"MAMBOLY VARY,OVY,KATSAKA",9,"mam, var, vary, katsaka, mboly",
MPANGADY VOLAMENA,9,mpan,
KATEKISTE,9,,
RESPONSABLE LOGISTIQUE,9,,responsable
BAR,9,,
MPIVAROTRA HAZO,9,"mpi, var",
MAMBOLY VARY(MADINIKA),9,"mam, var, vary, mboly",
MANAMBOARA YAOURT,9,man,
MAMBOLY VARY MANGAHAZO VOMANGA HARICOT VERT,9,"mam, man, var, vary, mboly",
MPIVAROTRA APOMBO,9,"mpi, var",
PANAMPY ATRANO,9,"trano, rano",
MIVAROTRA FASIKA,9,"miv, var",
MIVAROTRA FITAOVANA AN-DAKOZIA,9,"miv, var",
MPIVAROTRA SARIBAO,9,"mpi, var",
MPANARATO AMBONY SAMBO,9,mpan,
MPAMPIANATRA SEKOLY PRIVEE SECONDAIRE,9,"mpi, mpam",
MAMBOLY PETITS POIS,9,"mam, mboly",
MIKARAMA MIANDRY OMBY,9,"omby, karama",
MIANTOKA CHARBON,9,,
KARAMAINA MANAO CHARBON,9,"man, karama",
MIKARAKARA BIBY FIOMPI AKOHO,9,"mpi, akoho",
GARDIEN PARC,9,,
MPAMBOLY LOJY SY ATSANJY,9,"mboly, mpam",
PANJAFITRA FANAKA,9,,
DOCKERA,9,,
GARDIEN NY COMMUNE,9,,
MIKARAKARA TRONDRO,9,,
MIVAROTRA TOAKA,9,"miv, var",
MPITARIKA SARETY,9,mpi,
MANAO HANIMASAKA,9,man,
COUPEUR DE SISAL,9,,
GARGOTE,9,,
MPAMPIANATRA AMINY LYCEE,9,"mpi, mpam",
AGENT D'ACCEUIL,9,,agent
MAMBOLY VARY MANGAHAZO,9,"mam, man, var, vary, mboly",
MPIVAROTRA OMBY,9,"mpi, var, omby",
PANASA LAMBA,9,lamba,
MPANAMBOATRA BISIKILETA,9,mpan,
COURSIER,9,,
CONSEILLER COMMUNAL,9,,conseiller
PORTEUR,9,,
MPIASA TSELIKA,9,mpi,
MITRANDRAKA SAPHIR,9,,
MIHADY SAPHIRE,9,,
MAMBOLY VARY SY MANGAZO ARY VOMANGA SY KATSAKA,9,"mam, man, var, vary, katsaka, mboly",
MPIVAROTRA ENTA-MADINIKA,9,"mpi, var",
MANJAITRA CONFECTION,9,man,
MPIVAROTRA  FANAFODY RAVINKAZO SY TAPAKAZO,9,"mpi, var",
LAPIDAIRE,9,,
MANAMPY MAMBOLY SY MIARAKANDRO ARY MATSAKA RANO,9,"mam, man, rano, mboly",
MANAMBOATRA BASSIN,9,man,
MPAMBOATRA SARETY,9,mpam,
MIAVA VOLY MIKARAMA,9,"voly, karama",
MANAMBOATRA TELEPHONE,9,man,
OUVRIER,9,,ouvrier
MPAMPIANATRA @ LYCEE,9,"mpi, mpam",
MPAMBOLY HARICOT VERT,9,"mboly, mpam",
FAMBOLENA LEGUME,9,famb,
MEDECIN,9,,
MPANERA TAXI BROUSSE,9,mpan,
AIDE CHAUFFEUR CAMION,9,,chauffeur
MPAMAFA BIRAO SOSIETE EXPORTATEUR FIBRE DE SISAL,9,mpam,
MANAO GARDIEN,9,man,
MPAMILY BAJAJ,9,mpam,
TRANSITAIRE,9,,
PAMAFA TRANO,9,"trano, rano",
"MAMBOLY VARY, VOANJIBORY, TSARAMASO, KATSAKA",9,"mam, var, vary, katsaka, mboly",
CONSULTANT,9,,
MIAVA VOANJOBORY,9,,
NAMBOLY VOANJO,9,mboly,
MITARIKA POSIPOSY,9,,
FIVAROTANA VOANJO,9,var,
MIVAROTRA VOANJO MANDEHA SY AMORON DALANA,9,"man, miv, var",
MPIVAROTRA MANDEHA,9,"mpi, man, var",
MIVAROTRA VILANY,9,"miv, var",
CHAUFFEUR MECANICIEN,9,,chauffeur
RESPONSABLE ADMINISTRATIF ET FINANCIER,9,,responsable
MANAO DOCKER,9,man,
MPIAMBINA OMBY,9,"mpi, omby",
MPAMBOLY RAVIMBOMANGA,9,"man, mboly, mpam",
MPIASA LALANA,9,mpi,
MPANAO SOBIKA,9,mpan,
MIKARATAKA,9,,
MANOEUVRE MPANAO TRANO,9,"man, trano, rano, mpan",
MAMBOATRA ANTSY BE SY FANGALY,9,mam,
MANAO SY MIVAROTRA LASOPY,9,"man, miv, var",
MIVAROTRA MOFOGASY,9,"miv, var, mofo",
FAMBOLENA JIROFO SY VANILLE,9,famb,
MPIVAROTRA EPICERIE ENTANA MADINIKA,9,"mpi, var, entana",
MAMBOLY KAZAHA,9,"mam, mboly",
MIHAZA SY MIVAROTRA VALALA,9,"miv, var",
MANAMBOATRA SY MIVAROTRA CAFE SY MOFO,9,"man, miv, var, mofo",
MIKARAKARA FAMBOLENA VANILLE,9,famb,
EPICIERIE,9,,
"Mamboly vary,tsaramaso,tongolo",9,"mam, var, vary, mboly",
MAMBOLY ZANAKAZO ARTIMEZIA,9,"mam, mboly",
MPAMBOATRA FIBRE FANAOVANA TADY GASY,9,mpam,
MIKARAMA MIAVA,9,karama,
SARAN-KANTSAHA,9,,
AGENT COMMUNAUTAIRE,9,,agent
MIVAROTRA MANGAHAZO,9,"man, miv, var",
MITRANDRAKA CHROME,8,,
MIHETY VOLO,8,,
MPANAMBOATRA LAMAKA,8,mpan,
"Mamboly vary,voanjo,akondro",8,"mam, var, vary, mboly",
SARAKATSAHA MANAO VARY,8,"man, var, vary",
MANAMBOATRA SY MIVAROTRA MENAKA PALMIER,8,"man, miv, var",
MAMBOLY BOKALA,8,"mam, mboly",
MIKARAMA MANTSAKA RANO,8,"man, rano, karama",
"MAMBOLY VARY,VOANJO",8,"mam, var, vary, mboly",
VOLY TRAKA,8,voly,
NIAVOKETSA,8,,
MIVAROTRA BAR,8,"miv, var",
CHAUFFEUR CAMION MPITONDRA ENTANA,8,"mpi, entana",chauffeur
MANARATO FIA,8,man,
SURVEILLANT,8,,
MANAMPY MAMBOLY LEGUMES,8,"mam, man, mboly",
MPAMBOATRA HUILLE DE RICIN,8,mpam,
MAIRE,8,,
MIOMPY DOKOTRA,8,,
manao travail(mamboly amin'olona),8,"mam, man, mboly",
PRESIDENTS FOKONTANY,8,tany,
MAMBOLY COCOMBRE,8,"mam, mboly",
MPITATITRA ENTANA AMINY SARETY,8,"mpi, entana",
ENTREPRENEUR,8,,
NAMBOLY SAONJO,8,mboly,
FEMME DOMESTIQUE,8,,
FANAOVANA SOLI-BOANIO,8,,
MIOMPY KISOA SY AKOHO,8,akoho,
MPIVAROTRA APPAREIL ELECTRONIQUE,8,"mpi, var",
RECEPTIONISTE,8,,
MANAO GARGOTE,8,man,
MAMPANOFA BAJAJ,8,"mam, mpan",
MANAMPY MAMPANOFA BAJAJ,8,"mam, man, mpan",
MPIAMBINA TRANON'olona,8,"mpi, trano, rano",
MIVAROTRA KILALAO,8,"miv, var",
MANATSOFA HAZO AMIN'NY MASININA,8,man,
AIDE DOKERA,8,,
MIASA TANIN'OLONA,8,,
MPIAMBINA TRANON'OLONA,8,"mpi, trano, rano",
MIHAZA FIA,8,,
NANDRAFITRA TRANO,8,"trano, rano",
MAMPIANATRA CEG,8,"mpi, mam",
MANAMBOATRA TRANO VATO,8,"man, trano, rano",
TAXI BICYCLETTE,8,,
MIVAROTRA TONDRO,8,"miv, var",
MPIAVAROTRA VOAMAINA,8,"mpi, var",
SARAKA TSAHA,8,,
SURVEILLANTE,8,,
MIVAROTRA VOAN-KAZO,8,"miv, var",
MIVAROTRA HOLATRA,8,"miv, var",
MANANGONA VOA NIMO,8,man,
MANAMBOATRA JUS NATUREL,8,man,
MIKARAMA MANAO SARAKA ANTSAHA,8,"man, karama",
MPANJAITRA KILAOTIN-JAZAKELY,8,mpan,
ASA TRANO FIASANA AANTRANO,8,"trano, rano",
DOKERA CAMION PITONDRA ENTANA,8,entana,
PAMPIDITRA HIRA,8,mpi,
MIVAROTRA COCO,8,"miv, var",
MITAIZA,8,,
"MAMBOLY PETSAY,TOMATE,TONGOLO",8,"mam, mboly",
MIARAKANDRO,8,,
"SARANKATSAHA MIASA TANY,MIAVA VARY SNS",8,"var, tany, vary",
MPIVAROTRA JUS,8,"mpi, var",
NANDRAFITRA VARAVARANA,8,var,
MIVAROTRA LASOPY,8,"miv, var",
MPITARIM POSY,8,mpi,
FANJONOANA AN-DRANOMASINA,8,rano,
MIKARAMA MAMBOLY VARY SY MANGAHAZO (KARAMA TAPAKA),8,"mam, man, var, vary, mboly, karama",
MANAMBOATRA CHARRETTE,8,man,
MPAMPIANATRA AMBARATONGA FAHAROA,8,"mpi, mpam",
MAPIANATRA AMIN'NY EPP,8,,
COLLECTEUR VARY,8,"var, vary",
OLO BE,8,,
DELEGUE,8,,
DOCTEUR PRIVE,8,,
MPANAMPY ANTOKATRANO,8,"trano, rano, mpan",
MPANAMPY ANTRANO (La bonne),8,"trano, rano, mpan",
MPAMBOLY VARY SY MPIOMPY OMBY,8,"mpi, var, vary, omby, mboly, mpam",
MPAMBOLY MANGAHAZO SY VOATAVO SY CONCOMBRE,8,"man, mboly, mpam",
"MANDRARY TSIHY,TSAHORY",8,man,
sarakatsaha,8,,
MANAMBOTRA TRANO,8,"man, trano, rano",
MIVAROTRA TSARAMASO MAINA,8,"miv, var",
MANJONO TRONDRO ANDRANOMAMY,8,"mam, man, rano",
MIVAROTRA ANANA SY VOANKAZO,8,"miv, var",
MANAMBOATRA SY MIVAROTRA CHARBON,8,"man, miv, var",
MANAMPY MANAMBOATRA MOTO,8,man,
SOUS OFFICIERS,8,,
MAMBOLY VARY MANGAHAZO...,8,"mam, man, var, vary, mboly",
MPANARATO ANDRANOMAMY,8,"mam, rano, mpan",
MPIKARAMA MANJONO AN-DRANOMASINA,8,"mpi, man, rano, karama",
MANASA LAMBAN OLONA,8,"man, lamba",
MIVAROTRA RONONO SOJA SY MOFO,8,"miv, var, mofo",
MPANETANA ARAM-PAHASALAMANA,8,"man, mpan",
SARAK'ATSAHA,8,,
MPIVAROTRA TAMBAVY,8,"mpi, var",
"NAMBOLY VARY,OVY,KATSAKA,VOMANGA,MANGAHAZO",8,"man, var, vary, katsaka, mboly",
MPIVAROTRA KOJAKOJA MANDEHADEHA,8,"mpi, man, var",
MPAMPIANATRY,8,"mpi, mpam",
MPABOLY LA VANILLE,8,,
MPANJONO HAZAN-DRANOMASINA,8,"rano, mpan",
PANERA FIARA,8,,
MANAMPY TOKANTRANO HAFA,8,"man, trano, rano",
MPIVAROKENA,8,"mpi, var",
MISIVANA VOLAMENA,8,,
BISCUITERIE,8,,
CHAUFFEUR PERSONNEL,8,,chauffeur
MIOMPY OSY,8,,
MANAMPY MIVAROTRA FRIPERIE,8,"man, miv, var",
MITANTITRA ENTANA,8,entana,
"Mamboly vary,vanille,cacao,café,poivre noir",8,"mam, var, vary, mboly",
PERSONNEL ADMINISTRATIF,8,,
PISIVANA VOLAMENA,8,,
MITSIPONA VATOSOA,8,,
MANEFY ANTSY FAMAKY,8,man,
SARAKANKANTSAHA,8,,
MPANERA MADINIKA,8,mpan,
AIDE FAMILIALE,8,,
MPIVAROTRA LEGUMES,8,"mpi, var",
"NAMBOLY VARY,KATSAKA,OVY,VOMANGA,SAONJO",8,"man, var, vary, katsaka, mboly",
CHAUFFEUR AMIN'NY ONG,8,,chauffeur
DEMARCHEUR VARY,8,"var, vary",
MPANAMPY MAMBOLY VARY,8,"mam, var, vary, mboly, mpan",
MANAO HOTELY,8,man,
MPIDRANDRAKA VOLAMENA,8,mpi,
MPAMPIANATRA @ CEG,8,"mpi, mpam",
MPAMBOLY VANILLE SY GIROFLE,8,"mboly, mpam",
MAMBOLY CAROTTE.VARY,8,"mam, var, vary, mboly",
AIDE DE MÉNAGE ET NETTOYEUSE DOMESTIQUE,8,,
MIVAROTRA BROCANTEUR,8,"miv, var",
MPANAPAKA SISAL,8,mpan,
MANAMBOATRA TADY,8,man,
MIKARAMA MIADY VOANJOBORY,8,karama,
MPAMBOLY VOANJOBORY,8,"mboly, mpam",
MPIZARA TICKET HABANTSENA,8,mpi,
ASA KARIERA,8,,
MIVAROTRA VARY SY MANGAHAZO,8,"man, miv, var, vary",
MANDISA VARY,8,"man, var, vary",
MANAMPY NY TOKANTRANO MAMBOLY,8,"mam, man, trano, rano, mboly",
PASTEUR JESOSY MAMONJY,8,mam,
MAMBOLY KATRAKA,8,"mam, mboly",
MPAKA MPIANATRA,8,mpi,
MIVAROTRA MENAKA COCO,8,"miv, var",
MAMBOLY VARY SY LA VANILLE,8,"mam, var, vary, mboly",
MIOTY JIROFO,8,,
"NAMBOLY VARY,OVY,PARAKY,KATSAKA,MANGAHAZO,SAONJO",8,"man, var, vary, katsaka, mboly",
MPIVAROTRA TRONDRO MAINA,8,"mpi, var",
ASA-trano,8,"trano, rano",
MANATSOFA HAZO,8,man,
AIDE CHAUFFEUR CANNOTTE,8,,chauffeur
MPIVAROTRA KATSAKA,8,"mpi, var, katsaka",
MPANAO ASAN-TANANA VITA AMIN'NY ROFIA,8,mpan,
MPAMILY FIARAKODIA,8,mpam,
MAKA RANO OLONA,8,rano,
BOULANGER,8,,
TRANSPORT BICYCLETTE,8,,
MAMPIANTRA,8,"mpi, mam",
MIASA TANIMBARY,8,,
MIVAROTRA KIRARO FRIPERIE,8,"miv, var",
CONDUCTEUR D'ELEVATEUR DE CONTENEUR,8,,
FAMBOLENA£,8,famb,
MAPIANATRA,8,,
"NAMBOLY VARY,KATSAKA,OVY,VOMANGA,POMA",8,"man, var, vary, katsaka, mboly",
CHAUFEUR CAMION,8,,
MANAO SARIBAO,8,man,
MAPIANATRA FRANCAIS,8,,
MPAMPIDITRA HIRA SY FILM,8,"mpi, mpam",
"MAMBOLY VARY,KATSAKA,SOJA,VOMANGA,MANGAHAZO",8,"mam, man, var, vary, katsaka, mboly",
MIVAROTRA MOFO SY JUS,8,"miv, var, mofo",
MATELOT,8,,
VOLY VARY,7,"var, vary, voly",
MPIKARAKARA TOKANTRANO,7,"mpi, trano, rano",
MAPANAO COURS DE FRANçAIS AO ATRANO,7,"trano, rano",
TALE NY EPP,7,,
MAMPIANATRA @ CEG,7,"mpi, mam",
MIVAROTRA LEGUME MIPETRAKA ANY AMINY BAZARY BE,7,"miv, var",
MIVAROTRA LEGUME MIPETRAKA AO AMINY BAZARY BE,7,"miv, var",
MPIVAROTRA FIA,7,"mpi, var",
MPANERA ENTANA,7,"entana, mpan",
RESPONSABLE COMMERCIAL,7,,responsable
SUPERVISEUR,7,,
MPIOMPY DOKITRA,7,mpi,
MIVAROTRA PATY MASAKA SY JUIS CITRON,7,"miv, var",
MPIVAROTRA MOFO GASY,7,"mpi, var, mofo",
VANILLE,7,,
MPAMBOLY KATY,7,"mboly, mpam",
MANARY FAKO,7,man,
MITSABO NETIMPAHARAZANA,7,,
MANAMBOATRA TELE SY RADIO SIMBA,7,man,
MIVAROTRA BIDON JAUNE,7,"miv, var",
LA BONE,7,,
GARDIEN DE NUIT,7,,
MPAMBOLYµ,7,"mboly, mpam",
MPAMAFA BUREAU AO @ BFV,7,mpam,
MPANAMPY FIANAKAVIANA MIOMPY OMBY,7,"omby, mpan",
MIVAROTRA SY MANAO LASOPY,7,"man, miv, var",
MITRANDRAKA RUBIS,7,,
MITANGO TSARAMASO,7,,
MPAMBOLY VOAMAINA,7,"mboly, mpam",
INSTITUTEUR DE L'ENSEIGNEMENT PRIMAIRE,7,,
CYBER,7,,
CHAUFFEUR TRACTEUR,7,,chauffeur
MIVAROTRA HEN OMBY,7,"miv, var, omby",
PAMPIANATRA NY EPP,7,mpi,
MANAMPY MAMBOLY TSARAMASO,7,"mam, man, mboly",
MAMBOLY TSARAMASO KATSAKA CORGETTE,7,"mam, katsaka, mboly",
MAMBOLY HANANA,7,"mam, mboly",
DOMESTIQUE SALARIE,7,,
MIANTOKA OMBY,7,omby,
FAMME DE MENAGE,7,,
MPANAMBOATRA MOTO,7,mpan,
MAMBOLY VARY MANAMPY FIANAKAVIANA,7,"mam, man, var, vary, mboly",
MAKA VILONA,7,,
MIKAPA HAZO,7,,
MITAONA ENTANA,7,entana,
MPAMPIANATRA @ PRIVEE,7,"mpi, mpam",
PDG ASCE,7,,
MANAMPY NY RAY AMANDRENNINY MITAIZA NY ZANDRINY RE,7,man,
MANAO SARAKATSAHA MANGOMBOTRA DIMBARY,7,man,
MANOEUVRE AGRICO,7,man,
DODOM,7,,
MANAMPY,7,man,
MPAMBOLY VOANJO SY VARY,7,"var, vary, mboly, mpam",
OPERATRICE DE SAISIE,7,,
MITARIKA POUSSE-POUSSE,7,,
CAPITONNEUR,7,,
PECHEUR MARITIME,7,,
MPIAMBINA TANANA,7,mpi,
MPIVAROTRA EN MAGASIN (grossiste PPN),7,"mpi, var",
SERVEILLANT MANGASIN ET MANGASINIER DE TABAC,7,man,
3EME ADJOINT MAIRE,7,,
PIOMPY KISOA SY AKOHO,7,akoho,
PANDRAFITRA,7,,
MPAMPIANATRA KILASY DE 4 EME,7,"mpi, mpam",
CAPORALE(CHEF DES MANOEUVRES AGRI,7,man,chef
MANAMPY MANAO RARAHA AO ANTRANO,7,"man, trano, rano",
MIANDRY KIDAN'OLONA,7,,
EPICIERE,7,,
MANAO TAXI BISKILETA,7,man,
MPITONDRA BISIKILETA,7,mpi,
MAMBOATRA MOFO,7,"mam, mofo",
PATISSIER,7,,
MAMBOLY LAVANILA,7,"mam, mboly",
MAMMBOLY VARY,7,"mam, var, vary, mboly",
MPAMPIANATRA FRAM @ EPP,7,"mpi, mpam",
MIANTOKA TRONDRO,7,,
MIVAROTRA CREDIT,7,"miv, var",
DEMARCHEUR AKOHO,7,akoho,
MIHADY VOVO,7,,
MAMBOLY SAONJO,7,"mam, mboly",
MITONDRA POUSSY,7,,
AGENT COMPTABLE,7,,"agent, comptable"
MPAMPIANATRA @ AMBARATONGA FAHAROA @ PRIVEE,7,"mpi, mpam",
SARAKANTSAHA AMINY TOKATRANO MARO2,7,"trano, rano",
FAMBOLENA ANANA,7,famb,
M1VAROTRA TRONDRO,7,var,
MIVAROTRA JUS CITRON,7,"miv, var",
MENERA VATO BERIL,7,,
MANAMBOATRA SY MIVAROTRA SAKAFO MASAKA,7,"man, miv, var",
NIASA TANY,7,tany,
AGENT COMMERCILE,7,,agent
C0NSULTANT,7,,
MAJAITRA LAMBA,7,lamba,
MANAMBOTRA TELEPHONE,7,man,
MAMBOLY TSAKO SY BALAHAZO,7,"mam, mboly",
MITADY VOAMADILO,7,,
ELECTRONICIEN,7,,
SECRETAIRE DE DIRECTION,7,,secretaire
MIVAROTRA CATLESY,7,"miv, var",
MAMPIANATRA AMINY EPP,7,"mpi, mam",
MPANAO FANAKA,7,mpan,
MIVAROTRA EPI-BAR,7,"miv, var",
MIVAROTRA VARY SY KATSAKA,7,"miv, var, vary, katsaka",
MPIAMBINA SEKOLY,7,mpi,
MPANEFY,7,mpan,
MANAMBOATRA MOFO,7,"man, mofo",
MICHARGE TELEPHONE,7,,charge
MANAO ASA ANTRANO,7,"man, trano, rano",
MIVAROTRA FANAFODY,7,"miv, var",
MANAO MOBILE MONEY,7,man,
MIVAROTRA VOAKAZO,7,"miv, var",
SARAKA ANTRSAHA,7,,
MPIVAROTRA FRIPPE,7,"mpi, var",
COLECTEUR,7,,
MIVAROTRA HENAN'OSY,7,"miv, var",
MAMBOLY VARY SY VANILLE,7,"mam, var, vary, mboly",
"MAMBOLY VARY,ARACHIDE",7,"mam, var, vary, mboly",
GARGIEN UNIVERSITE,7,,
SERVICE PERSONNEL,7,,
AVOCAT,7,,
MANAO SALLE DE JEUX,7,man,
MIVAROTRA BETSA,7,"miv, var",
MAMBOLY CITRON,7,"mam, mboly",
MITRANDRAKA VOLKAMENA,7,,
MIVAROTRA TSAKITSAKY,7,"miv, var",
MPIVAROTRA KATSAKA SY KABARO MAINA,7,"mpi, var, katsaka",
MPANAMBOATRA ANTSY,7,mpan,
SECRETAIRE AMINY FOKOTANY TSARAMANDROSO,7,"man, tany",secretaire
AGENT OPERATEUR,7,,agent
MPANENDY PARAKY,7,mpan,
MPIVAROTRA AMIN NY EPICERIE,7,"mpi, var",
INFIRMIER GENERALISTE,7,,
RECEVEUR TAXI BE,7,,
AGENT SECURITE,7,,agent
MIVAROTRA MOKARY,7,"miv, var",
MPANAMPY AO TRANO,7,"trano, rano, mpan",
MIAMBINA TRANO,7,"trano, rano",
VAROTRA HANIMASAKA,7,var,
MIVAROTRA HANI-MASAKA,7,"miv, var",
MACHINISTE AMIN NY ZONE FRANCHE,7,,
MPIVAROTRA ENTA MADINIKA,7,"mpi, var",
MANTSAKA RANO,7,"man, rano",
NIKAPA YLANG YLANG,7,,
MPANJONO ANDRANOMAMY,7,"mam, rano, mpan",
MANDAVAKA CANAL AM ANGADY,7,man,
MAMAKY HAZO,7,mam,
MIVAROTRA LEGUIME,7,"miv, var",
MIBATA SY MITATITRA ENTANA,7,entana,
NANASA LAMBA,7,lamba,
CONDUCTEUR ENGIN AO AMIN'NY SEMS,7,,
MANOEUVRE DU BATIMENT,7,man,
MPANAMPY MPITRANDRAKA VOLAMENA,7,"mpi, mpan",
MPANAO SARAKA AN TSAHA,7,mpan,
MIKARAKARA FIOMPIANA,7,mpi,
MPISIVANA SAPHIRA,7,mpi,
ADJOINT PRESIDENT FOKONTANY,7,tany,
MPAMPIANATRA INFORMATIQUE,7,"mpi, mpam",
MPIVAROTRA LEGUME MANDEHANDEHA,7,"mpi, man, var",
MPAMPIANATRA ENY @ EPP,7,"mpi, mpam",
MIANNDRY OMBY,7,omby,
MAMPIANATRA ANY AMIN NY ECOLE PRIVE,7,"mpi, mam",
MANOFA HAZO,7,man,
MPIVAROTRA QUINQELLERIE,7,"mpi, var",
MIVAROTRA GARGOTTE,7,"miv, var",
MANAO MACON,7,man,
MIANDRY OMBY SY MAMBOLY,7,"mam, omby, mboly",
MAHAKA SY MIVAROTRA BOZAKA,7,"miv, var",
AGENT MICRO FINANCE,7,,agent
MPAMBOLY SY MANAO SARAKATSAHA,7,"man, mboly, mpam",
MANAO TRIAGE CACAO,7,man,
MAMPIANATRA AMN EPP,7,"mpi, mam",
MAMPIANATRA AMIN NY EPP,7,"mpi, mam",
MIVAROTRA TONGOLO,7,"miv, var",
MPAMPIANATRA AMIN'NY PRIVEE,7,"mpi, mpam",
MPITONDRA CYCLOPOUSSE,7,mpi,
MPITRANDRAKA,7,mpi,
MPANERA OMBY,7,"omby, mpan",
MPIANDRY OSY,7,mpi,
MANUNTATIONNAIRES(MPIASA RAIKITRA),7,"mpi, man",
MIVAROTRA FARY,7,"miv, var",
MIVAROTRA ZAVAPISOTRO,7,"miv, var",
MPITAONA VATO,7,mpi,
MANOEUVRE  AGRICOLE,7,man,
MPIVAROTRA TOTOKENA,7,"mpi, var",
MPIVAROTRA RAVIKAZAHA,7,"mpi, var",
MPAMBOLY ANANDRANO,7,"rano, mboly, mpam",
MAMOVO,7,mam,
MIVAROTRA LASOPY SY COMPOSE,7,"miv, var",
TELEOPERATRICE,7,,
MPITENDRY BATERA NY ARTISTE,7,mpi,
VENTE EN LIGNE,7,,
MPIVAROTRA LASOPY SY COMPOSE,7,"mpi, var",
PLATON,7,,
MPAMPIANATARA @ T2,7,"mpi, mpam",
DEVELOPPEUR INFORMATIQUE,7,,
MPAMBOLY VARY SY LEGUME,7,"var, vary, mboly, mpam",
MAMBOLY VOANEMBA,7,"mam, mboly",
MIKARAMA MANOTO FARY,7,"man, karama",
MANOTO FARY,7,man,
INSTITUTEURS DE L'ENSEIGNEMENT SECONDAIRE,7,,
INSTITUTEURS DE L'ENSEIGNEMENT PREPRIMAIRE,7,,
KIBAROA(MANAO INSTALLATION JIRO),7,man,
MANJAITRA SY MIVAROTRA ZAITRA,7,"man, miv, var",
C0MPTABILITE,6,,
MIVAROTRA PETROLE,6,"miv, var",
MIVAROTENA,6,"miv, var",
MPAMBOLY IHANY KOA FA MANAMPY NY VADINY,6,"man, mboly, mpam",
MPIANDRY TANANA,6,mpi,
MANDRAFITRA VARAVARANA,6,"man, var",
MANAO SARAKA ATSAHA,6,man,
MPANAMPY FIANAKAVIANA @ FAMBOLENA VARY SY KATSAKA,6,"var, famb, vary, katsaka, mpan",
MPANAMPY @ FAMBOLENA VARY,6,"var, famb, vary, mpan",
MIAMBINA VOKATRA,6,,
MPITARIKA POUSSE-POUSSE,6,mpi,
MANUTENTIONNAIRE,6,man,
MAMPIANATRA AMIN'ny EPP,6,"mpi, mam",
"NAMBOLY VARY,OVY,KAROTY,TSARAMASO,VOMANGA",6,"man, var, vary, mboly",
MPIASA MASINANA FITOTOAM-BARY,6,mpi,
Mpihaza produits de Mer,6,mpi,
MIBARA AKATA,6,,
MPANAO CREPE,6,mpan,
MIKARAKARA TANY LA VANILLE,6,tany,
SECRETAIRE PERSONNELLE,6,,secretaire
MANAMBOATRA SAMBOSY,6,man,
DEMARCHEUR AMIN'NY FITATERANA VATO SY BIRIKY SY FA,6,,
MANAO FANAKA VITA @ HAZO,6,man,
MPANARATO AO AMIN'NY PECHE EXPORT,6,mpan,
MANJONONA ANATY RANOMASINA,6,"man, rano",
MIVAROTRA AMORONDALANA,6,"miv, var",
MAç0N,6,,
MPAMBOATRA TRANO,6,"trano, rano, mpam",
MAMBOLY LOJO,6,"mam, mboly",
MIVAROTRA CD,6,"miv, var",
ANNIMATEUR,6,,
ENSEIGNANTE,6,,
Manao sarakantsaha(miava baibo),6,man,
MANAO SARAKANTSAHY,6,man,
MIOMPY AKOHO AMAM-BORONA,6,"mam, akoho",
NIASA MANGAHAZO,6,man,
MIKARAKARA HARICOT VERT,6,,
SECURITER,6,,
CARRELAGE,6,,
MANJONO HAZAN-DRANOMASINA,6,"man, rano",
CHAUFFEUR NA CAMION @ ORINASA,6,,chauffeur
MANAMBOATRA RHUM ARANGE,6,man,
"NAMBOLY VARY,KATSAKA,VOMANGA,MANGAHAZO,SAONJO",6,"man, var, vary, katsaka, mboly",
"NAMBOLY VARY,KATSAKAnVOMANGA,MANGAHAZO,SAONJO",6,"man, var, vary, katsaka, mboly",
MITARIKA CYCLOPOUSSE,6,,
MPAMBOLY VARY/VOANJO/TSARAMASO/MANGAHAZO,6,"man, var, vary, mboly, mpam",
MAMPIHADY SAPHIRE,6,"mpi, mam",
MANIVANA VATO,6,man,
MIHADY VATOSOA,6,,
DEMARCEUR VIANDE DE BOEUF,6,,
JARDINNIER,6,,
SECRETAIRE COMMUNE,6,,secretaire
VOLY LA VANILLE,6,voly,
MAMBOLY SY MIVAROTRA KATTY,6,"mam, miv, var, mboly",
MPANDRARY HARONA SY TSIHY,6,mpan,
MPANAO SY MPIVAROTRA MOFO SY DITE,6,"mpi, var, mofo, mpan",
PANJAITRA LAMBA,6,lamba,
GARDIEN CEG,6,,
BISNESS SAPHIR,6,,
COMMERCIALE,6,,
MPIVAROTRA EPI-BAR,6,"mpi, var",
MANAO MOFOGASY,6,"man, mofo",
FIVAROTANA TONGOLO,6,var,
SERVEUSE GARGOTTE,6,,
"MAMBOLY VARY,VOANJO,KATSAKA",6,"mam, var, vary, katsaka, mboly",
"MAMBOLY VARY,VOANJO ,KATSAKA",6,"mam, var, vary, katsaka, mboly",
SARAN KATSAHA,6,,
MAMBOLY VOATANGO,6,"mam, mboly",
MAMPIANATRA µ,6,"mpi, mam",
FAMBOLENA VARY SY MANGAHAZO,6,"man, var, famb, vary",
REGISSEUR,6,,
MPANAMPY FIANAKAVIANA MAMBOLY VARY SY ANANA,6,"mam, var, vary, mboly, mpan",
VETERINAIRE,6,,
MPANEFY VI,6,mpan,
MPANERA HUILE ESSENTIEL DE JIROFLE,6,mpan,
MANAO SARAKATRAHA,6,man,
GUIDE,6,,
MANAPAKY HAZO,6,man,
MIVAROTRA TAOVANKENA,6,"miv, var",
MPIVARTRA VATOSOA,6,"mpi, var",
Mivarotra PPN sy LAMBAHOANY,6,"miv, var, lamba",
CHAUFEUR CAMION BELO-ANTSIRARAKY,6,,
TRANSPORTEUR,6,,
MIKARAMA MANANGONA PRODUITS LOCAUX,6,"man, karama",
MPITATITRA ANDRANOMAMY,6,"mpi, mam, rano",
CHAUFEUER,6,,
TRIAGE LA VANILLE,6,,
MPAJONO ANDRANOMASINA,6,rano,
"MPAMBOLY VARY,KATSAKA,MANGAHAZO,VOANJO",6,"man, var, vary, katsaka, mboly, mpam",
FEMME DEMENAGE,6,,
MIVAROTRA VARY SY VAOMAINA,6,"miv, var, vary",
IRAKIRAKA MIBATA ENTANA,6,entana,
MIASA ANTRANO AMIN OLONA,6,"trano, rano",
MITOTO VARY AMINY MACHINE,6,"var, vary",
PANDRAFITRA FANAKA,6,,
MPAMBOLY ZANAKAZO,6,"mboly, mpam",
MPISA ATRANO,6,"mpi, trano, rano",
MIVAROTRA VARY MASAKA,6,"miv, var, vary",
"NAMBOLY VARY,OVY,MANGAHAZO,PARAKY,MANGAHAZO,KATSAK",6,"man, var, vary, mboly",
MANAMBOATRA KOFAFA,6,man,
DODOME,6,,
PRESIDENT N FOKOTANY,6,tany,
MPIVAROTRA VOAMAIGNA,6,"mpi, var",
MIVAROTRA ATODY SY VORONA,6,"miv, var",
ENVIRONNEMENTALISTE,6,,
mpamboly,6,"mboly, mpam",
CONDUCTEUR D'ELEVATEUR POUR CONTENEUR,6,,
MIADY VATO,6,,
MARKETING PUBLICITAIRE,6,,
MPIVAROTRA FRUIT DE MER MAINA,6,"mpi, var",
MIVAROTRA PRODUIT COSMETIQUE,6,"miv, var",
"MAMBOLY VARY,OVY,VOMANGA",6,"mam, man, var, vary, mboly",
"NAMBOLY VARY,OVY,VOMANGA",6,"man, var, vary, mboly",
"MAMBOLY VARY,VOMANGA,KATSAKA",6,"mam, man, var, vary, katsaka, mboly",
MANAO MANOEUVRE,6,man,
SERVEUSE @ GARGOTTE,6,,
MIKAPOBATO,6,,
MITARIKA SARETY TANANA,6,,
MAKA RANON'OLONA,6,rano,
MANAO RARY,6,man,
MANDRAFITRA HAZO,6,man,
MAMPIANATRA @ AMBARATONGA FOTOTRA,6,"mpi, mam",
"MAMBOLY VARY,FARY",6,"mam, var, vary, mboly",
FANARATOANA FIAN -DRANOMASINA,6,rano,
MPANOFY VOAMADILO,6,mpan,
MPANERA KISOA,6,mpan,
MPITRANDRKA VOLAMENA,6,mpi,
DIRECTEUR,6,,directeur
MAMBOLY CAFE,6,"mam, mboly",
SARAKANTSAHA NANETSA VARY,6,"var, vary",
SARAKANTSAHA NIASA TANIM BARY,6,,
MANAMBOATRA VOVO FAMANDRIANA TRONDRO,6,man,
MPANAO ASA TSELIKA,6,mpan,
FAMBOLENA MADINIKA (ovy),6,famb,
fambolena madinika (ovy),6,famb,
MPIVAROTRA TARETRA,6,"mpi, var",
MPITAONA ENTANA,6,"mpi, entana",
KARIERA,6,,
NANAPA-BARY,6,,
"MAMBOLY VARY, KATSAKA",6,"mam, var, vary, katsaka, mboly",
MPIVAROTRA SAKAFO MANTA,6,"mpi, man, var",
PATISSIERE,6,,
MIKARAMA MANAMPY AN'IZY MIVADY AMIN'NY FIVAROTANA,6,"man, miv, var, karama",
MPIASA BIRAO AO @ CISCO BESALAMPY,6,mpi,
MANADIO,6,man,
MAMPIANATRA COURS,6,"mpi, mam",
MPANEFY ANGADY,6,mpan,
MAMBOLY YLANG YLANG,6,"mam, mboly",
MANOEUVRE FANAMBOARANA TRANO,6,"man, trano, rano",
MPAMILY CAMION,6,mpam,
MANAMBOTRA TRANO maçon,6,"man, trano, rano",maçon
"MAMBOLY TSAKO,BELE,BALAHAZO",6,"mam, mboly",
MAMBOLY POIVRE,6,"mam, mboly",
ANIMATRICE @CROIX ROUGE,6,,
MPIVAROTRA VY BROKATERA,6,"mpi, var",
MITRANDRAKA VATOSOA,6,,
MIVAROTRA VOTABIA,6,"miv, var",
MAKA FOZA ORANA TRONDRO PIRINA,6,,
MIVAROTRA RANONA CAFE,6,"miv, var, rano",
MPANAO TRILLAGE FIBRE DE SISAL,6,mpan,
MIVAROTRA HANIMASAKA SY LEGUME,6,"miv, var",
CHAUFFEUR CITERNE,6,,chauffeur
VAROTRA HANIMASAKA SY LEGUME,6,var,
MPIASA TANY,6,"mpi, tany",
MANJAITRA ANKAJO,6,man,
MPANAPY ATOKATRANO,6,"trano, rano, mpan",
MANAO SARAKA AN-TSAHA,6,man,
MIKARAMA MIVARO-KENA,6,"miv, var, karama",
MIVAROTRA PASTEQUE,6,"miv, var",
MIVAROTRA ZAVA PISOTRO,6,"miv, var",
RARY,6,,
MPANERA VY,6,mpan,
MANEFY FATAPERA,6,man,
CAHUFFEUR TAXI BROUSSE,6,,
MPIVAROTRA FANAKA,6,"mpi, var",
MPANAO VOLAMENA,6,mpan,
SEFO FOKONTANY,6,tany,
MPIVAROTRA SAKAFO MASAKA @ GARGOTTE,6,"mpi, var",
MPANAO YAOURT,6,mpan,
MANDIO SIRA,6,man,
MANADIO SIRA,6,man,
MIVARITRA LETCHIS,6,"miv, var",
SURVELLANT GENERALE,6,,
MITSIMPONA LOJY ANY AMIN NY ENTREPRISE,6,,
MPAPIANATRA LYCEE TECHNIQUE,6,,
MIVAROTRA ZANANKAZO,6,"miv, var",
MANAMBOATRA PARPAINS,6,man,
MITSIMPONA RAVINA GIROFLE,6,,
MITONDRA SARETY,6,,
MPAMAKY VATOKELY,6,mpam,
DOMESTIQUES,6,,
MARKETING,6,,
MPANAPY,6,mpan,
MANAO SARAKANTSA,6,man,
MIANDRY FONJA,6,,
MANAMPY AMIN'NY FANAOVANA SARAKA ANTSAHA,6,man,
MANAMPY MANAO SARAKA ANTSAHA,6,man,
GARDIEN TRANOMBAROTRA,6,"trano, rano",
FAMBOLENA SY FIVAROTANA LA VANILLE,6,"var, famb",
ASA ABDRO,6,,
MPIVAROTRA RAVINDRAKETA,6,"mpi, var",
MIVAROTRA RAVINDRAKETA,6,"miv, var",
PRODUCTION PEPINIERE JIROFO,6,,
MANAMPY NY VADINY MIVAROTRA VOAMAINA,6,"man, miv, var",
PÖLISY,6,,
EXPLOITANT ET VENDEUR D'OR,6,,vendeur
MPAMBOLY VOATABIA,6,"mboly, mpam",
MACON MIASA AMIN OLONTSOTRA,6,,
MANOEUVRE MAMANPY NY DADANY,6,"mam, man",
"MAMBOLY VARY,CITRON",6,"mam, var, vary, mboly",
MPIHAZA,6,mpi,
MANOEUVRE DE CHANTIER,6,man,
MAMATOTRA ENTANA,6,"mam, entana",
MITARIKA POUSSY,6,,
MIVAROTRA ANANA ANY ATSENA,6,"miv, var",
MIVAROTRA ANANA ANY ANTSENA,6,"miv, var",
MANAMBOATRA TRANO maçon,6,"man, trano, rano",maçon
MPIVAROTRA DIVAY SY TOAKA,6,"mpi, var",
MANAMPY FIANAKAVIANA AMIN FAMBOLENA,6,"man, famb",
MANATITRA ZAZA ANY ANTSEKOLY AMINNY BICYCLETTE,6,man,
MPAMBOLY SY MPIOMPY MADINIKA,6,"mpi, mboly, mpam",
MIVAROTRA MOFO GASY SY DITé,6,"miv, var, mofo",
MPAMBOTRA TRANO,6,"trano, rano, mpam",
MIKARAMA MANAO CANAL NY VARY,6,"man, var, vary, karama",
MIADY CANAL,6,,
FIVAROTANA BROCANTEUR,6,var,
ZAITRA,6,,
MARIN,6,,
MAMBOATRA SY MIVAROTRA CHARBON,6,"mam, miv, var",
MILITAIRE,6,,
MPANAMBOATRA BISCUIT GASY,6,mpan,
MIVAROTRA FILAO,6,"miv, var",
MANAMBOATRA BISCUIT GASY,6,man,
MAMBOLY SAKAY,6,"mam, mboly",
MAMBOLY LEGUME SY VARY,6,"mam, var, vary, mboly",
MAKA SARY,6,,
PROSTITUE,6,,
PROSTITUER,6,,
MIVAROTRA PRODUITS COSMETIQUES,6,"miv, var",
CHEF FOKOTANY,6,tany,chef
MIOMPY POULET DE CHAIR SY AKOHO GASY,6,akoho,
MPIVAROTRA ENTA MADINIKA AMIN NY EPICERIE,6,"mpi, var",
MIARAMILA (MONITEUR PARACHUTISTE),6,,
AUDITEUR,6,,
MANAO CAFE SY MOFO ARY LASOPY SY COMPOSE,6,"man, mofo",
MPANAMBOATRA TRANO maçon,6,"trano, rano, mpan",maçon
GREFFIER,6,,
MIAMBINA LAKORO,6,,
MIKARAMA MANAO VATO ENY @CARRIERE,6,"man, karama",
MIASA VATO @ CARRIERE,6,,
MATSAKAN OLONA,6,,
MANAO BRICOLAGE,6,man,
KIBARO,6,,
MPANAO CONFECTION,6,mpan,
REPARATEUR ELECTRONIQUE,6,,
VAROTRA PPN,6,var,
MANAMPY MANASA LAMBA,6,"man, lamba",
DOCEURE,6,,
CHAFFEUR,6,,
MPAMBOLY VOAMANGA,6,"man, mboly, mpam",
MAMBOLY VARY MANGAHAZO LEGUMES,6,"mam, man, var, vary, mboly",
INGENIEUR INFORMATIQUE,6,,
AGENCE DE CONSEIL DE LA SANTE,6,,
MPANJAHITRA,6,mpan,
MIVAROTRA VOMANGA SY MANGAHAZO ARY TSARAMASO,6,"man, miv, var",
MANAMBOATRA SY MIVAROTRA TOKA,6,"man, miv, var",
MIVAROTRA BOISSON,6,"miv, var",
RECEVEUR BUS,6,,
MANAO TOAKA,6,man,
MPAMPIANANTRA,6,"mpi, mpam",
MANEUVRE MACON,6,man,
MANAMBOTRA FROMAGE,6,man,
MIANDRY CACAO,6,,
GARDIEN (COLLEGE PRIVE),6,,
MANAO MANOEUVRE (RESAKA TRANO),6,"man, trano, rano",
MPANDRAFITSE,6,mpan,
NAMBOTRA CHARBON,6,,
Mpamboly vary,6,"var, vary, mboly, mpam",
MANAMBOTRA FIARA,6,man,
MPAMIANATR ENY @EPP AMBALAHONKO,6,mpam,
MITATITRA ENTANA @ SARETY,6,entana,
MPANERA @ PARQUAGE,6,mpan,
MANAMPY MAMBOLY VARY MADINIKA,6,"mam, man, var, vary, mboly",
MIVAROTRA PRODUIT DE MER,6,"miv, var",
MIARAK'ANDRO,6,,
MIKARAMA MIVAROTRA LAMBA,6,"miv, var, lamba, karama",
saraka antsaha,6,,
AGENT PENITENCIER,6,,agent
MPIVAROTRA AKORA AMPIASAINA @ FAMBOLENA,6,"mpi, var, famb",
MAMBOLY JIROFO,6,"mam, mboly",
MIVAROTRA ANAMAMY,6,"mam, miv, var",
MISANGOTRA JIROFO,6,,
MAMPIANATRA EPP,6,"mpi, mam",
MIAMBINA OMBY,6,omby,
"MAMBOLY VARY,MANGAHAZO",6,"mam, man, var, vary, mboly",
LIVREUER,6,,
MPIVAROTRA VOAKAZO,6,"mpi, var",
MASSEUSE,6,,
MANAO SY MIVAROTRA YAOURT,6,"man, miv, var",
MPIVAROTRA TOAKA MANDENDEHA,6,"mpi, man, var",
MPIVAROTRA KOJAKOJA,6,"mpi, var",
MIVAROTRA NEM,6,"miv, var",
MIKARAKARA KARAMA NY MPIASA,6,"mpi, karama",
MPANDRAFYTRA FANAKA,6,mpan,
MIVAROTRA ROFIAGNE,6,"miv, var",
MAMAROTRY TOAKY,6,mam,
MACONNERIE,6,,
MIAVAROTRA CHARBON,6,var,
MIV1ROTRA CHARBON,6,miv,
MPIANTOKA CHARBON,6,mpi,
SUIVI DES DOSSIER ENVOYER PAR COURRIER ET FACTEUR,6,,
MIVAROTRA MOFO SY KAFE,6,"miv, var, mofo",
MPIVAROTRA TRONDRO LENA,6,"mpi, var",
MIVAROTRA VONIKAZO,6,"miv, var",
MPAMPIANATRA AMINY ECOLE PRIMAIRE,6,"mpi, mpam",
DIRECTEUR D ECOLE PRIMAIRE PUBLIC,6,,directeur
"Mivarotra trondro maina,patsa,makamba,voamaina",6,"miv, var",
MAMAO SARAKA ANTSAHA,6,mam,
AGENT PORTEFEUILLE,6,,agent
MANARATO ANDRANOMASINA,6,"man, rano",
MANDRARY LAFIKA,6,man,
ASSISTANT ADMINISTRATIF,6,,assistant
VOLY LAISO,6,voly,
MANAO CROCHET,6,man,
CROCHET,6,,
MIVAROTRA SY MANDRARY TSIHY,6,"man, miv, var",
PIVAROTRA ANANA,6,var,
MIARALILA SOUS OFFICIERS,6,,
CHAUFFEUR TAX BROUSSE,6,,chauffeur
CAICIER,6,,
ADJOINT ADMINISTRATIF,6,,
MPAMPIANATRA PRIMAIRE PUBLIC,6,"mpi, mpam",
MAçons,6,,maçon
"NAMBOLY VARY,VOMANGA,KATSAKA,TSARAMASO,POMA,OVY",6,"man, var, vary, katsaka, mboly",
"NANMBOLY VARY,OVY,KATSAKA,POMA,TSARAMASO,VOMANGA",6,"man, var, vary, katsaka, mboly",
MANJAITRA HARONA,6,man,
MANAO TADY,6,man,
MAMBOATRA TADY,6,mam,
MPAMBOLY LOJY SY VARY,6,"var, vary, mboly, mpam",
MANOEUVRFE,6,man,
MPAMPIANATRA FRANCAIS,6,"mpi, mpam",
MIASA MANGAHAZO,6,man,
MITATITRA ENTANA AMIN'NY SARETY,6,entana,
MPITONDRA FIANGONANA,6,mpi,
SURVEILLANT DE CEG  (ECOLE),6,,
MPOMPISTE,6,mpi,
MPAMBOLY VOMANGA MANGAHAZO,6,"man, mboly, mpam",
MIVARO-DAMBA,6,"miv, var",
MPAMBOLY MADINIKA ( VARY),6,"var, vary, mboly, mpam",
FIASANA TANY FAMBOLENA,6,"famb, tany",
MANAMBOATRA BICYCLETE,6,man,
MPANAMBOATRA ANGADY,6,mpan,
MPAMBOLY VARY ANKORAKA SY ANTANETY,6,"var, vary, mboly, mpam",
MPANAMPY FIANAKAVIANA @ FIVAROTANA TRONDRO,6,"var, mpan",
MIVAROTRA AKOHO AMAMBORONA,6,"mam, miv, var, akoho",
MIVAROTRA VOANKAZO SY FIA SALY,6,"miv, var",
MPANARATO ANDRANOMASINA,6,"rano, mpan",
MIPIKO JIROFO,6,,
MPIVAROTRA MOFO GASY SY MOFO SIRA,6,"mpi, var, mofo",
CONSEILLER,6,,conseiller
ELECTRICIEN MIASA TENA,6,,electricien
MPIVAROTRA ZAVAM-PISOTRO,6,"mpi, var",
EMPLOYE DE BUREAU (ORGANISATEUR DES VOYAGES),6,,
DOCKEUR,6,,
MPIOMPY BITRO,6,mpi,
MIKARAMA MATSAKA RANO,6,"rano, karama",
FAMBOLENA PETSAY,6,famb,
MANADIO THON,6,man,
MANERA AMIN'NY TAXI BROUSSE,6,man,
MAKA BARARATA,6,,
MAKA SY MIVAROTRA FANDREHITRA,6,"miv, var",
MANOMANA TANY KABARO,6,"man, tany",
"MAMBOLY VARY,TSARAMASO,ANGIVY",6,"mam, var, vary, mboly",
Mamboly vary sy café,6,"mam, var, vary, mboly",
MAGASINIER EN QUINQUAILLERIE,5,,
Mampianatra@EPP,5,"mpi, mam",
MANAO SAISIE,5,man,
MPIVAROTRA FRIPPERIE,5,"mpi, var",
MPIVAROTRA CHARBON SY VOAMAINA,5,"mpi, var",
"NAMBOLY VARY,OVY,KAROTY,KATSAKA,VOMANGA,MANGAHAZO",5,"man, var, vary, katsaka, mboly",
"NAMBOLY VARY,KATSAKA,KAROTY,OVY,VOMANGA,MANGAHAZO,",5,"man, var, vary, katsaka, mboly",
MPANJONO ANDRANOMAMY MADINIKA,5,"mam, rano, mpan",
"MPIVAROTRA DIVAY, TOAKA GASY,RAKENA",5,"mpi, var",
MANANGONA RONONO,5,man,
MPITONDRA POUSSE POUSSE,5,mpi,
MPIARAKA OMBY,5,"mpi, omby",
MANAMBOATRA PANIER,5,man,
MAMAKY KAKAZO,5,mam,
TECHNICIEN DE LABORATOIRE,5,,technicien
MAMBOLY VARY.MANGAHAZO,5,"mam, man, var, vary, mboly",
MIVAROTRA LETCHI,5,"miv, var",
RESPONSABLE TRANSITE,5,,responsable
MAMPIANATRA AMIN'NY UNIVERSITE,5,"mpi, mam",
PHARMACIENNE,5,,
CONTROLEUR QUALITE,5,,
MPIASA BIRAO,5,mpi,
FIOPINA OMBY,5,omby,
CHEF D'EQUIPE,5,,chef
AGENT DE CHANTIER,5,,agent
MPANAMPY FIANAKAVIANA @ FAMBOLENA VARY SY MANGAHAZ,5,"man, var, famb, vary, mpan",
ELECTROTECHNICIEN,5,,technicien
DIRECTRICE @ COLLEGE PRIVVE,5,,
MPANOTRA OLONA TAPAKA TAOLANA,5,mpan,
MPIVAROTRA KOJAKOKO FIHAINGO VEHIVAVY,5,"mpi, var",
MIKARAMA MPANASA LAMBA,5,"lamba, karama, mpan",
AIDE MENUSIEUR,5,,
MITONDRA TAXI,5,,
MPANAO ARINA,5,mpan,
MPAMPIANATRA MALAGASY,5,"mpi, mpam",
MANAO SY MIVAROTRA MOFO GASY,5,"man, miv, var, mofo",
MPANAO SIRA,5,mpan,
DEMARCHEUR VOLAFOTSY,5,,
MPIVARO-KEN'OMBY ENY@TSENA AMORONDALANA,5,"mpi, var, omby",
MPIVAROTRA ANANA SY LEGUME AMORON DALANA,5,"mpi, var",
NAMBOLY VOAMANGA,5,"man, mboly",
MANAO GATEAUX,5,man,
MANAO SARAKA ANTSAH,5,man,
MANAMBOATRA MOTO,5,man,
MITAONA ENTANA AMIN KIBOTA,5,entana,
MPIVAROTRA MOFO SY CAFE,5,"mpi, var, mofo",
MAMAKY FOLERA VANILLE,5,mam,
MAITRE FRAM AMIN'NY CEG,5,,
MPAMPIANATRA AMIN'NY LYEE,5,"mpi, mpam",
"MANJAITRA AKANJO,GILET,ROBE",5,man,
KOMITIM-POKONTANY,5,tany,
PENINTATIARE,5,,
REGISEUR DE CAISSE COMMUNE SANDRANDAHY,5,,
MPITONDRA POUSE POUSE,5,mpi,
LOGISTICIEN ET MAGASINIER,5,,
GESTIONNAIRE CLIENTEL,5,,
PANAMPY AO ATRANO,5,"trano, rano",
ANGENT DE SECURITE,5,,
SARAKATSAHA£,5,,
MANAMBOTRA CROISSANT,5,man,
SECRETARIAT,5,,
FANDRARINA,5,,
MPITARIKA POSY MITONDRA OLONA,5,mpi,
MITONDRA SARETY (TSY TOMPONY),5,,
SERVEUSE AMINY GARGOTTE,5,,
MIVAROTRA JUS NATUREL,5,"miv, var",
MPIVAROTRA GLACE,5,"mpi, var",
MITRANDRAKA VATO QUARTZ,5,,
RASAZY,5,,
MIBATA ENTANA AMIN'NY MAGASIN MPANAO TRONDRO MAIKY,5,"entana, mpan",
MANAMPY MPANAMBOATRA HARATO,5,"man, mpan",
DIRECTEUR NY BOA,5,,directeur
MIASA ANATY TOKAN-TRANO KILASY MANDRY,5,"man, trano, rano",
Sarakantsaha,5,,
MANAMPY MIVAROTRA PPN @GROSSISTE,5,"man, miv, var",
MPIVAROTRA FYA,5,"mpi, var",
MPITODRA POSY,5,mpi,
MIKARAMA MAMBOLY VARY,5,"mam, var, vary, mboly, karama",
MPAMPIANATRA @ ECOLE PRIMAIRE,5,"mpi, mpam",
MIVAROTRA TOAKA ENY ANTSENA,5,"miv, var",
FEMME DE SURFACE AO AMIN'NY UNIVERSITE MAHAJANGA,5,,
MAçON AMIN'NY FANAMBOARANA TRANO,5,"trano, rano",maçon
SECRETAIRE ADMINISTRATIF LYCEE,5,,secretaire
MANAO PLAN TRANO,5,"man, trano, rano",
MAHANDRO,5,,
CYCLO POUSSE,5,,
CHAUFFEUR TAXIBE,5,,chauffeur
OMBIASA (DADARABE),5,,
MANAO MOFO CROISSSANT,5,"man, mofo",
MANAMBOTRA JUS SY YAOURT,5,man,
MANAO CROISSANT,5,man,
MIVAROTRA ENTA MADINIKA SY VARY FOTSY,5,"miv, var, vary",
DEMARCHEUR VANILLE,5,,
AGENT DE PARC,5,,agent
MPIKARAKARA JIROFO,5,mpi,
MPAMBOLY VOANJO SY LOJY,5,"mboly, mpam",
MPAMBOLY LOJY SY ATSANJY ARY KATSAKA,5,"katsaka, mboly, mpam",
MANAMPY MAMBOLY LOJY SY ATSANJY,5,"mam, man, mboly",
MPAMBOLY ATSANJY,5,"mboly, mpam",
MPAMBOLY BARANJELY,5,"mboly, mpam",
MANAMPY AMINY FAMBOLENA MANGAHAZO,5,"man, famb",
MPANAMBOATRA SARIBAO,5,mpan,
ADJOINT FOKONTANY,5,tany,
MIVAROTRA SOLDE ENTANA KARAZANY MARO,5,"miv, var, entana",
MIANDRY OSY,5,,
CHAUFFEUR AMIN'NY SOCIETE SALAMA,5,,chauffeur
MPIAVOTRA HANIMASAKA,5,mpi,
MPITONDRA TAXI MOTO,5,mpi,
ASA VOLAMANENA,5,man,
MAMPIANATRA AMIN'EPP,5,"mpi, mam",
FEMME DE MENAGE AMIN'NY HOTEL,5,,
MANAO LASOPY,5,man,
MANIVANAVOLAMENA,5,man,
MANDOKO TOMOBILE,5,man,
MIKARAKARA VANILLE,5,,
MPISERA VY,5,mpi,
MIKARAMA MANAO SOUDURE AMIN'OLONA,5,"man, karama",
NIASA NITSIMPONA KARETSIKA,5,,
MIVAROTRA MENAKA KINANA,5,"miv, var",
ANIMATRICE DE SANTE,5,,
MANAMBOATRA TOMOBILE,5,man,
MIVAROTRA LAMBA FRIPY,5,"miv, var, lamba",
MACON MIARAKA AMIN OLONA,5,,
RESPONSABLE @FANADIOVANA,5,,responsable
MAMPIANATRA 10 ème,5,"mpi, mam",
MANAMNBOATRA TOAKA,5,man,
MPIVARITRA FIA,5,"mpi, var",
PERSONELLE AO AMIN'NY MEN,5,,
MPAMPIANATRA MPANAMARI-DRARAHA,5,"mpi, mpan, mpam",
Chef ZAP à Tsiamalaho Sud,5,,chef
Responsable de personnel au SISCO Befandriana Nord,5,,responsable
MIONPY,5,,
PASCOMA,5,,
MIVAROTRA ETAMADINIKA,5,"miv, var",
AMBASSADEUR DE DEVELOPPEMENT,5,,
MIVAOTRA RAFIA,5,miv,
INSPECTEUR,5,,
MPAMPIANTRA ENY @CEG,5,"mpi, mpam",
MPIVAROTRA FIRAVAKA,5,"mpi, var",
MANAO CHARBON DIA VAROTANA,5,"man, var",
GARDIEN DE FERME DE CANNE A SUCRE,5,,
MIASA TANIM-BARY,5,,
MIANTOKA POMMA ENY AMIN'NY TANTSAHA,5,,
GENDARME ADJUDANT CHEF,5,,chef
MANASA LAMBA @ TOKANTRANO MARO,5,"man, lamba, trano, rano",
MANAO MANOEUVRE FANAMBOARANA TRANO,5,"man, trano, rano",
MANASA LAMBA ANOLONA,5,"man, lamba",
MIVIDY SY MIVAROTRA GLACE,5,"miv, var",
MAMPIANATRA MATHEMATIQUE @CEG,5,"mpi, mam",
MPIKARAMA MAMAKY HAZO,5,"mpi, mam, karama",
MPITRADRAKA VOLAMENA,5,mpi,
MPIAMBINA TANANA ZAZA MAINTY,5,mpi,
MIASA AMINANDRO,5,,
MPIAVA VARY,5,"mpi, var, vary",
MANAMBOATRA VARAVARANA VY,5,"man, var",
FORMATEUR CRINFP AMBOHIMANGAKELY,5,man,
MAMPIANATRA MALAGASY AMIN'NY LYCEE MORARANO CHROME,5,"mpi, mam, rano",
MITANDRO NY FILAMINANA,5,,
DEMARCHEUR HAZAN-DRANOMAMY,5,"mam, rano",
MIHAZA TRONDRO,5,,
MIVAROTRA PATY MASAKA,5,"miv, var",
SOUDEURS,5,,
MAMPIANATRA @EPP,5,"mpi, mam",
MANAO GRAVILLION,5,man,
MAMPIDITRA ATODY ANATY ALVEOL,5,"mpi, mam",
TALE FAMPIANARANA,5,mpi,
RESPONSABLE TECHNIQUE,5,,responsable
GARDIAEN MA FOAM,5,,
SAGE FEMME AMIN'NY CSB,5,,
MIVAROTRA LAMBA MANDEHANDEHA,5,"man, miv, var, lamba",
MANAMBOATRA VOVO,5,man,
MITONDRA POSSY,5,,
MIKARAMA MIARAKANDRO OMBY,5,"omby, karama",
MIVAROTRA KAPA SY FITAFY,5,"miv, var",
"MAMBOLY VARY,BALAHAZO",5,"mam, var, vary, mboly",
MAMBOLY AVOTRA,5,"mam, mboly",
MPIVAROTRA VOKATRA LEGIOMA,5,"mpi, var",
MITONDRA BAJAJA,5,,
BAR MAN,5,man,
ELECTRICIEN AUTO-MOBILE,5,,electricien
MAMPIANATRA AMINY SEKOLY AMBARATONGA 1,5,"mpi, mam",
MANAMPY MITETIKA HENA,5,man,
MANJONO FILAO AN-DRANOMASINA,5,"man, rano",
CHAUFFEUR TAXI BROUSSE TANA SAMBAVA,5,,chauffeur
MPAMBOLY VANILLE CAFE GIROFLE,5,"mboly, mpam",
MASOKINERAPEUTE @HOPITALIM-PANJAKANA,5,,
ELECTR0NIQUE,5,,
ISPECTEUR DE POLICE,5,,
MANAO COMPOSE SY LASOPY,5,man,
MPANAMPY FIANAKAVIANA @ FANAMBOARANA COMPOSE SY LA,5,mpan,
GERANT GROSSISTE TELMA,5,,
RAF ONN,5,,
DIRECTRICE ECOLE PRIVEE,5,,
MPIVAROTRA PPN EPICERIE,5,"mpi, var",
NANETSA VARY,5,"var, vary",
BOUCHIER,5,,
TALEM-PARITRA NY FOP,5,,
SARAKA ANTSAH,5,,
MIVAROTRA LEGUOME,5,"miv, var",
MPIANDRY OMBY(TSIMIASY),5,"mpi, omby",
MITONDRA POUSSE POUSSE,5,,
"MPANAO GRAVILLON, KAIASY",5,mpan,
MITSIPONA VOANEMBA,5,,
MACHINISTE MITETIKA HAZO,5,,
MANOUEVRE AGRICOLE,5,man,
MANAO TESTE AO AMIN'NY LABORATOIRE,5,man,
MIVAROTRA LAMBA SY SAVATE,5,"miv, var, lamba",
MIASA @ FITOTONA VARY,5,"var, vary",
MAGNETSA VARY,5,"var, vary",
MPIVAROTRA KITAY FANDREHITRA,5,"mpi, var",
MANDRARY SY MIVAROTRA HARONA TSIHY,5,"man, miv, var",
MAMBOLY VARIY,5,"mam, var, mboly",
MPAMBOLY OVY,5,"mboly, mpam",
GEOMETRE,5,,
MPIVAROTENA,5,"mpi, var",
PIVAROTRA CHARBON,5,var,
ADJOINT STATISTIQUE,5,,
RESPONSABLE PERSONNELLE DE SANTE,5,,responsable
MANARATO HAZAN-DRANOMASINA,5,"man, rano",
TECNICIEN DE MAINTENANCE,5,,
Conseillée Animateur,5,,
AGENT SECURITE AU G4S,5,,agent
EDUCATRICE AKANY AVOKO,5,,
MPANAMPY MPIASAN'OLONA,5,"mpi, mpan",
MPANAMPY MIKARAKARA TOKATRANO,5,"trano, rano, mpan",
MANANGONA KITAY,5,man,
MANDRARY LAFIKY,5,man,
PROFESSEUR,5,,
MIVARITRA LAMBA SY SAVATE,5,"miv, var, lamba",
SAKATSAHA,5,,
MAJAITRA BE MIRAY,5,,
PLOGEUR,5,,
MIVAROTRA RANO FISOTRO,5,"miv, var, rano",
MAMBOATRA YAOURT,5,mam,
MPAMBOLY HONKO AMIN EDEN,5,"mboly, mpam",
MAMBOLY VARYµ,5,"mam, var, vary, mboly",
MIVAROTRA PRODUIT,5,"miv, var",
FIASANA ANY AMINY BIRAO,5,,
FIKARAKARANA TOKATRANO,5,"trano, rano",
MIVAROTRA FRITE AKONDRO,5,"miv, var",
MPIASA TRANO AMIN'NY OLON-TSOTRA (ETRANGER),5,"mpi, trano, rano",
MPANAO INSTALATION BRANCHEMENT @TRANO,5,"trano, rano, mpan",
EXPORTATAIRE MINIER,5,,
MANONDRANA PIERRE INDUSTRIELLE,5,man,
MANAMBOATRA ESSENCE GIROFLE,5,man,
MANAO SOUDURE ELECTRIQUE,5,man,
MPAMBOLY LEGUME SY CEREALES,5,"mboly, mpam",
SECRETAIRE AO AMIN'NY DOMAINE,5,,secretaire
MPANJAITRA ANKANJO,5,mpan,
MIPAIKA VATO,5,,
PANAMBOATRA TSIHY,5,,
MPAMPIANATRA EPP ANKADINANKANGA,5,"mpi, mpam",
MANOEUVRA RAFITRA TRANO,5,"man, trano, rano",
MANOTO VARY,5,"man, var, vary",
"MAMBOLY VARY,KAROTY,HARICOT VERT,SOJA,OVY,KATSAKA",5,"mam, var, vary, katsaka, mboly",
"NAMBOLY VARY,KAROTY,SOJA,HARICOT VERT,OVY,KATSAKA",5,"var, vary, katsaka, mboly",
MAMPIANATRA AMBARATONGA FAHAROA,5,"mpi, mam",
FANAMBOARANA MOFO SY CAFE,5,mofo,
MPAMBOLY VARY AMDINIKA,5,"var, vary, mboly, mpam",
MPANAMPY ANTRANO AM ASA FAMBOLENA SY MIANDRY OMBY,5,"famb, omby, trano, rano, mpan",
MIVAROTRA BOONBON COCO,5,"miv, var",
MAMPIANATRA ANY AMIN'NY EPP,5,"mpi, mam",
FAMBOLENA MANAO SARAKATSAHA,5,"man, famb",
MPANAO SY MPIVAROTRA MOFO SY CAFE,5,"mpi, var, mofo, mpan",
Mpampianatra @ambaratonga faha 2,5,"mpi, mpam",
MPIVAROTRA VOLAMENA,5,"mpi, var",
MPANATSOFA HAZO,5,mpan,
MPAMPIANATRA 6è CEG,5,"mpi, mpam",
AIDE CUISINIER,5,,
PERCEPTEUR DE LA COMMUNE URBAINE SAMBAVA,5,,
PREPARATEUR DE LA VANILLE,5,,
MPAMPIANATRA AMIN'NY LYCEE SAHAMBAVY,5,"mpi, mpam",
TECHNICIEN DE SURFACE @ HOPITALY BE,5,,technicien
MPIANTOKA RONONO,5,mpi,
FIOPIANA,5,,
MAMPIANATRA LYCEE PRIVE,5,"mpi, mam",
MPANAO COPIE AO AMIN'ny COMMUNE,5,mpan,
MANJONO AN DRANOMASINA,5,"man, rano",
"FAMBOLENA TSAKO,DABOARA,VOATANGO,KIDA",5,famb,
"FAMBOLENA TSKO,VOATANGO",5,famb,
MPIVAROTRA VARY MANTA,5,"mpi, man, var, vary",
MPANERA ENY AMINY TAXIBROUSSE,5,mpan,
MIVAROTRA MOFO VAR,5,"miv, var, mofo",
MIOMPY AKOH0,5,,
TAILLEUR,5,,
MANAO TOAKA GASY,5,man,
MAMDRARY,5,mam,
VOLY OVY MADINIKA,5,voly,
MPANAMBOATRA BICYCLETE,5,mpan,
MPIIVAROTRA MOFO GASY,5,"mpi, var, mofo",
MANADIO BIRAO,5,man,
MAKA RAKETA,5,,
MPANASA,5,mpan,
MANAO MENAKA MISE EN SACHET,5,man,
MAMENO RANO DIA MAMPIDITRA ANATY FIARA,5,"mpi, mam, rano",
MAGASINIERE,5,,
MANAMPY FIANAKAVIANA AMIN FAMBOLENA VARY,5,"man, var, famb, vary",
MPANAMPY FIANAKAVIANA AMIN FAMBOLENA VARY,5,"var, famb, vary, mpan",
MIVAROTRA HENAKISOA ENY @ETALAGE,5,"miv, var",
SARAKANTAHA,5,,
MIASAN'OLONA,5,,
MAMBOLY SY MIVAROTRA FARY,5,"mam, miv, var, mboly",
MAMBOATRA FIBRE SISAL,5,mam,
MPANARATO AMIN'NY EPERVIER AMIN'NY FARIHY RANOMAMY,5,"mam, rano, mpan",
MPAMPIANATRA AMIN'NY FANJAKANA,5,"mpi, mpam",
INGEGNIEUR ENVIRONNEMENT,5,,
ANIMATERICE PROJET (SANTE),5,,
MANAO CYBER CAFE,5,man,
MIVAROTRA ENTA MADINIKA  MIVAROTRA,5,"miv, var",
MANARATO HAZANDRANOMAMY,5,"mam, man, rano",
MPANAO DOKER,5,mpan,
"MPIVAROTRA PLANCHE,POTEAUX",5,"mpi, var",
DOCKER MIBATA ENTANA,5,entana,
MPAJONO TRONDRO GASY,5,,
ASSISTANT EXPERT GEOMETRE,5,,assistant
FANARATOANA FIA,5,,
MANARAT0,5,man,
MANANGONA PLASTIKA,5,man,
CHAUFEUR TAXI-BROUSSE,5,,
LIVREUR CACA-PIGEON,5,,
MIANTOKA VOANKAZO,5,,
SARAKATSAKA,5,katsaka,
MAMINTANA,5,mam,
MANAMBOATRA ECOLE COMMUNAUTAIRE,5,man,
MANAMPY AMIN NY ASA FAMBOLENA REHETRA,5,"man, famb",
SARAKA AN'TSAHA,5,,
MANDRAFITRA TRANO(MAçON),5,"man, trano, rano",maçon
NIAVA VOANJOBORY,5,,
MANAMBOATRA BRIKY TANIMANGA,5,man,
INGENIEUR HYDROLIQUE,5,,
INTEPRENEUR DE BATIMENT,5,,
MIHAVA TANIN-KATSAKA,5,katsaka,
AIDE VADEUR AMINY EPICERIE,5,,
CHAUFFEUR POIDS LOURD,5,,chauffeur
MIKIARAKARA FIOMPIANA,5,mpi,
MIANTOKA VOANKAZO SY MIVAROTRA,5,"miv, var",
MPANAMBOATRA LASOPY SY COMPOSE,5,mpan,
MIVAROTRA YAOURT SY GATEAU,5,"miv, var",
MITONDRA LAKANA,5,,
COMMISSIONNAIRE LA VANILLE,5,,
MPANDRAFITRA SARETIN'OMBY,5,"omby, mpan",
MIVAROTRA TRONDRO FRITE,5,"miv, var",
MPIVAROTRA RANO MANDRY,5,"mpi, man, var, rano",
MPIVAROTRA TAPIS TRANO,5,"mpi, var, trano, rano",
MPANERA AMIN'NY TOMOBILINA,5,mpan,
MPITRANDRA VOLAMENA,5,mpi,
MPIKARAKARA MPIANATRA,5,mpi,
CHAUFFEUR PARTICULIER,5,,chauffeur
MIKARAMA MIAVA VARY,5,"var, vary, karama",
TALEAN'NY EPP,5,,
MANAO MASSAGE,5,man,
SECRETAIRE PARTICULIERE,5,,secretaire
RESPONSABLE DE DIRECTION,5,,responsable
PERSONNEL ADMINISTRATIVE,5,,
ENTRENEUR FOOT BALL MAINTSOVORY FIANARANTSOA,5,,
RECEPTIONNISTE DE L'ECOLE HOTELERIE LA RIZIERE,5,,
CHAUFFEUR TUKTUK,5,,chauffeur
MAPIANATRA PRIVE,5,,
MPIVAROTRA ENTAMAJINIKA,5,"mpi, var",
"MPAMBOLY VANILLE, CACAO,AKONDRO",5,"mboly, mpam",
MPAMBOLY CACAO SY VANILLE,5,"mboly, mpam",
MPAMPIANATRA FRAM @CEG,5,"mpi, mpam",
SECRETAIRE @HUISSIER DE JUSTICE,5,,secretaire
MANAO MOFO SY MIVAROTRA,5,"man, miv, var, mofo",
CHAUFERA AO @PIVOT,5,,
MITATITRA OLONA ANDRANOMASINA (VEDETTE),5,rano,
MIVAROTRA COLA,5,"miv, var",
RESPONSABLE ADMINISTRATIVE ET FINANCIER,5,,responsable
MANJONO TRONJO ANDRANO MAMY,5,"mam, man, rano",
MANAMBOATRA KIFAFA,5,man,
MIVAROTRA PIECE MOTO,5,"miv, var",
MPITONDRA TAXI,5,mpi,
MIVAROTRA MISAO,5,"miv, var",
"MAMBOLY MANGAHAZO,KATSAKA",5,"mam, man, katsaka, mboly",
MANAMBOATRA SY MIVAROTRA SAMBOSA,5,"man, miv, var",
ELECTRICIEN AUTO,5,,electricien
MPIVAROTRA FRIP,5,"mpi, var",
MPIVAROTRA EPICERIE SY BOISON ALCOLIQUE,5,"mpi, var",
MPIASANTRANO,5,"mpi, trano, rano",
MIVAROTRA RAVITOTO,5,"miv, var",
DELEGUE PREFECTURE,5,,
MANBOLY VARY MANGAHAZO VOMANGA,5,"man, var, vary",
"MPAMBOLY VARY,MAIS,FARY",5,"var, vary, mboly, mpam",
NANETSA,5,,
MITADY KARETSIKA,5,,
MPADOKO,5,,
MPAMPIANATRA ECOLE PRIVE,5,"mpi, mpam",
MPANASA FIARA,5,mpan,
MIANTOKA VATOSOA,5,,
MIVAROTRA TAVOAHANGY,5,"miv, var",
MIVAROTRA VOATAVO,5,"miv, var",
MAMBOLY ANANANA,5,"mam, mboly",
MABOLY VARY SY MANGAHAZO SY KATSAKA,5,"man, var, vary, katsaka",
MPIASAN'NY SECALINE,5,mpi,
BRODERIE,5,,
MIVAROTRA GLACE SY CLARINETTE,5,"miv, var",
CMPTABLE,5,,
MPANDOKO LAMBA,5,"lamba, mpan",
FIOMPIANA AKOHO,5,"mpi, akoho",
MPAMPOLY,5,mpam,
DEMARCHEUR NY SAPHIRE,5,,
MPAMPIANATRA AO AMINY EPP (FRAM),5,"mpi, mpam",
MPAMPIANATRY NY EPP,5,"mpi, mpam",
MAMPIANATRY NY EPP,5,"mpi, mam",
MPAMBOLY VARY SY TSARAMASO,5,"var, vary, mboly, mpam",
NAMBOLY,5,mboly,
DIRECTEUR GENERALE,5,,directeur
NAMBOLY VANILLE,5,mboly,
DIRECTEUR D'ECOLE PRIMAIRE PUBLIQUE,5,,directeur
ANIMATEUR AGRICOLE,5,,
D0MESTIQUE,5,,
MANAO SOUDURE MANAMBOTRA VARAVARANA,5,"man, var",
MPIVAROTRA ENTANA MAJINIKA,5,"mpi, var, entana",
GARDIEN TRANON OLONA,5,"trano, rano",
MIKARAMA MANIVANA VOLAMENA,5,"man, karama",
"NAMBOLY VARY,KATSAKA,OVY,MANGAHAZO",5,"man, var, vary, katsaka, mboly",
MECANICIEN DRESSAGE TOLERIE,5,,
MIVAROTRA ENTA MANDINIKA,5,"man, miv, var",
MPIHANTOKA CARRIERE NY SAPHIRE,5,mpi,
DOMESTIC,5,,
MANAMBOATRA ARY MIVAROTRA CACA PIGEON,5,"man, miv, var",
MAMBOLY ANAN,5,"mam, mboly",
MPAMBOLY VARY(VARY MADINIKA),5,"var, vary, mboly, mpam",
MANASALAMBAN'OLONA,5,"man, lamba",
MAJAITRA MACHINE INDUSTRIEL,5,,
MAJAITRA MACHINE INDUSTRUEL,5,,
GUIDE LOCALE,5,,
MPIVAROTRA RAPY CAROTY,5,"mpi, var",
MIVAROTRA BROCHETTE TONO AKOHO MAHOGO KIDA ENDASIN,5,"miv, var, akoho",
"MPANAMPY FIANAKAVIANA MIVAROTRA BROCHETTE, TONO AK",5,"miv, var, mpan",
MPAMAKY KAKAZO,5,mpam,
MIVAROTRA KAKAZO MADINIKA,5,"miv, var",
MAMBOLY SY MIKARAKARA ZANAKAZO,5,"mam, mboly",
RESPONSABLE CANTINE,5,,responsable
MPIANTSOANTSO NY FOKONTANY,5,"mpi, tany",
MPANAO ASA FANAOVAN-TRANO,5,"trano, rano, mpan",
VAROTRA MOFO SY CAFE,5,"var, mofo",
INTERPRETE,5,,
GERANT BOUTIQUE,5,,
ASSISTANTE DU GERANT,5,,assistant
VENDEUR EN BOUTIQUE,5,,vendeur
MPIVAROTRA HENAN'OSY,5,"mpi, var",
MITRANDRAKA HARENA ANKIBON NY TANY,5,tany,
MIVAROTRA KIFAFA,5,"miv, var",
MANETY VOLO,5,man,
MANAMBOATRA RADIO SY TELE,5,man,
MPADIDY HAZO,5,,
MPANAMPY ANTRANO (LA BONNE),5,"trano, rano, mpan",
MPIVAROTRA FANAFODY RAOKANDRO MALAGASY,5,"mpi, var",
MPANAMBOATRA MOFO,5,"mofo, mpan",
MPIASA AN TRANO,5,"mpi, trano, rano",
"NAMBOLY VARY,OVY,VOATABIA,LAISOA,TSARAMASO,KATSAKA",5,"var, vary, katsaka, mboly",
"NAMBOLY VARY,OVY,VOATABIA,LAISOA,KATSAKA,MANGAHAZO",5,"man, var, vary, katsaka, mboly",
MPIASA ANTRANO NA MPANAMPY,5,"mpi, trano, rano, mpan",
MPANAO ENREGISTREMENT HIRA AUDIO,5,mpan,
MPAMPIANATRA ECOLE PRIVEE,5,"mpi, mpam",
MIVAROTRA TANTELY,5,"miv, var",
MPAMIANATRA AMN EPP,5,mpam,
MAMBOATRA LAKANA,5,mam,
CHEF ZAP CR ANKIAKABE FONOKO,5,,chef
SARAKAN TSAHA,5,,
MAMBOLLY VARY,5,"mam, var, vary",
MANAMBOATRA CHARBON DIA MIVAROTRA,5,"man, miv, var",
MAMBOLY LAVANILLE,5,"mam, mboly",
CHAUFFEUR CAMION CITERNE,5,,chauffeur
PROFESSEUR SECONDAIRE,5,,
MAMPILALAO BABY,5,"mpi, mam",
"NAMBOLY VARY,",5,"var, vary, mboly",
MAPNAMPY AN-TRANO,5,"trano, rano",
MANAO MOFO ANKONDRO SY MAKASOKA,5,"man, mofo",
JARDNIER AO AMIN NY NATUREAU,5,,
CONDUCTEUR BILLE,5,,
MPANAO GARGOTTE,5,mpan,
MIKARAMA MITONDRA BAJAJ,5,karama,
MAMARITRA CAFE SY MOKARY,5,mam,
MIVAROTRA AKIDA,4,"miv, var",
NANAMPY AMIN'NY FAMBOLENA,4,famb,
FIOMPINA AKOHO SY GANA,4,"mpi, akoho",
MAMPIANATRA @COLLEGE,4,"mpi, mam",
MIARAMILA SOUS OFICIER CADRE AU ARMEE,4,,cadre
PAMBOLY VOAMANGA,4,"man, mboly",
PAMBOLY VOMANGA,4,"man, mboly",
MPIKARAKARA TOKANTRANO IRAY,4,"mpi, trano, rano",
MPITONDRA P0SY,4,mpi,
COMPTABLE AO AMIN'NY MINISTERAN'NY JONO,4,,comptable
COLLECTEUR DES PRODUITS D'EXPORTATION,4,,
CHEF SURETE,4,,chef
LA BOONE,4,,
TOPOGRAPHE TECHNICIEN,4,,technicien
"NAMBOLY VARY,OVY,KATSAKA,",4,"var, vary, katsaka, mboly",
CHAUFFEUR NY TAXI-BROUSSE,4,,chauffeur
NIVAROTRA VORONA,4,var,
MPAMPIANATRA EO AMIN NY EPP,4,"mpi, mpam",
MIVAROTRA LEGUME SY VONKAZO,4,"miv, var",
MIANTOKA KATSAKA SY SOJA,4,katsaka,
FAMB0LEMBARY,4,famb,
MPANAO HIRAKELY OMBY,4,"omby, mpan",
mpampianatra @ epp,4,"mpi, mpam",
MIZARA TICQUET,4,,
MPIASA TRANO KILASY MODY,4,"mpi, trano, rano",
MPANERA TRANO SY TANY,4,"tany, trano, rano, mpan",
DEMARCHEUR NY OMBY,4,omby,
MAMAFA TRANO AO AMINY COMMUNE,4,"mam, trano, rano",
KATEKISTA FLM,4,,
MPITRANDRAKA VOLEMANA,4,"mpi, man",
MAMPIANATRA AMIN'NY SEKOLIM-PINOANA,4,"mpi, mam",
MIKARAKARA FAMBOLENA,4,famb,
NIVAROTRA MANANSY,4,"man, var",
MPIOMPY GISA,4,mpi,
MAMAFA LALANA/HIMO,4,mam,
MPIVAROTRA FITAOVANA AO AN TOKATRANO,4,"mpi, var, trano, rano",
MAMBOLY VARY SY HARICOT VERT,4,"mam, var, vary, mboly",
MPANARAMASO MPAMBOLY HARICOVERT NY LACOFRUIT,4,"mboly, mpan, mpam",
MPIANTOKA JUS,4,mpi,
MPIVAROTRA ZAVA-PISOTRO BARS,4,"mpi, var",
FIOMPIANA AKOHO SY VORONA,4,"mpi, akoho",
MANARATO FILAO,4,man,
MPAMBOLY AKONDRO,4,"mboly, mpam",
MPIANTOKA MOFO DIPAINA,4,"mpi, mofo",
DELEGUE DE DISTRICT,4,,
"MPIOMPY KISOA,AKOHO SY BITRO ARY OMBY",4,"mpi, omby, akoho",
"MPIOMPY OMBY,GISA ,AKOHO SY KISOA ARY BITRO",4,"mpi, omby, akoho",
MANAMPY NY TOKANTRANO NAMBOLY,4,"man, trano, rano, mboly",
"NAMBOLY VARY,KATSAKA,VOMANGA,POMA,OVY",4,"man, var, vary, katsaka, mboly",
MPITONDRA POMA MIAKATRA ANY TANANARIVO,4,mpi,
"NAMBOLY VARY,POMA,KATSAKA,VOMANGA",4,"man, var, vary, katsaka, mboly",
MPANAMBOATRA TAHONA BROCHETTE,4,mpan,
STAGIAIRE BANQUE,4,,
SECRETAIRE FOKONTANY,4,tany,secretaire
MPAMPIANATRA ALIN'NY EPP,4,"mpi, mpam",
MITANTATANA ORINASA MADINIKA,4,,
TRANSPORT VILLE,4,,
MIKAMPA TOERANA HAMBOLENA MANGAHAZO,4,man,
Mamboly vary sy voanjo,4,"mam, var, vary, mboly",
ACCOMPAGNATEUR ECONOMIQUE,4,,
MPANATY RAKENAN ABATTOIRE,4,mpan,
MPIVROTRA TOAKA GASY,4,mpi,
MIASANANNY CECAM,4,,
MPANEFY FIRAVAKA,4,mpan,
MPIOMPY AKOHO SY VORONA,4,"mpi, akoho",
MPAMIANATRA ENY @CEG AMBALANIRANA,4,mpam,
MPIVAROTRA MOFOGASY,4,"mpi, var, mofo",
Mamboly petit vert,4,"mam, mboly",
MIVAROTRA RANO GLACE SY JUS ARY GLACE,4,"miv, var, rano",
MPANAMBOATRA BICYCLETTE,4,mpan,
MPAMBOLY TOMATE,4,"mboly, mpam",
PENITENTIER,4,,
MPIVAROTRA FANAKA ENY AMINY SINOA,4,"mpi, var",
MANAMBOATRA SY MIVAROTRA CLARNETTE,4,"man, miv, var",
ENTREPRISE AGRICOLE,4,,
MPAMBOLY MPANAMPY,4,"mboly, mpan, mpam",
MPANAMPY ANTRANO KILASY MODY,4,"trano, rano, mpan",
MIHAZA PIRINA,4,,
SARAKA ATSAHA MIAVA VARY,4,"var, vary",
ASAAN-TRANO,4,"trano, rano",
SARA KATSAHA,4,,
MANAMBOATRA SY MIVAROTRA JUS SY YAOURT,4,"man, miv, var",
MANAO KIBAROA (DOKERA),4,man,
CUISINIER TRAITEUR,4,,
MPIVAROTRA SAMBOS,4,"mpi, var",
DEMARCHEUR MAÏS,4,,
MPIASA AMINY SEHATRY NY HIRA,4,mpi,
MPAMOFY VOANKAZO,4,mpam,
"MARCHAND AMBULANT CAFE GRAIN,SUCRE",4,,
MANDRARY LARISA,4,man,
PRESTATEUR EXPORT,4,,
DIRECTEUR CHEF D'AGENCE,4,,"directeur, chef"
RECHEVEUR,4,,
RESPONSABLE DE SERVICE SOCIALE,4,,responsable
M ADJOINT AU MAIRE VOHIPENO,4,,
TSAKAFOKA,4,,
MIVAROTRA MATERIEL ELECTRIQUE,4,"miv, var",
"MAMBOLY VARY,OVY,KATSAKA,TSARAMASO",4,"mam, var, vary, katsaka, mboly",
MIKARAMA MAKA HAZO,4,karama,
MPIVAROTRA TONGOLO SY VOATABIA,4,"mpi, var",
MACHINISTE HAZO,4,,
DEMARCHER,4,,
MIVAROTRA JUS,4,"miv, var",
PIBATA ETANA AO AMINY STAR,4,,
MIVAROTRA CHARBON MANDEHANDEHA,4,"man, miv, var",
MIVAROTRA RONON0,4,"miv, var",
MANJONO @ RANOMAMY,4,"mam, man, rano",
MPIVAROTRA HAZO SY CHARBON,4,"mpi, var",
MPMBOLY,4,mboly,
NITAONA HAZO,4,,
MAMPIDITRA HIRA SY MITANTANA JEUX VIDEO,4,"mpi, mam",
NIKAPA HAZO,4,,
RECEVEUR TAXI-BE,4,,
MANAMBOATRA BYCYCLETTE,4,man,
BARMED,4,,
MIVAROTRA MOFO PATICERIE,4,"miv, var, mofo",
MPIKARAMA MANEFY VY,4,"mpi, man, karama",
CHAUFEUR TAXI BROUSSE REGIONAL,4,,
MPAMBOLY VARY SY MIOMPY VORONA,4,"var, vary, mboly, mpam",
MACON (MPANAO TRANO),4,"trano, rano, mpan",
MIVAROTRA KOJAKOJA FANAMBORANA TRANO,4,"miv, var, trano, rano",
MPAMPIANATRA EPS,4,"mpi, mpam",
ADJUDANT CHEF,4,,chef
MIVARO-KENAN'OMBY,4,"miv, var, omby",
SOFERA TAXI BROUSSE,4,,
REPARATION BATERRIE,4,,
BARMANE,4,man,
MANDRARY TSIHY SY SAHAFA,4,man,
MPANAO MOFO KEPAKEPA VITA AM MANGAHAZO,4,"man, mofo, mpan",
ASA TANY,4,tany,
mamboly vary,4,"mam, var, vary, mboly",
MITAONA VARY,4,"var, vary",
MIJINJA SY MIVELY VARY,4,"miv, var, vary",
MIANGADY LAVA-DRANO,4,rano,
MANOTRIKA SY MIVAROTRA AKONDRO,4,"man, miv, var",
MPANAMPY FIANAKAVIANA MIOMPY VORONA,4,mpan,
MITSIMPONA SALOHIMBARY ENY AN-TANIMBARY,4,,
MAMPITA LAKANA,4,"mpi, mam",
MIVAROTRA SATROKA TSIHY,4,"miv, var",
DOCTEUR BIOLOGISTE,4,,
MANAMBOATRA CINTRE SY TAHONA MASKITA,4,man,
MPANAMBOATRA CINTRE SY TAONA MASKITA,4,mpan,
P0LICE,4,,
MIKARAMA MIASA AN'OLONA,4,karama,
MAMPIANATRA @ ECOLE PRIVEE,4,"mpi, mam",
CHAUFFEUR TUCTUC,4,,chauffeur
PORTEURS,4,,
"MIKAPA FARY,MANALA AHITRY",4,man,
MAMBOLY SY MIVAROTRA MAGAHAZO,4,"mam, miv, var, mboly",
MAMBOLY SY MIVAROTRA MAHOGO,4,"mam, miv, var, mboly",
MIVAROTRA TAVOANGY,4,"miv, var",
MPANABOATRA VOVO,4,mpan,
MPAKA ORITA,4,,
MIVAROTRA PIECE BICYCLETTE,4,"miv, var",
MIVAROTRA VOLAMENA,4,"miv, var",
MITOTO VARY SY KOBA,4,"var, vary",
MIAMBINA FAMBOLENA AKONDRO,4,famb,
FIOMIANA,4,,
FIOMPIANA OMBY,4,"mpi, omby",
LIVREUR AO AMIN BRINKS,4,,
MIVAROTRA BROKATERA,4,"miv, var",
FIDESALLE,4,,
ASA TSELIKA,4,,
PATRON OMBY,4,omby,
SECRETAIRE SJP,4,,secretaire
MPIKARAMA MANJAITRA RIDEAU,4,"mpi, man, karama",
CONSIGNATEUR SAMBO,4,,
MIVAROTRA MENAKA TAREHY,4,"miv, var",
PISCINISTE,4,,
MPIVAROTRA RONONO MANDENDEHA,4,"mpi, man, var",
MANAO SARAKA NTSAHA,4,man,
DEPANNEUR,4,,
MANOEUVRE MANAO TRANO,4,"man, trano, rano",
COMPANATEUR SPECIALISER,4,mpan,
MIVAROTRA PATTE,4,"miv, var",
MAMBOLY LOJY SY KATSAKA,4,"mam, katsaka, mboly",
MPIVAROTRA KOLITRA,4,"mpi, var",
MIKARAMA MANASA LAMBA SY MANATITRA PIANATRA,4,"man, lamba, karama",
MIKARAKARA ASA ATRANO,4,"trano, rano",
MANANGONA D MIVAROTRA VARY,4,"man, miv, var, vary",
MANJAITRA RIDEAU,4,man,
MIVIDY SY MIVAROTRA KATY,4,"miv, var",
NIJINJA VARY,4,"var, vary",
MIASA @CASH POINT,4,,
REPASSEUR,4,,
PAMPIANATRA,4,mpi,
SARAKA AN-TSAHA MIVELY VARY,4,"miv, var, vary",
MIVAROTRA FALAFA,4,"miv, var",
MPANAO SARAKATSAHY,4,mpan,
MAPANAO SARAKATSAHY,4,,
GUICHETIER PORT ANKIFY,4,,
NITARIKA OLONA,4,,
MPVAROTRA TRONDRO,4,var,
MAMBOLY KABARO SY TSAKO,4,"mam, mboly",
MIANTOKA VOKATRA,4,,
DOKER MITAONA SARIBAO,4,,
DOKER MITAONA CHARBON,4,,
MPANAPAKA BOZAKA,4,mpan,
inspecteure de police,4,,
MPANJAITRA SAKOSY,4,mpan,
MPIVAROTRA FITAOVANA FANAMBOARANA NIFY,4,"mpi, var",
MPIVAROTRA FRIPERIE MITETY TSENA,4,"mpi, var",
ASANTRANO,4,"trano, rano",
INGENIEUR EN BTP,4,,
SARAKANTSA,4,,
TRESORIER COMMUNE,4,,
MAMBOLY VARY MANGAHAZO KATSAKA TSARAMASO,4,"mam, man, var, vary, katsaka, mboly",
MAMAROTRA CAFE SY MOFO,4,"mam, mofo",
MIASA @CYBER,4,,
SECRETAIRE AO @TRESORS,4,,secretaire
MIASA AO @TRESORS,4,,
DIRECTEUR DU SOCIETE,4,,directeur
MIVAROTRA SAKAY PILOKELY,4,"miv, var",
DIRECTEUR GENERAL,4,,directeur
MPAMPIANATRA AMIM'NY EPP (FRAM),4,"mpi, mpam",
MARIN NY SOMAPECHE,4,,
MANAMPY NY RENINY MIVAROTRA VARY MASAKA,4,"man, miv, var, vary",
MATSAKA RANON OLONA,4,rano,
MIVAROTRA VARY SY LAOKA MASAKA MANDEHANDEHA,4,"man, miv, var, vary",
MPIVARONTENA,4,"mpi, var",
ASSISTANT SOCIAL,4,,assistant
MIVAROTRA VARY SY TSARAMASO,4,"miv, var, vary",
MPANAFO TRANO,4,"trano, rano, mpan",
MPIVAROTRA FITAOVANA MOMBA NY ELEKTRONIKA,4,"mpi, var",
MPIVAROTRA TONGOLO,4,"mpi, var",
MAMBOLY KAROTY,4,"mam, mboly",
MPANATITRA VOKATRA,4,mpan,
MPANAO FINITION AMIN'NY MPANDRAFITRA FANAKA,4,mpan,
MPANAMPY MPANAO TRANO,4,"trano, rano, mpan",
"MIOMPY KISOA, AKOHO",4,akoho,
"MAMBOLY OVY SY KATSAKA, VARY",4,"mam, var, vary, katsaka, mboly",
MANAO SY MIVAROTRA KAFE SY MOFO,4,"man, miv, var, mofo",
SECHOIRE(MANAMAINA IREO FIBRES SISAL),4,man,
CHAUFFEUR TRACTEUR(ORINASA),4,,chauffeur
MPIVAROTRA RAOKANDRO MALAGASY,4,"mpi, var",
MPAMPIANATRA AMIN'NY LYCEE PRIVEE,4,"mpi, mpam",
MANERA BIRIKY,4,man,
"MPAMBOLY VARY,BALAHAZO,KABARO",4,"var, vary, mboly, mpam",
"MAMBOLY VARY,BALAHAZO,BELE",4,"mam, var, vary, mboly",
DIRECTEUR ADJOINT,4,,directeur
MIVAROTRA LAMBA FRIPE,4,"miv, var, lamba",
MIAVA TANIMANGAHAZO,4,man,
MAKA ANKOHO AMINY OLONA DIA AMIDY,4,,
MAKA AKOHO AMINY OLONA DIA AMIDY AVY EO,4,akoho,
MIVAROTRA MOFO MANDEHA,4,"man, miv, var, mofo",
MIVAROTRA MOFO MANDREHA,4,"man, miv, var, mofo",
CHEF D'ARRONDISSEMENT ADMINISTRATIF,4,,chef
MANAO EPICERIE KELY,4,man,
VENDEUR AU CAINCELLEURIE,4,,vendeur
"MAMBOLY VARY,MANGAHAZO,VOANJO",4,"mam, man, var, vary, mboly",
MAMBOLY VARY;VOANJO,4,"mam, var, vary, mboly",
MIVAROTRA ANANA SY RAKETA,4,"miv, var",
MAKA SY MIVAROTRA CRABE,4,"miv, var",
MANAMPY MPIOMPY KISOA,4,"mpi, man",
GARDIEN TRANO AMIN'NY ALINA,4,"trano, rano",
MNDRARY TSIHY,4,,
MADOKO TRANO,4,"trano, rano",
CHAUFFEUR CYCLOPOUSSE,4,,chauffeur
MPANAMPY MANAMBOATRA BICYCLETTE,4,"man, mpan",
MAMBOATRA BISIKILETA,4,mam,
"NAMBOLY VARY,OVY,KATSAKA",4,"var, vary, katsaka, mboly",
MANIVANA VILAMENA,4,man,
SEFOM-POKONTANY,4,tany,
MIAVAROTRA VARY,4,"var, vary",
MAKA SY MIVAROTRA KITAY,4,"miv, var",
%PANDRY OMBY,4,omby,
MPIVAROTRA MANGA,4,"mpi, man, var",
CONDUCTEUR,4,,
MAMBOLY RAVIMBELE,4,"mam, mboly",
GERANT MAGASIN,4,,
MPAMBOATRY TRANO,4,"trano, rano, mpam",
MPANAMPY FIANAKAIANA MAMBOLY VARY,4,"mam, var, vary, mboly, mpan",
SARAKATSAHA MIASA MANGAHAZO,4,man,
MPANOFY GIROFLE,4,mpan,
MIASA @ CSBII PHARMACIEN,4,,
CHEF D USUNE JIRAMA,4,,chef
MPANAMBOATRA FIARA SIMBA,4,mpan,
NANA,4,,
MPAMBOLY VOANJO SY KATSAKA,4,"katsaka, mboly, mpam",
MÉCANICIEN DE VÉHICULES,4,,
TECHNICIEN D'ELEVAGE DE CREVETTE DE L'AQUALMA,4,,technicien
MPAMPIANATRA AMBARATONGA FOTOTRA,4,"mpi, mpam",
NITAONA TANY,4,tany,
KIBARO MANDAVAKA LAVAKA,4,man,
MPANENTANA ARAPAHASALAMANA,4,"man, entana, mpan",
MANAO FATAPERA TANIMANGA,4,man,
"MAMBOLY VARY, KATSAKA,OVY",4,"mam, var, vary, katsaka, mboly",
MIVAROTRA LOKO SAVOKA,4,"miv, var",
MPIVAROTRA VOANKAZO EN GROS,4,"mpi, var",
MAMBOLY OVY MEVA,4,"mam, mboly",
MIASA AMINY OLONA(MPANAMPY ANTRANO),4,"trano, rano, mpan",
SURVEILLANT DU COLLEGE PRIVE CHAN KOC FAN,4,,
"MIVAROTRA ""CAMERA DE SURVEILLANCE, ALARME, PANNEAU",4,"miv, var",
MIASA AMIN'NY OMBY,4,omby,
NAMBOLY TONGOLO GASY,4,mboly,
CHEF SECTEUR,4,,chef
MIVAROTRA ANIMASAKA,4,"miv, var",
VERIFICATEUR,4,,
MPIKASO SY MIVAROTRA,4,"mpi, miv, var",
TSARANKATSAHA,4,,
MAMBOLY TRAKA,4,"mam, mboly",
CFAUFFEUR,4,,
MPANANPY ATRANO CLASSE MANDRY,4,"man, trano, rano, mpan",
MPIASA ISANANDRO,4,mpi,
GESTIONAIRE,4,,
MAMPIANATRA AMIN NY CEG,4,"mpi, mam",
SOUDEUR METALLIQUE,4,,
MIVAROTRA ENTAMADINIKA ANATY EPICERIE,4,"miv, var",
ANIMATEUR ORN,4,,
DOCKER AMIN'NY MPIVAROTRA FILAO MAINA AMBONGADINY,4,"mpi, var",
"MPAMBOLY FELI-BATATA, FELI-BE, VARY",4,"var, vary, mboly, mpam",
"MPAMBOLY FELI-BATATA, FELI-BE,VARY",4,"var, vary, mboly, mpam",
MPIANTOKA OMBY,4,"mpi, omby",
MIOMPY AKOHO SY GISA,4,akoho,
CASH POINT MOBIL MONEY,4,,
VENDEURS DES PIECECES AUTO MOTO,4,,vendeur
MIAZA,4,,
SOFERA AMIN'NY GOSSISTE,4,,
MAJAITRA,4,,
MIVAROTRA BALLE FRIPERIE,4,"miv, var",
MIVAROTRA VONINKAZO,4,"miv, var",
COURTIER,4,,
MIVARITRA PATSA ENY ANTSENA,4,"miv, var",
CAUFFEUR TRICYCLE,4,,
MAMPIANATRA HISTO-GEO AMIN'NY SECONDAIRE,4,"mpi, mam",
MAMPIANATRA FRANCAIS AMIN'NY ECOLE TECHNIQUE,4,"mpi, mam",
MACHINISTE ZONE FRANCHE,4,,
AUDITEUR INTERNE,4,,
MPAMBOLY AO AMIN'NY LECOFRUIT,4,"mboly, mpam",
MIVAROTRA PPN SY ZAVAPISOTRO MISY ALCOOL,4,"miv, var",
MPIVAROTRA @ EPIBAR,4,"mpi, var",
FAMBOLENA OVY,4,famb,
MANAMPY MANAO AIDE CUISINIER,4,man,
TRAITEUR,4,,
MPIVAROTRA FANAFODY MANDEHANDEHA,4,"mpi, man, var",
MaçOn,4,,maçon
MIVAROTRA CHIPS BANANE,4,"miv, var",
"MPAMBOLY BALAHAZO,TSOHA,tsako",4,"mboly, mpam",
MIVAROTRA HAZANDRANO MAINA,4,"miv, var, rano",
MIOPY OSY,4,,
MIKARAMA MANAO CALENDRIER,4,"man, karama",
MAKA SY MIVAROTRA VATO,4,"miv, var",
MAMETAKA PANNEAU SOLAIRE,4,mam,
MPANDRAFITRA TRANO SY FANAKA,4,"trano, rano, mpan",
"MANAO VADI-BAROTRA MANGA PAPAY, kida, tsoha",4,man,
MIVAR0-KENA,4,"miv, var",
MPIKAPO-BATO ANAOVANA GRAVILLON AMIN'OLOTSOTRA,4,mpi,
CAISSIERE AMINY GUICHET,4,,
MPAMBOLY HONKO AMIN'NY EDEN PROJECT,4,"mboly, mpam",
MPIAMBINA ALA AO AMIN'NY EDEN PROJECT,4,mpi,
CHAUFFEUR MPANAO LALANA,4,mpan,chauffeur
MIVAROTRA VOANDALANA EO AKAIKINY SEKOLY,4,"miv, var",
MIANTOKA FROMAGE,4,,
MPAMBOLY MANGAHAZO SY HARICOT VERT,4,"man, mboly, mpam",
MPANAO TOKA GASY SADY MIVAROTRA,4,"miv, var, mpan",
MIAVA TONGOLO SY CAROTTE,4,,
MAMPIANATRA AMIN'NY COLLEGE,4,"mpi, mam",
MANADIO DISPENSAIRE,4,man,
MANAO TRIAGE NA MICAH,4,man,
COMPTABLE DANS LE MINISTERE DE FINANCE ET ECONOMIQ,4,,comptable
MIVAROTRA PATTES GASY,4,"miv, var",
MPIVAROTRA KOJAKOJALAKOZIA,4,"mpi, var",
NISANGO-BARY,4,,
MAMBOLY CACAO SY VARY,4,"mam, var, vary, mboly",
MPANASA SY MIPASOKA LAMBA,4,"lamba, mpan",
MANAO GRAVAGE,4,man,
MAMBOLY SY MIVAROTRA LAVANILLE,4,"mam, miv, var, mboly",
MPAMBOLY VOATSOROKO,4,"mboly, mpam",
MPITATITRA OLONA,4,mpi,
NAMBOLY VOATABIA,4,mboly,
MITATITRA ENTANA MAKANY ANKAZOBE,4,entana,
MPANAMBOATRA SY MPIVAROTRA MOFO GASY SY KAFE,4,"mpi, var, mofo, mpan",
MAMBOLY SY MIVAROTRA FONTSY,4,"mam, miv, var, mboly",
ORGANISATION VARY TSINJO,4,"var, vary",
MPITSABO GASY,4,mpi,
MIVAROTRA SOANAMBO,4,"miv, var",
MPIVAROTRA MOFO MANGAHAZO,4,"mpi, man, var, mofo",
MAMPIANATRA 10em,4,"mpi, mam",
FANAOVANA SARAK'ATSAHA,4,,
TALEN'NY EPP,4,,
MANOEUVRE FORESTIER,4,man,
NETTOYEUR,4,,
MPAMBOLY VARY/VOANJO/KATSAKA/TSARAMASO,4,"var, vary, katsaka, mboly, mpam",
AGENT DESSINATEUR,4,,agent
TRESSEDES NATTES,4,,
MPIVAROTRA MANGAHAZO MASAKA,4,"mpi, man, var",
MANAMBOATRA BONBON VOANJO,4,man,
MAHANDRO SAKAFON' MPIANATRA PRES SCOLAIRE,4,mpi,
SECURITE VAVAHADY COPS,4,,
MPIASA MPIVIDY LAVANILA,4,mpi,
ANESTESISTE,4,,
MPITARIKA CYCLO POUSSE,4,mpi,
CHAUFFEUR TAXI BROUSSE REGIONAL,4,,chauffeur
MACHINISTE FANAMBOARANA BISCUIT,4,,
MPIVAROTRA MOFO BAOLINA,4,"mpi, var, mofo",
MIVAROTRA FIA LENA,4,"miv, var",
TRANSPORT POSY,4,,
KIBAROA MATSAKA RANO,4,rano,
MIVAROTRA KAFE RANONY,4,"miv, var, rano",
MIVAROTRA FOTSIMBARY ATSINJARANY,4,"miv, var",
COLLECTEUR DE PRODUITS LOCAUX,4,,
WEBMASTER,4,,
VIDéASTE,4,,
CONSULTANT AN'NY UNICEF,4,,
MPAMBOLY VARY SY TSARAMASO ARY MANGAHAZO,4,"man, var, vary, mboly, mpam",
TRESORIER,4,,
GARDIEN HOTEL,4,,
KIBAROA KETSA,4,,
MAMBOATRY SARIBAO,4,mam,
MIVAROTRA JUIS CITRON,4,"miv, var",
ASSISTANTE PRIMATURE,4,,assistant
0PERATEUR ECONOMIQUE,4,,
VAROTRA MANGA SY FIA,4,"man, var",
FANJONOANA,4,,
MITARIKA SARETY KELY,4,,
FAMBOLENA VARY SY KATRAKA,4,"var, famb, vary",
VOLY VARY SY LA VANILLE,4,"var, vary, voly",
JARDINER,4,,
GARDIEN SOCIETE SOAVANIO,4,,
MAHANDRO SAKAFO,4,,
TECHNICIEN DES TRAVAUX PUBLICS,4,,technicien
"MIVAROTRA VOAKAZO,VOMANGA,BALAHAZO",4,"man, miv, var",
MANJONO TRONDRON-DRANOMASINA,4,"man, rano",
PHOTOGRAPHE,4,,
MISANGOTRA GIROFLE,4,,
MANAO SARAK'ATSAHY,4,man,
MIOPY AKOHO SY GISA,4,akoho,
MPANASA LAMBA AMINY TOKATRANO MAROMARO,4,"lamba, trano, rano, mpan",
MPANDRAFITRA FANAKA VITA AMINY HAZO,4,mpan,
MPAMBOLY VARY(MADINIKA),4,"var, vary, mboly, mpam",
MPAMPIANATRA @ FRAM,4,"mpi, mpam",
MIVAROTRA MPARAKY GASY,4,"miv, var",
"MAMBOLY VARY,OVY",4,"mam, var, vary, mboly",
MPIAMBINA BIRAON'NY FID,4,mpi,
TRANSFERT D'ARGENT,4,,
MPIVAROTRA FER CIMENT SNS,4,"mpi, var",
Professeur licencié(Lycée Public),4,,
JOKERS,4,,
MANAO MANOEUVRE TRAN0,4,man,
NITATITRA HAZO,4,,
MPANAMBOATRA SY MPIVAROTRA MOFO SY KAFE,4,"mpi, var, mofo, mpan",
MITAZONA CASH POINT,4,,
SARANKATSAHA NIAVA  TSIASISA,4,,
MANDALOTRA TRANO,4,"man, trano, rano",
MIANDRY ONDRY,4,,
MIVAROTRA AKOHO SY VOAMANGA,4,"man, miv, var, akoho",
MANAPAKA SY MIVAROTRA HAZO,4,"man, miv, var",
SARAKATSAHA MAGNETSA,4,,
SARAKATSAHA SISINTALAKY,4,,
MANAO SY MPIVAROTRA HANI-MASAKA,4,"mpi, man, var",
MITONDRA CYCLO POSY,4,,
COMPTABLE AMIN NY ABATIOR,4,,comptable
MANAMPY MANAO CACAPIGEON SY CHIPS,4,man,
MANAMBOTRA CACAPIGEON SY CHIPS,4,man,
MANAMPY MANAMBOTRA CHIPS SY CACA PIGEON,4,man,
MAMBOLY VARY MANIOC,4,"mam, man, var, vary, mboly",
MPIVAROTRA VORONA,4,"mpi, var",
"MAMBOLY VARY', balahazo, tsako, bele",4,"mam, var, vary, mboly",
JOKER,4,,
COUPEUR SISAL,4,,
PREPARATEUR DE FIBRE SISAL,4,,
MIOMPY AKOHO PONDEUSE,4,akoho,
MPANAMBOATRA ELO,4,mpan,
MPANOTRA S MPAMPITERAKA,4,"mpi, mpan, mpam",
MPANERA TRANO,4,"trano, rano, mpan",
MPAPIANATRA AMIN'NY CEG,4,,
SARAKANTSAHA NA KIBAROA MIHAVA,4,,
MPITONDRA POSSY,4,mpi,
MANOEUVRE USINE,4,man,
MIVAROTRA CHIPS SY CACAPIGEON,4,"miv, var",
MAMBOLY TAMBOARA,4,"mam, mboly",
MANASA LATABATRA FIVAROTAN-KENA,4,"man, var",
MIVAROTRA LA SOUPE,4,"miv, var",
MPAMBOLY VOLY AVOTRA,4,"voly, mboly, mpam",
FIVAROTANA PPN,4,var,
MPANAMPY AO AN TRANO,4,"trano, rano, mpan",
INGENIEUR EN TELECOMMUNICATION,4,,
MITALY LAOLOASY,4,,
MPAMBOLY VOASARY,4,"mboly, mpam",
MPIARAKANDRO OMBY,4,"mpi, omby",
MPAMBOLY VARY (MADINIKA),4,"var, vary, mboly, mpam",
MPAMBOLY VARY MADINIKA (VARY),4,"var, vary, mboly, mpam",
MAMBOLY MADINIKA (VARY),4,"mam, var, vary, mboly",
MANAMBOATRA CONFITURE,4,man,
VENDEUSE DES PRODUITS DE MER,4,,
ENTREPRENEUR BTP,4,,
MAMPIASA BAJAJA,4,"mpi, mam",
MPANAMBOATRA CLARINETTE,4,mpan,
MPITATITRA ENTANA @ SARETY,4,"mpi, entana",
MPAMBOLY VARY TSAKO BELE BALAHAZO,4,"var, vary, mboly, mpam",
MPAMBOLY VARY SY BALAHAHO ARY BELE,4,"var, vary, mboly, mpam",
MIVAROTRA KOJAKOJA ELECTRICQUE,4,"miv, var",
MPITAONA CHARBON,4,mpi,
MANJAITRA LAMBA CONFECTION,4,"man, lamba",
MAçON MPAMBOATRA TRANO,4,"trano, rano, mpam",maçon
MPIANTOKA TRONDRO,4,mpi,
NAMBOLY KABARO,4,mboly,
MIVAROTRA LEGUMES SY VOAKAZO,4,"miv, var",
MANA0 SOUDURE,4,man,
KIBAROA (AIDE MAçON ),4,,maçon
SOFERA TAXIBROUSSE,4,,
ASATRANO,4,"trano, rano",
MPITONDRA SARETIN'OMBY,4,"mpi, omby",
MAMPIANATRA PRESCOLAIRE,4,"mpi, mam",
MITSIPONA JIROFO,4,,
MPAMBOLY MANASY,4,"man, mboly, mpam",
GARDIEN DE BOUTIQUE,4,,
MIVAROTRA MOFO ANANA SY SAMBOSA,4,"miv, var, mofo",
DIRECTEUR GEG,4,,directeur
COMMUNICATION,4,,
MAINTENANCE ET TRAITEMENT INFORMATIQUE,4,,
MPIAMBINA TANY,4,"mpi, tany",
MPANDRAFITRA FANAKA VITA AMIN HAZO,4,mpan,
MPAMBOATRY PANIER SATRA,4,mpam,
MIOTY TSARAMASO,4,,
"MANAO TRANO, MASAO",4,"man, trano, rano",
MIVAROTRA KIRARO EN DETAILS,4,"miv, var",
CHAUFFEUR DES PERSONNELLES,4,,chauffeur
SERVICE SOLDE,4,,
MANAMPY MAMBOLY LA VANILLE,4,"mam, man, mboly",
MIASA VILAMENA,4,,
SARAKANTSAHA MANETSA VARY,4,"man, var, vary",
PHOTOCOPIE,4,,
OPERATEUR CHAT,4,,
AIDE DE MÉNAGE ET NETOYEUSE DOMESTIQUE / LA BONNE,4,,
MIVAROTRA MINE SAO,4,"miv, var",
MIKARAMA MANOMBIN-KENA,4,"man, karama",
MPIVAROTRA VARY(fotsim-bary),4,"mpi, var, vary",
MPITRANDRAKA VATOSOA CRISTAL,4,mpi,
MIOMPY KISOA SY VORONA,4,,
MAMETRAKA CACHET,4,mam,
MPIVAROTRA MOFO GASY SY KAFé ARY DITé,4,"mpi, var, mofo",
MIHASA TANIM-BARY,4,,
MPANAO TSIHY,4,mpan,
PECHEUR LAGOSTE,4,,
MPIASAN'NY KAOMINA (ETAT CIVIL),4,mpi,
CHEF COMPTABLE,4,,"comptable, chef"
MANIHIKA TRONDRO,4,man,
CHEF CICSCO,4,,chef
MPIVAROTRA HENA (BOUCHER),4,"mpi, var",
MECANICIEN JIRAMA IHOSY,4,,
MPANAO SY MIVAROTRA CAFE SY MOFO,4,"miv, var, mofo, mpan",
MAMBOLY ARTIMESIA,4,"mam, mboly",
MAMBOLY TRAKA FOTSIVODY,4,"mam, mboly",
CAISSAIRE,4,,
PETITE MAIN MAMALONA LAMBA,4,"mam, lamba",
MPANDRANDRANA VOLO,4,mpan,
KARAMAINA MIKAPA HAZO,4,karama,
MITOTO KOBA AM MACHINE,4,,
MPANAMPY FIANAKAVIANA MANAO VOVO,4,"man, mpan",
MANAO VOVO,4,man,
"MPAMBOLY VARY,VOANJO,ANANA",4,"var, vary, mboly, mpam",
MIKARAMA VAROTRA DRAKAKA AN OLONA,4,"var, karama",
ENSEIGNANT PRIMAIRE,4,,
MPIVAROTRA HAZAN-DRANOMASINA,4,"mpi, var, rano",
MAPIANATRA MATHEMATIKA ENY AM LYCEE,4,,
MANAO SARAKANTSAHA MIAVA VARY,4,"man, var, vary",
MIJIRIBARY,4,,
MANBOLY VARY.VOATABIA SY TONGOLO ARY MANGAHAZO,4,"man, var, vary",
MIVAROTRA SIRA SY PETROLE,4,"miv, var",
MAMBOATRA FIBRE LAOASY,4,mam,
MIOMPY SY MIVAROTRA AKOHO SY VORONA,4,"miv, var, akoho",
CHAUFEUR FIARA,4,,
MPAMPIANATRA AMIN CEG,4,"mpi, mpam",
MPAMBOLY VARY SY TSARAMASO ARY KATSAKA,4,"var, vary, katsaka, mboly, mpam",
AGENT D'ACCOMPAINNEMENT,4,,agent
PANERA SAMBO,4,,
MECANICIEN TOUR MECANIQUE,4,,
MPIARAKA OSY,4,mpi,
DELEGUE D'ARRONDISSEMENT,4,,
MPIVAROTRA LEGUME SY VOANKAZO AMORONDALANA,4,"mpi, var",
CADRE RESPONSABLE,4,,"cadre, responsable"
MIVAROTRA SY MANAMBOATRA MOFO,4,"man, miv, var, mofo",
MPAMBOLY DIPOAVATRA,4,"mboly, mpam",
DEMARCHEUR VARY FOTSY,4,"var, vary",
AIDE MAçON,4,,maçon
"DEMARCHEUR(TOKONTANY,TRANO,FIRAVAKA,...)",4,"tany, trano, rano",
MPANAMPY TOKATRANO MANDRARY TSIHY,4,"man, trano, rano, mpan",
MANAMPY FIANAKAVIANA MIOMPY OMBY,4,"man, omby",
MPANAMPY FIANAKAVIANA @ FIOMPIANA VORONA,4,"mpi, mpan",
MPANAMPY FIANAKAVIANA @ FIOMPIANA OMBY,4,"mpi, omby, mpan",
MITONDRA CHARETTE,4,,
MIVAROTRA FRITE FIA,4,"miv, var",
TAXI SARETY,4,,
MANDRARY TSAORO,4,man,
GERANTE HOTEL,4,,
AIDE MECANIQUE-NA ORINASA,4,,
CHAUFEUR TAXIBE,4,,
ASSISTANT REDACTEUR DES DOMAINE,4,,assistant
MIVAROTRA TAOVAN-KENA,4,"miv, var",
FAMBOLENA HARICOT VERT,4,famb,
KIBAROA MIHAVA TANIMBOLY,4,mboly,
MIVAROTRA LAMBA MANDEHA,4,"man, miv, var, lamba",
MANATITRA RONONO,4,man,
MAMBOLY LAVANILY,4,"mam, mboly",
MITATITRA FASIKA,4,,
MPANAMPY MIVAROTRA TRONDRO MAINA,4,"miv, var, mpan",
DOCTEUR AO AM CHRR TSIDIDY,4,,
TANTSAHA,4,,
KIBAROA MANDOMAKY,4,man,
MPAMPIANATRA AMIN'NY AMBARATONGA FOTOTRA,4,"mpi, mpam",
MAMPIANATRA AMIN'NY EEP,4,"mpi, mam",
MIVAROTRA SAMBOS,4,"miv, var",
MPAMPIANATRA MATHEMATIQUE AO AM LTC,4,"mpi, mpam",
MISAKA FOZA ORANA,4,,
AGENT SUIVI ET EVALUATION,4,,agent
MANAO TRANAO,4,man,
"MAMBOLY VARY,MANGAHAZO,VOMANGA",4,"mam, man, var, vary, mboly",
MITARIKA POUSSE - POUSSE,4,,
MIVAROTRA CHARBON @ GONY,4,"miv, var",
MPITAIZA ZAZA @ CRECHE,4,mpi,
MPAMILY TAXI BROUSSE,4,mpam,
MAMOBOLY MANGAHAZO,4,"mam, man",
MANAO LIVRAISON ETANA,4,man,
CHAUFFEUR MITONDRA OLONA,4,,chauffeur
MAAMBOLY VARY,4,"var, vary, mboly",
MIAMBINA ALA,4,,
MPIVAROTRA SAKAFO MASAKA(VARY MASAKA),4,"mpi, var, vary",
"MPAMBOLY VARY,MANGAHAZO",4,"man, var, vary, mboly, mpam",
RESPONSABLE COMMERCIALE PPN,4,,responsable
MPANAMPY FIANAKAVIANA @ FANAOVANA HANIMASAKA,4,mpan,
"NAMBOLY VARY,OVY,VOMANGA,KATSAKA,MANGAHAZO,TSARAMA",4,"man, var, vary, katsaka, mboly",
MIVAROTRA COMPOSE SY LASOPY ENY @GARGOTTE,4,"miv, var",
MANARY FAKON'OL0NA ETO ANTANANA,4,man,
PROF EPS AMIN'NY ECOLE PRIVE,4,,
MANAO MOKARY,4,man,
MPANERA VOYAGEUR ZAY HANDEHA (MPANERA MADINIKA),4,mpan,
ADMINISTRATION,4,,
MAMBOLY BAHALAZO SY VOANJO,4,"mam, mboly",
MPIVAROTRA CAFE RANONY,4,"mpi, var, rano",
MPANIERA (TAXI BROUSSE),4,mpan,
MIASA @ POSSY,4,,
MAOUEUVRE,4,,
MPAMBOLY LEGUME SY VARY,4,"var, vary, mboly, mpam",
MPIANTOKA OSY,4,mpi,
MPIASANY FAHASALAMANA RASAZY,4,"mpi, man",
DIRECTEUR D ONG ADRA,4,,directeur
MAMPIANATRA ENY @EC,4,"mpi, mam",
SECRETAIR DE DIRECTION,4,,
MANAO SARAKA ANTSAHY,4,man,
CONDUCTEUR DE CHARIOT ELEVATEUR,4,,
MPITRANDRANGA VATO,4,mpi,
MPIVAROTRA ENTA-MADINIKA AMIN'NY TOERANA IRAY,4,"mpi, var",
MAKA ANANA,4,,
MAMPIANATRA AMIN EPP,4,"mpi, mam",
MAMBOLY ARACHIDE,4,"mam, mboly",
MEKANICIEN FIARAKODIA SIMBA,4,,
MPAMBOLY MADINIKA (OVY),4,"mboly, mpam",
MPAMBOLY OVY MADINIKA,4,"mboly, mpam",
MANANDIO GIROFLE,4,man,
MPIANDRY POMPE,4,mpi,
MANODINA MENAKA,4,man,
EXTRACTION MINIAIRE,4,,
MENUISIERE,4,,
MIVAROTRA PIECE AUTOMOBILE,4,"miv, var",
MAMBOLY LOJY,4,"mam, mboly",
MAMBOLY VARY SY AKONDRO,4,"mam, var, vary, mboly",
Manjono patsa,4,man,
Manjono Patsa,4,man,
SECRETAIRE DE DIRECTION @ SEKOLIM-PINOANA,4,,secretaire
MANERA KISOA,4,man,
MANATSOFA HAZO @MACHINE,4,man,
MANATSOFA HAZO @ MACHINE,4,man,
MIYRANDRAKA VOLAMENA,4,,
MIVAROTRA ENTANA MITETY TANANA,4,"miv, var, entana",
MEDECINE GENERALISTE,4,,
MPITARIKA POUSY,4,mpi,
MPIASA AO AMINY STARS PANAO LABIERA,4,mpi,
TALEAN EPP Andrangy,4,,
MPITONDRA TAXI KINGA,4,mpi,
SHELL LAVEUR,4,,
MIVAROTRA KAFE,4,"miv, var",
MIVAROTRA TRONDRO MANTA MANDEHANDEHA,4,"man, miv, var",
MAMPIANATRA DE classe 6eme,4,"mpi, mam",
MAMPIANATRA CLASSE DE 3eme,4,"mpi, mam",
"NAMBOLY VARY,OVY,KATSAKA,MANGAHAZO,TSARAMASO,SAONJ",4,"man, var, vary, katsaka, mboly",
"NAMBOLY VARY,OVY,MANAGAHAZO,KATSAKA,SAONJO,TSARAMA",4,"man, var, vary, katsaka, mboly",
"NAMBOLY VARY,OVY,KATSAKA,MANGAHAZO,SAONJO,TSARAMAS",4,"man, var, vary, katsaka, mboly",
"NAMBOLY VARY,OVY,MANGAHAZO,SAONJO,TSARAMASO,KATSAK",4,"man, var, vary, mboly",
MPANAMPY MIVARO-DAMBA,4,"miv, var, mpan",
MPIVARO-DAMBA,4,"mpi, var",
"MPAMBOLY OVY,VARY, MANGAHAZO SY KATSAKA ARY TSARAM",4,"man, var, vary, katsaka, mboly, mpam",
REPARATION LAKANA (MPANDRAFITRA),4,mpan,
MPITONDRA BAJAJY,4,mpi,
MAMPIANATRA AMBARATONGA FOTOTRA (EPP),4,"mpi, mam",
MIVAROTRA BICYCLETTE,4,"miv, var",
MPAMPINATRA EPP,4,"mpi, mpam",
MITOTRA FIARA TAXI BROUSSE,4,,
MANAO BIRIKY TANY,4,"man, tany",
AGRICULTURE,4,,
COLLECTEUR LA VANILLE,4,,
ASSISTANT TECHNIQUE CISCO,4,,assistant
MPAMONO BIBY AMIN'NY ABATTOIR,4,mpam,
MPANDRAFITRA MPIKARAM,4,"mpi, mpan",
MIKARAMA MIASA TANY MANGAHAZO,4,"man, tany, karama",
CHAUFFEUR MPANAMPY CAMIONETTE,4,mpan,chauffeur
COORDONATEUR SITE,4,,
FAMBOLENA LOJO,4,famb,
RECEVEUR TAXI-BROUSSE URBAINS - SUB-URBAINS,4,,
LAVEUSE ET REPASSEUSE DE LINGES À LA MAIN,4,,
TECHNICIEN ELECTRONIQUE,4,,technicien
MPANAMBOATRA MENAKA KINANA,4,mpan,
MPIVAROTRA VOA KINANA,4,"mpi, var",
MPIVAROTRA FIA (DEMARCHEUR),4,"mpi, var",
RESPONSABLE QUALITE SERVICE INFORMATIQUE,4,,responsable
TECHNICIEN TVM,4,,technicien
MIVAROTRA LAMBA SY KIRARO,4,"miv, var, lamba",
GARDIEN PRIVE,4,,
VENDEUR EN MAGASIN  KARANA,4,,vendeur
FANJONOANA ANDRANOMASINA,4,rano,
MPANAMBOATRA SY MIVAROTRA CLARINETTE,4,"miv, var, mpan",
COLLECTEUR PRODUIT AGRICOLE,4,,
MPIVAROTRA GROSSISTE ENTANA MAJINIKA,4,"mpi, var, entana",
MIKARAMA MPANAMPY MPIVAROTRA EPICERIE,4,"mpi, var, karama, mpan",
MIVAROTRA ART MALAGASY,4,"miv, var",
DIRECTEUR DU CABINET DE MEDICINE,4,,directeur
MIVAROTRA HARICOT VERT SY OVY,4,"miv, var",
MITRANDRAAKA RUBIS,4,,
MPANAMPY ANTRANAO,4,mpan,
GARDIEN PAOMPINDRANO,4,"mpi, rano",
MACON MANDRAFITRA TRANO,4,"man, trano, rano",
MPANARATO AN-DRANOMASINA,4,"rano, mpan",
COMMISSIONNAIRE PRODUITS(JOROFO ET VANILLE),4,,
MISANGO-BARY,4,,
SECRETAIRE COMPTABLE,4,,"comptable, secretaire"
COMPTABLE ADMINISTRATION PUBLIC,4,,comptable
MPIVAROTRA ANANA.TRONDRO .VARY,4,"mpi, var, vary",
MIVAROTRA AKANJO,4,"miv, var",
MIASASA TRANO,4,"trano, rano",
MPAMPIANATRA THEOLOSIANE,4,"mpi, mpam",
INSTITUTEURS DE L'ENSEIGNEMENT PRIMAIRE,4,,
MPANENTANA ARA-PAHASALAMANA,4,"man, entana, mpan",
MPANAO BAR,4,mpan,
TOMPONA CANNOTE,4,,
MITATITRA OVY,4,,
MPANAO TAXI MOTO,4,mpan,
MPIKAPO-BATO,4,mpi,
MPAMPIANATRA AMIN'NY LYCE PRIVE,4,"mpi, mpam",
MAMPIANATRA AMINY EPP ANALALAVA,4,"mpi, mam",
karamaina manao mecanicien electronique,4,"man, karama",
MPAMPIANATRA KILASY SECONDAIRE,4,"mpi, mpam",
MPANAO VATO ENY @CARRIERE,4,mpan,
MPANAMPY FIANAKAVIANA @ JONO AN-DRANOMASINA,4,"rano, mpan",
MPANJONO TRONDRO MADINIKA AN-DRANOMASINA,4,"rano, mpan",
GUICHETIER @ GARE ROUTIERE,4,,
AIDE CHAUFFEUR TAXI-BROUSSE,4,,chauffeur
MPIVAROTRA LASOPY SY MOFO ANANA,4,"mpi, var, mofo",
MPIANDRY TANIMBOLY,4,"mpi, mboly",
"MPAMBOLY VOANJO, KATSAKA, VARY",4,"var, vary, katsaka, mboly, mpam",
MPIVAROTRA MPANAMPY,4,"mpi, var, mpan",
MPIVAROTRA VOKAM-PAMBOLENA AMORONDALANA,4,"mpi, var",
MPIASA ANTRANO KILASY MANDRY,4,"mpi, man, trano, rano",
MPIVIDY SY MPIVAROTRA VATO,4,"mpi, var",
EMBALEUR,4,,
MANAO PARKING,4,man,
MPANAMBOATRA JUS,4,mpan,
MANAMPY MAMBOLY VOANJO,4,"mam, man, mboly",
MANMPY MAMBOLY MANGAHAZO,4,"mam, man, mboly",
MAMBOLY BARANJELY,4,"mam, mboly",
MITAONA FASIKA,4,,
GARDIEN AMINY CITE,4,,
MANAO CHAUFFEUR TAXI,4,man,chauffeur
SERGENT MIARAMILA,4,,
TECHNICIEN DE MAINTENANCE,4,,technicien
MIASA @COMMUNE,4,,
COMPTABLE AU SEIN DU MINISTERE FINANCE ET BUDGET,4,,comptable
MPANAO SY MPIVAROTRA CAFE SY MOFO,4,"mpi, var, mofo, mpan",
MAMOVO TRONDRO,4,mam,
MPANOLOTSAINA KAOMINA,4,mpan,
MPANAO GAZETE,4,mpan,
PITARIKA POUSSE-pousse,4,,
MPAMBOLY PAPAYE,4,"mboly, mpam",
MPAMBOLY MADINIKA (PARAKY),4,"mboly, mpam",
FAMBOLENA PARAKY,4,famb,
MIVOTRA AMORONDALANA,4,miv,
PAMPIANATRA FRAM EPP,4,mpi,
MANIVANA SAFIRA,4,man,
MITRANDRATRA SAPHIR,4,,
MPIANDRY OMBY SY ONDRY,4,"mpi, omby",
MPIOMPY OMBY SY AKOHO ARY ONDRY,4,"mpi, omby, akoho",
PROPRIETAIRE ET GERANT D'UN ECOLE,4,,
MITSIPONA KARETSIKA,4,,
CAISSIERE NY TELMA,4,,
MANAMBOATRA VARAVARANA HAZO,4,"man, var",
"NAMBOLY VARY,OVY,PARAKY,KATSAKA,MANGAHAZO",4,"man, var, vary, katsaka, mboly",
DOMESTIQUE D HOTEL,4,,
MAMBOLY COURGETTE,4,"mam, mboly",
MPAMPIANATRA AMIN' UNIVERSITE FIANARANTSOA,4,"mpi, mpam",
MPAMPIANATRA AMIN'NY UNIVERSITE FIANARANTSOA,4,"mpi, mpam",
MIVAROTRA ENTANA MADINIKA RADIO SY BATTERIE,4,"miv, var, entana",
MIVAROTRA ENTANA MADINIKA RADIO BATTERIE,4,"miv, var, entana",
MAMPIANTRA MPIANATRA ANTSEKOLY,4,"mpi, mam",
MANERA TRONDRO,4,man,
AIDE VETERINAIRE,4,,
MPITSOFA HAZO ANY AMIN'NY MACHINE,4,mpi,
MPIVAROTRA VOANJO SY SOJA,4,"mpi, var",
GARDIEN NY SAMBO,4,,
MAKA SY MIVAROTRA FRIP,4,"miv, var",
MANAO QUINCAILLERIE,4,man,
MIVAROTRA HANY MASAKA,4,"miv, var",
"MANAMBOATRA SY MIVAROTRA MOFO , YAOURT , JUS",4,"man, miv, var, mofo",
CONSULTANT A ACDEM,4,,
MIANTOKA VARY,4,"var, vary",
POMPISTE (STATION SHELL),4,mpi,
MANAMPY MANAO TRANO,4,"man, trano, rano",
MOBILE MONNEY,4,,
MPANDRARY TSIHY VITA AMINY HERANA,4,mpan,
"MAMBOLY VARY, TSARAMASO",4,"mam, var, vary, mboly",
GARDIEN AMIN'NY CMDM,3,,
PRESIDENT DE FOKONTANY,3,tany,
"MAMBOLY VARY,TSARAMASO",3,"mam, var, vary, mboly",
CONDUCTEUR DE TRAIN,3,,
PITANA ANTSORATRA AMINY USINE DECORTIQUER,3,,
MPAMPIANATRA INFORMATIQUE @ LYCEE (FRAM),3,"mpi, mpam",
MPAMPIANATRA @ EPP (FRAM),3,"mpi, mpam",
MPIVAROTRA COMPOSE MANDENDE,3,"mpi, man, var",
MIVAROTRA GAZETY LANY DATY,3,"miv, var",
MPIVAROTRA VARY (demarcheur),3,"mpi, var, vary",
MITANTITRA ENTANA AM BISIKILETA (livreur),3,entana,
GARDIEN AN'OLONA,3,,
GARCON DE CHAMBRE,3,,
CUISINIER AO AMIN EXTRA PIZZA,3,,
MPITONDRA POUSSE BYCICLETTE,3,mpi,
SAGE FEMME (VACATAIRE) AU MARIE STOP MAHAJANGA,3,,
MANAO ART MALAGASY,3,man,
MIVAROTRA PATSA,3,"miv, var",
"MPIVAROTRA KOJAKOJA MANDEHANDEHA (CEINTURE,TORCE;;",3,"mpi, man, var",
MAMBOLY ANANA(manampy tokantrano),3,"mam, man, trano, rano, mboly",
MPIARAKANDRO OSY,3,mpi,
MIVAROTRA PIECES MOTO,3,"miv, var",
MPIVAROTRA FITAOVANA FANAMBOARANA TRANO,3,"mpi, var, trano, rano",
MPIVAROTRA AO TRANO,3,"mpi, var, trano, rano",
MANAMPY MIOMPY KISOA,3,man,
SIVANA VOLAMENA,3,,
MPAMPIANATRA AMIN'NY EPP ANKIJANIFOTAKA,3,"mpi, mpam",
MPAMPIANATRA FRAM AMIN'NY EPP ANKIJANIFOTAKA,3,"mpi, mpam",
MPAPIANATRA  CEGE,3,,
MAPIANATRA @EPP,3,,
CAISIERE,3,,
PROGRAMMATION,3,,
MIKARAMA MAMOFY VOANJO ISAN ANDRO,3,"mam, karama",
MIARAKA MANAO BIRIKY AMIN OLONA,3,man,
COORDONATRICE DE L'ORGANISATION NON GOUVERNEMENTAL,3,,
MABOLY LA VANILLE SY VARY,3,"var, vary",
PLONGEUR,3,,
SECRETAIRE PARTICULIER,3,,secretaire
MITANGO RAVIYTSARA ATAOA ANATY PK,3,,
MPITOTO VARY AO AMIN NY MACHINE,3,"mpi, var, vary",
MAMBOLY VARY  SY TSAKO,3,"mam, var, vary, mboly",
MIOMPY VORINTSILOZA,3,,
MIOMPY BENGY,3,,
MPAMBOLY TRAKA,3,"mboly, mpam",
MANDISA VARY AKOTRY,3,"man, var, vary",
Manampy mivarotra PPN sy LAMBAHOANY,3,"man, miv, var, lamba",
MIVIDY VY,3,miv,
"Mpamaky vato(melon,gravion)",3,mpam,
PORTEURS DE COLIS,3,,
MPAMPIANATRA PRESCO @EPP,3,"mpi, mpam",
MANAMBOATRA DOBO FIOMPIANA TRONDRO,3,"mpi, man",
VAROTRA LEGUME,3,var,
MPANJAITRY LAY,3,mpan,
"MPIASA ANTRANO,MIVAROTRA MANAMPY NY TOKANTRANO",3,"mpi, man, miv, var, trano, rano",
MPIASA ANTRANO(mivarotra mpanampy ny tokantrano,3,"mpi, miv, var, trano, rano, mpan",
MIVAROTRA LAMBANJAZA,3,"miv, var, lamba",
MIKARAMA MITRANDRAKA VOLAMENA,3,karama,
MANAMBOATRA CAFE,3,man,
GAGOTTE,3,,
MPANAO SARAKA NATSAHA,3,mpan,
MPANAO CHARBON DE BOIS,3,mpan,
SARAKA ANTSAHH,3,,
MPAMBOLY MADINIKA(PARAKY),3,"mboly, mpam",
CAISSIERE BANQUE,3,,
MIKARAMA MANAMBOTRA TRANO,3,"man, trano, rano, karama",
MIKARAMA MANAO TENINA,3,"man, karama",
MPITATAMBOLA ANY LYCEE,3,mpi,
MIVAROTRA BETSABETSA,3,"miv, var",
FIVAROTANA SAKAFO MASAKA,3,var,
MIVAROTRA PPN MOFO AKONDRO,3,"miv, var, mofo",
MIKARAKARA BIBY FIOMPIN OLONKAFA,3,mpi,
MAMBOATRA KIFEHY LANDY,3,mam,
MANJONO TSONDRO ANDRANOMAMY,3,"mam, man, rano",
MMAMBOLY VARY,3,"mam, var, vary, mboly",
MAMPIANATRA @ LYCEE,3,"mpi, mam",
AIDE CHAUFEUR,3,,
MPANAMBOATRA SY MPIVAROTRA BRIOCHE,3,"mpi, var, mpan",
MIOVAROTRA VOSARY MAKIRANA SY TONGOLO,3,var,
MPANAMBOATRA APPAREIL SIMBA,3,mpan,
MPABOLY VARY SY MPIOMPY OMBY,3,"mpi, var, vary, omby",
MITOTO HENA,3,,
MIVAROTRA CONFENCTION,3,"miv, var",
PROFESSEUR DE L'UNIVERSITE,3,,
MIVAROTRA BROCATEURS PIECE FIARA,3,"miv, var",
MANAO SY MIVAROTRA HANIMASAKA,3,"man, miv, var",
CHAUFFEUR @NA ORINASA,3,,chauffeur
TOMPONA RESTAURANT,3,,
MPITSANDTRAKA VOLAMENA,3,mpi,
MPITSANDRAKA VOLAMENA,3,mpi,
CHEF DE DIVISION,3,,chef
MANDRARY POKETRA VITA GASY,3,man,
MIVAROTRA ENTAMADINIKA (PPN),3,"miv, var",
VAROTRA MADINIKA PPN AO ANTRANO,3,"var, trano, rano",
MIANTOBARY,3,,
FIKARAKARANA KISOA,3,,
MIKARAKARA KISOA,3,,
CONSEILLER COMMUNE,3,,conseiller
MPANAO TOAKA GASY,3,mpan,
ANIMATEUR ( MPIVAROTRA PUCE MANDEHANDEHA @ ARABE P,3,"mpi, man, var",
PERSONNEL ADMINISTRATIF AU LYCE,3,,
MANOEUVREµ,3,man,
MIVAROTRA CONCOMBRE DE MER,3,"miv, var",
MPAMPIANATRA @EPP,3,"mpi, mpam",
MPAMPIANATRA AMININ'NY SEKOLY TSY MIANKINA AMBARAT,3,"mpi, mpam",
MPIVAROTRA VARY SY MONGO,3,"mpi, var, vary",
MAPIANATRA AMIN'NY CEG AMBATOMASINA,3,,
MAMPIANATRA MITENDRY CLAVIER,3,"mpi, mam",
MANAO REPARATION KIRARO,3,man,
VAROTRA  EPICERIE,3,var,
GERANT DU BUNGALOW,3,,
DIRECTRICE EPP,3,,
MPANADIO CACAO,3,mpan,
MPITONDRA LAKANA ANDRANOMAMY,3,"mpi, mam, rano",
MIVAROTRA FRIPERIE ENY ANTSENA,3,"miv, var",
MIVAROTRA LOAN-DAMBA,3,"miv, var",
MIKIARAKARA OMBY,3,omby,
MIVAROTRA AKONDRO AMBONY LATABATRA AKALAMANJANA,3,"man, miv, var",
MANAMPY MIVAROTRA ZAVAPISOTRO,3,"man, miv, var",
MAPANAO COURS,3,,
COLLECTEUR VOAMAINA,3,,
maçons (sarakatsaha),3,,maçon
RESPONSABLE DU SOLDE AO AMIN NI SICSO ARIVONIMAMO,3,mam,responsable
AIDE  CHAUFFEUR,3,,chauffeur
MPIKAPO BATO,3,mpi,
MANAO CHROMER,3,man,
MPANAO VILANY,3,mpan,
MIVAROTRA GARGOTE,3,"miv, var",
CHARGER CLIENTELE,3,,charge
DOMESTIQUE MENAGE,3,,
COMMISSIONNAIRE JIROFO SY VANILLE,3,,
MPAMPIANATRA ECOLE PRIMAIRE,3,"mpi, mpam",
COMMISSIONNAIRE LA VANILLE ET JIROFO,3,,
MIASA ANY AMINY CYBER,3,,
MPANJAITRA KIRARO SIMBA,3,mpan,
VETERNAIRE,3,,
MANAMPY MIVAROTRA AMIN'NY MAGASIN,3,"man, miv, var",
MPITAONA ENTANA (dockeur),3,"mpi, entana",
COMPTABLE CADRE,3,,"comptable, cadre"
MPIVAROTRA RONONO MANDEHA,3,"mpi, man, var",
MAMETRAKA CARREAU,3,mam,
CONTROLE @CASSE DEPAGNE REGISTRE PAPIER ANY CAISSE,3,,
MPAMBOLY KATSAKA SY TSARAMASO,3,"katsaka, mboly, mpam",
MIVAROTRA MANGAHAZO MAINA,3,"man, miv, var",
SARAKANTSAHA MIAVA VARY,3,"var, vary",
MPAMBOLY MADINIKA(VOATAVO),3,"mboly, mpam",
FAMBOLENA VARY (MADINIKA),3,"var, famb, vary",
MITANTANA FAMPANOFANA POSY,3,mpan,
MIANDRAIKITRA OMBIVAVY BE RONONO,3,,
TALEN'NY SEKOLY,3,,
MPAMPIANATRA AO AMIN'NY LYCEE,3,"mpi, mpam",
MPIVAROTRA MOFO DONATY,3,"mpi, var, mofo",
MPANAO ARINA FANDREHITRA,3,mpan,
CHOFFEUR BADJAJ,3,,
MANERA ENY AMIN NY TAXIBROUSSE,3,man,
MIANDRY TANANA,3,,
MECANICIEN MIASA TENA,3,,
MIVAROTRA ECOUTEUR,3,"miv, var",
STAGE,3,,
MAGISTRA,3,,
MPAMPIANATRA PRIMAIRE PRIVE,3,"mpi, mpam",
VENDEUSE DE BRÈDES,3,,
MPIVAROTRA LA SOUPE,3,"mpi, var",
POLISY COMMUNAL,3,,
MANAMPY AMNI FANEFENA VY,3,man,
MAMBOLY VARY SY MANIOC,3,"mam, man, var, vary, mboly",
GARDIEN FIANGONANA,3,,
MPANAMBOATRA VARAVARANA FIARA,3,"var, mpan",
MANAMPY MANEFY,3,man,
PRETRA ORTHODOX,3,,
MITADY VOLAMENA,3,,
DOMESTIQUE AM HOTEL,3,,
FAMBOLENA CACAO,3,famb,
MPIANDRY OMBY SY KISOA,3,"mpi, omby",
MPANENDY MOFO BAOLINA,3,"mofo, mpan",
MPAMBOLY MANGAHAZO SY VARY ARY OVY,3,"man, var, vary, mboly, mpam",
NIVAROTRA FRIPPE,3,var,
SARAKATSA ANGADY OMBY,3,omby,
MPAMBOLY TONGOLO GASY,3,"mboly, mpam",
MPANAMBOATRA CLARINETTE YAOURT SIROP,3,mpan,
MANAO LAVA DRANO,3,"man, rano",
INSPECTEURS DU TRESOR,3,,
MPIVAROTRA PPN SY PRODIUT COSMETIQUE,3,"mpi, var",
MPANAO MOFO JUS YAOURT,3,"mofo, mpan",
MPIKARARA MPIANATRA AO ANTOKATRANO,3,"mpi, trano, rano",
MIANTOKA MOFO KETA-POTSY,3,mofo,
DERMACHEUR,3,,
MIVAROTRA PATISSERIE,3,"miv, var",
COMMERCE ELECTRICITE,3,,
MPAKA RANO,3,rano,
DEMARCHEUR ENTANA OCASION,3,entana,
JOCKER MPIBATA ENTANA,3,"mpi, entana",
MIVAROTRA AMIN NY BAR,3,"miv, var",
MANAMBOATRA SY MIVAROTRA MOFO GASY,3,"man, miv, var, mofo",
MAMPIANATRA MALAGASY @CEG,3,"mpi, mam",
"DEPANNEUR ( TELE , RADIO )",3,,
SERVEUSE AMIN RESTAURANT,3,,
MPANJAITRA AO AMIN ECOLE SAINT JOSEPH DE CLUNY,3,mpan,
POMPIER,3,mpi,
MANAGER,3,man,
MPITONJA BAJAJ,3,mpi,
MPANAO SARIKATRAHA,3,mpan,
ASSISTANT PEDAGOGIQUE,3,,assistant
RESPONSAMBLE DE PLATEAU,3,,
ENSEIGNANT SUPERIEUR,3,,
MIVAROTRA @ BAR,3,"miv, var",
MANASA LAMBA @ OLONA,3,"man, lamba",
MAMBLY LAISOA,3,mam,
MANAMBOTRA SAKAFO MASAKA,3,man,
MANERA SY MIBATA HAZO,3,man,
MANAGER RESPONSABLE MITANTANA EQUIPE,3,man,responsable
MPANAO PATY GASY,3,mpan,
CHAUFER TUC TUC,3,,
MPANAMPY NY TONKATRANO,3,"trano, rano, mpan",
MANAO CROCHET VITA AMIN'NY TADIN-DROFIA,3,man,
MAMPIANATRA AMIN LYCEE TSIEBO KALVIN,3,"mpi, mam",
MPANAMBOTRA BICYCLETTE,3,mpan,
MIVAROTRA LOVIA,3,"miv, var",
"MIVAROTRA LEGUMES (OVY, KAROTY, sns)",3,"miv, var",
MPISAFO ALA,3,mpi,
MPITAONA ENTANA AMIN'NY SARETIN'OMBY ANY TOKANTRAN,3,"mpi, omby, entana",
MIAMBINA PAOMPY,3,,
MAMBOLY AKONDRO,3,"mam, mboly",
FITANTERANA AN-DRANOMAMY,3,"mam, rano",
KIBAROHA,3,,
MPANERA ENY AMIN'NY STATIONNEMENT,3,mpan,
mpampianatra fram,3,"mpi, mpam",
"Mamboly vary,katsaka",3,"mam, var, vary, katsaka, mboly",
MPICHARGE TELEPHONE,3,mpi,charge
MPANDISA VARY,3,"var, vary, mpan",
DIRECTION REGIONAL DE POLICE,3,,
DIRECTION REGIONAL DU TRANSPORT ET LA METEOROLOGIE,3,,
MIKARAMA MANAO ASA FAMBOLENA AMIN'OLONA HAFA,3,"man, famb, karama",
VENDEUR SINOA,3,,vendeur
MPANAO VOVO,3,mpan,
MIANTOKA VARY AMIDY,3,"var, vary",
MPAMBOLY GIROFLE ET VANILLE,3,"mboly, mpam",
MPAMPIANATRA AMINY ECOLE PRIMAIRE PRIVEE,3,"mpi, mpam",
MPIVIDY SADY MPIVAROTRA OMBY,3,"mpi, var, omby",
MANGADY VOLAMENA,3,man,
GARDIEN N'NY TANANAN'OLONA,3,,
MPITOTO KATSAKA,3,"mpi, katsaka",
MPANAO FINITION FANAKA,3,mpan,
MPIVAROTRA VOASARY,3,"mpi, var",
SARAKA HATSAHA,3,,
MPANAO MOFO GASY,3,"mofo, mpan",
NANAMBOTRA FEFY,3,,
MANAO MOFO KAZAHA,3,"man, mofo",
ASA TRANO,3,"trano, rano",
PERSONNEL DE SERVICE,3,,
MIASA MANASALAMBA,3,"man, lamba",
MANDRANDRANA,3,man,
GERANT TRANSPORT,3,,
COMPTABLE BANQAIRE RETRAITE,3,,comptable
MIVIDY DIA MIVAROTRA TRONDRO MAINA SY KAPA,3,"miv, var",
mividy dia mivarotra trondromaina,3,"miv, var",
MPIVAROTRA ENTA-MADINIKA MANDEHANDEHA,3,"mpi, man, var",
MANAMPY FIANANKAVIANA,3,man,
MANGADY VATO,3,man,
MITRANDRAKA VATO SOA,3,,
MPITRANDRAAKA VATOSOA,3,mpi,
MPIVAROTRA MATERIEL ELECTRONIQUE,3,"mpi, var",
MIVAROTRA FITAOVAN-DAKOZIA,3,"miv, var",
TRANSPORTEUR @TAXI BROUSSE,3,,
MANAMBOTRA GOUTTER MPIANATRA,3,"mpi, man",
MIVAROTRA VOANKAZO(paoma),3,"miv, var",
MAKA DRAKAKA SY TSIVAKIA,3,,
MITRANDRKA VOLAMENA,3,,
CHEF DE ZONE,3,,chef
CHAUFFEUR TAXI BROUSSE(REGIONALE),3,,chauffeur
MPIVAROTRA SAFIRA(DEMARCHEUR),3,"mpi, var",
MPIVAROTRA KOJA MPAOMPY SY FATAPERA,3,"mpi, var",
COMPTABLE AU POINT  DE VENTE PRIVE,3,,comptable
COMPTABLE JIRAMA BESALAMPY,3,,comptable
mpivarotra lamba,3,"mpi, var, lamba",
MPANDEFA VOLA,3,mpan,
MPIKARAKARA SOAVALY,3,mpi,
ELECTRONICIEN MAHALEOTENA,3,,
ENTREPRENEUR:CONSTRUICTION BATIMENT REABILITATION,3,,
MAMPIANANTRA MATHEMATIQUE AMBARATONGA AMBONY,3,"mpi, mam",
CHEF DE SERVICES AO AMINY LABORATOIRE,3,,chef
MIASA MANAO CHARPANTIER,3,man,
MPIASA MANAPAKA FARY,3,"mpi, man",
MPAMPIANATRA @ LYCEE-MPANJAKANA,3,"mpi, mpan, mpam",
MIVAROTRA LAY SY COUVRE LIT,3,"miv, var",
MANERA SY MIKARAKARA TARATASIN'OMBY,3,"man, omby",
"MAMBOLY VARY,MANGAHAZO,TSARAMASO",3,"mam, man, var, vary, mboly",
MIKARAMA MIVAROTRA TAOVAN-KENA,3,"miv, var, karama",
FANAOVANA SARAKA ANTSAHA,3,,
QUARTIER MOBILE,3,,
BROCATEUR,3,,
ASSISTANCE DE SECTION,3,,
"MPANPAKA HAZO,MIVAROTRA",3,"miv, var, mpan",
MANERA TAXIBROUSSE,3,man,
SARAKA AN-TSAHA(KIBAROA),3,,
ASA-TRANO,3,"trano, rano",
MANADIO CACAO,3,man,
COLECTEUR TRONDROMAINA,3,,
MPAMPIANATRA HISTO-GEO,3,"mpi, mpam",
MPAMPINATRA MALAGASY,3,"mpi, mpam",
CHAUFFEUR TAXIBROUSSE ZONE NATIONALE,3,,chauffeur
MIKARAMA MPANDOKO TRANO,3,"trano, rano, karama, mpan",
TAXI,3,,
"NAMBOLY VARY,OVY,KATSAKA,VOMANGA,TSARAMASO,MANGAHA",3,"man, var, vary, katsaka, mboly",
"NAMBOLY VARY,OVY,KATSAKA,TSARAMASO,VOMANGA",3,"man, var, vary, katsaka, mboly",
"NAMBOLY VARY,OVY,VOMANGA,TSARAMASO,KATSAKA",3,"man, var, vary, katsaka, mboly",
NIAVA TANY FAMBOLENA,3,"famb, tany",
SARAKA AN-TSAHA (KIBAROA),3,,
MPITARI-POUSE POUSSE(Cyclo-Pousse),3,mpi,
MPIVAROTRA LAMBA CONFECTION ENY ANTSENA,3,"mpi, var, lamba",
MPAMPIANATRA AMIN NY LYCEE,3,"mpi, mpam",
MPIVAROTRA FRIPY MANDEHANDEHA,3,"mpi, man, var",
MIVAROTRA CAFE,3,"miv, var",
BOUCHER (BOEUF ET PORC),3,,
MIASA TANA,3,,
FORMATEUR VIE ACQUATIQUE,3,,
MPIVAROTRA MPANAMPY FIANAKAVIANA,3,"mpi, var, mpan",
MIVAROTRA RANOMBOAKAZO,3,"miv, var, rano",
MPANAO MACON,3,mpan,
MIVAROTRA RONONO VELONA,3,"miv, var",
CHAUFFEUR DE CAMIONS,3,,chauffeur
MIOMPY AKOHO SY VORONA,3,akoho,
MIKARAMA MANAMBOATRA TOAKA,3,"man, karama",
MIVAROTRA DRONDRO,3,"miv, var",
MECANICIENNE ( silent bloc),3,,
ASSISTANT RH,3,,assistant
MAMPIANATRA @AMBARATONGA FAHAROA,3,"mpi, mam",
"MAMBOLY VARY,MANGAHAZO,KATSAKA",3,"mam, man, var, vary, katsaka, mboly",
MANAMPY NY VADINY MAMBOLY VARY SY MANGAHAZO,3,"mam, man, var, vary, mboly",
GENDARME MECANICIEN,3,,
JURISTE AO AMIN'NY COMMUNE,3,,
INSTALATION ELECTRICITE,3,,
SARAKATSAHA MIHAVA VARY,3,"var, vary",
Infirmier à l'hopital CEJIRA,3,,
FAMBOLENA KATSAKA,3,"famb, katsaka",
PASITERA KRISTIANINA MIARAKA MIVAVAKA,3,miv,
ASSISTANTE DE DIRECTION,3,,assistant
CHAUFFEUR TAXI-BE,3,,chauffeur
MAMPITERAKA,3,"mpi, mam",
MIVAROTRA TELEPHONE SNS,3,"miv, var",
TRICOTEUSE,3,,
MIVAROTRA MINE SAO MANDEHANDEHA,3,"man, miv, var",
MIVAROTRA AO AMIN NY QUINCAILLERIE,3,"miv, var",
MPIANDRY FONJA,3,mpi,
MAMBOLY LA VANILE,3,"mam, mboly",
MANIVAGNA VOLAMENA,3,man,
MANAO CANAL AM ANGADY,3,man,
MACON MANDAVAKA CANAL @ ANGADY,3,man,
MIVAROTRA TRONDRO ANDRANOMASINA,3,"miv, var, rano",
CONDUCTEUR DE TRAVEAUX,3,,
MIVAROTRA PRODUITS COSMETIQUE,3,"miv, var",
MPANAO KIBARO,3,mpan,
MPANAO GATEAU,3,mpan,
DIRECTRICE @EPP,3,,
MPVAROTRA COMPOSE,3,var,
CHAUFFEUR CAMIONETTE,3,,chauffeur
CHEF CUISINIER,3,,chef
OPERATEUR INFORMATIQUE,3,,
MPANDRARE TSIHY,3,mpan,
COMPTABLE AO @ REFRIGEPECHE,3,,comptable
AGANT COMMUNAURAIRE,3,,
MIKARAMA MITATITRA RANO,3,"rano, karama",
MANAMBOATRA FALADIANA KAPA HODITRA VITA GASY,3,man,
MPIVAROTRA RONONO,3,"mpi, var",
MANARATO TRONDRO ANDRANOMASINA,3,"man, rano",
CAPITONAGE,3,,
MIVAROTRA AKANJO CONFECTION,3,"miv, var",
MPAMBOLY VARY SY VOANJO MENA,3,"var, vary, mboly, mpam",
MPAMBOLY VARY SY FARY ARY MIOMPY AOMBY SY AKOHO,3,"var, vary, omby, akoho, mboly, mpam",
MPABOLY LA VANNILLE,3,,
MPANAMPY @ FANJONOANA,3,mpan,
MPANAMBOATRA TRANO VITA @ HAZO,3,"trano, rano, mpan",
MPANDRAFIREA TRANO,3,"trano, rano, mpan",
SARAKATSAHA MAMBOLY VARY,3,"mam, var, vary, mboly",
MIVAROTRA HANANA,3,"miv, var",
MPIVAROTRA QUINQUELLERIE,3,"mpi, var",
CHAUFFEUR PERSONNEL AU MINISTERE DE FINANCE,3,,chauffeur
COMPTABLE AU CEP MADAGASCAR,3,,comptable
MPANAMPY FINAKAVIANA @ FAMBOLENA VARY,3,"var, famb, vary, mpan",
ASSISTANTE ADMINISTRATIVE FINANCIERE AO AMIN ASSOC,3,,assistant
ENTREPRENEUR PUBLIC,3,,
MANAMPY FANAOVANA MOFO,3,"man, mofo",
"MPAMBOLY VOAMANGA(BELE,BAGEDA)",3,"man, mboly, mpam",
MIVAROTRA ENTANA MADINIKA EPICERIE,3,"miv, var, entana",
MIVAROTRA VAVAN'OMBY MASAKA,3,"miv, var, omby",
COUPEUR AO @ ZONE,3,,
MACHINSTE AO @ ZONE,3,,
ENSEIGNANT LYCEE,3,,
MPIVAROTRA GLASE,3,"mpi, var",
CHAUFEUR ENTREPRISE EDM,3,,
MANAPY VANILLE,3,man,
DEMARCHEUR (COMMISSIONNAIRE),3,,
MANAO JOURNIER,3,man,
CONSEILLEUR DU SANTE DINAFARA,3,,
MANAO ASA ATSELIKA,3,man,
SARAKATSAHA KETSA,3,,
GARDIEN DE LA SOCIETE SOAVANIO,3,,
"MPIVAROTRA TOMATE, TONGOLO,LOKOSIRA SY CHARBON",3,"mpi, var",
MPIANDRY ZAZA AMIN'NY SEHATRA MAHASOA,3,mpi,
MAMBOATRA RADIO,3,mam,
ASSISTANT DE PROJET,3,,assistant
RESPONSABLE DE SUIVI ET D'EVALUATION,3,,responsable
RESPONSABLE DE SOLDE,3,,responsable
PENITENTIAIRE,3,,
MPAMBOLY VARY SY LA VANILLE,3,"var, vary, mboly, mpam",
MANA0 SOUDIRE,3,man,
MIVAROTRA EPICE MANDEHANDEHA,3,"man, miv, var",
GERANTE GROSSISTE ZAVA PISOTRO,3,,
MANAMPY OLONA MAMBOLY VANILLE,3,"mam, man, mboly",
MPITATITRA CHARBON AMIN'NY SARETY,3,mpi,
COMMERCE DE LEGUME,3,,
MAMPINATRA AMIN'NY EPP,3,"mpi, mam",
CHAUFFEUR DRSP,3,,chauffeur
MANDRAY HARONA,3,man,
RESPONSABLE OPERATEONNEL(Volet Sociale),3,,responsable
RESPONSABLE OPERATIONNEL(Micro-Credit),3,,responsable
MPAMPIANATRA KUNG-fu,3,"mpi, mpam",
MIVAROTRA TAVOANGY SY POMME,3,"miv, var",
MIVAROTRA POMME SY TAVOANGY,3,"miv, var",
MANARATO TRONDRO HAMIDY,3,man,
MIVAROTRA CAKE,3,"miv, var",
MPANAMBOATRA TAPIS,3,mpan,
MIVAROTRA YAOURT SY JUS,3,"miv, var",
MANAO SY MIVAROTRA JUS SY YAOURT,3,"man, miv, var",
COUPER AO AMINY AQUARELLE (MANDIDY LAMBA),3,"man, lamba",
MACHINISTE DE BOIS,3,,
VAGMESTRE ET RESPONSABLE DE L'ELEVAGE,3,,responsable
MITONDRA BORETY ITONDRASANA ENTANA,3,entana,
MITAZONA BAR,3,,
MPIZARA VARY NY MPIANATRA,3,"mpi, var, vary",
MPANAO PARPAING,3,mpan,
MIVAROTRA TOAKA AM MANGAZAY,3,"man, miv, var",
MPAMAKY SY MPANAMBOATRA VATO(TAILLEUR DES PIERRES),3,"mpan, mpam",
MANBOLY VARY SY KATSAKA,3,"man, var, vary, katsaka",
DOS D'HOMME,3,,
FANDRIANA LATABATRA SEZY ARMOIRE,3,,
MAGASINNIER,3,,
BRIGADE FORESTIERE,3,,
Mamboly Vary sy Anambe,3,"mam, var, vary, mboly",
MIVAROTRA BOIS CARE,3,"miv, var",
SARAKATSAHA BARAMOTRAKY SY MANDOMAKY,3,man,
MPANANAO SARAKA ANTSAHA,3,mpan,
DOKER AO AMINY SOCIETE RATSIMAMANGA,3,"mam, man",
MIOTY RAVINKAZO ATAO FANAFODY ATERINA AO AMINY RAT,3,,
"MAMBOLY VARY,VOANJO,ANANA",3,"mam, var, vary, mboly",
MPANAMBOATRA SY MPIVAROTRA MOFO GASYµ,3,"mpi, var, mofo, mpan",
"MPAMBOLY VARY, KIDA,MANGAHAZO",3,"man, var, vary, mboly, mpam",
SEFO FOKONTANY ANDRANOJONGY,3,"tany, rano",
ASSISTANT DE DIRECTION,3,,assistant
CHAUFFER TAXIBE,3,,
MIVAROTRA VAVANOMBY,3,"miv, var, omby",
MIVAROTRA CHARBON AMIN'NY GONY,3,"miv, var",
MPIVAROTRA EPICERIE SY GARGOTTE,3,"mpi, var",
MAMBOLY VARY ANATY TANO,3,"mam, var, vary, mboly",
MIVAROTRA TALAPERAKA,3,"miv, var",
MAKA TALAPETRAKA,3,,
MANAMPY AMINY FAMBOLENA ANANA,3,"man, famb",
MACON AN'OLOTSOTRA,3,,
MPAMBOLY KAROTY SY HARICOT VERT ARY OVY,3,"mboly, mpam",
MPAKA VILONA,3,,
SARAKATSAHA LA HERSE SY MANDOMAKY,3,man,
SARAKATSAHA MANETSA,3,man,
MPITATITRA OLONA @ BISIKILETA,3,mpi,
"MANAO PHOTOCOPIE,SAISIE,IMPRESSION",3,man,
MANAMBOTRA JUS DE FRUIT,3,man,
MIVAROTRA DRAP,3,"miv, var",
MANAMPY OLONA MAMBOLY VARY,3,"mam, man, var, vary, mboly",
MANAO KIBAROA DOKERA MIBATA SIRA,3,man,
SECRETAIRE COMPTABLE TRESORT,3,,"comptable, secretaire"
PERCEPTEUR,3,,
AGENT SECURITE ACCESS,3,,agent
NITSIMPONA KARETSIKA,3,,
MIDRONGA,3,,
ELECTRIEN,3,,
MANEFY VOLAFOTSY,3,man,
MANOEUVRE CONSTRUICTION,3,man,
MANOEUVRE CONTRUICTION,3,man,
MIVAROTRA LETCHIS SY MANGA,3,"man, miv, var",
MANAO VENTE EN LIGNE,3,man,
MIARAMILA ZAZAVAO,3,,
RESPONSABLE RESSOURCE HUMAINE,3,,responsable
RESPONSABLBE D'ESCALE TSARADIA,3,,
SARAKANTSAHAµ,3,,
MANOEUVRE AGRICOL,3,man,
MAPMARITRA BAKOLY ENY AN TSENA,3,,
AIDE DE MENAGE / DOMESTIQUE,3,,
CONDUCTEUR  DE POUSSE-POUSSE,3,,
MPVAROTRA ANANA,3,var,
MPIVAROTRA MANAO EPICERIE,3,"mpi, man, var",
MIVAROTRA FA NAFODY,3,"miv, var",
HIRAKIRAKA,3,,
MANETY,3,man,
MPIVAROTRA FILAO MAINA,3,"mpi, var",
MPANASA LAMBA AN'OLONA ISAN-TOKANTRANO,3,"lamba, trano, rano, mpan",
MIVAROTA VY,3,"miv, var",
CAPITAINE MILITAIRE,3,,
MIVAROTRA AKANJO FRIPERIE,3,"miv, var",
MIVAROTRA SAMBOSA,3,"miv, var",
MAGNERA VAROTRA AOMBY,3,"var, omby",
MIANDRY PARKING AUTOMOBILE,3,,
"MIVAROTRA CAFE,MOFO",3,"miv, var, mofo",
"MIVAROTRA CAFE,mofo",3,"miv, var, mofo",
MIVAROTRA SAKAFO MASAKA MIPETRAKA,3,"miv, var",
MPIVAROTRA NEM,3,"mpi, var",
MIVAROTRA VARY AMIN ANANA,3,"miv, var, vary",
REFERENCEUR WEB,3,,
NAGNOSY,3,,
MIKARAMA MANAMBOATRA SATROKA SY POKETRA ROFIA,3,"man, karama",
"MANJAITRA RIDEAU,NAPPE, LAY,DRAP",3,man,
MITONDRA FIARA,3,,
CHAUFFEURE TAXI BE 143,3,,chauffeur
MANAMBOTRA HENA BAOLINA,3,man,
MPAMPIANATRA PROF FRANCAIS,3,"mpi, mpam",
MAMATOTRA SAUCISSE,3,mam,
CHAUFEUR POID LOURD,3,,
GARDIEN NY MACHINE MPANOFA HAZO,3,mpan,
MIVAROTRA SAKOA,3,"miv, var",
DOKERA MIASA TENA,3,,
B0ULANGERIE,3,,
PROF DE FRANCAIS,3,,
MIKARAMA MAMBOLY VARY SY MANGAHAZO(KARAMA TAPAKA),3,"mam, man, var, vary, mboly, karama",
MIKARAKARA GIROFLE,3,,
SARAKATSAHA MIAVA VARY,3,"var, vary",
MANAO SARAKATSAHA MAMBOLY TSARAMASO,3,"mam, man, mboly",
MIANTOKA ANKOHO DIA AMIDY,3,,
RESPONSABLE ENVIRONNEMENTAL,3,,responsable
MANDRARY TSIHY SY TSIKELO,3,man,
MPIANDRY BIBY FIOMPY OSY,3,mpi,
ENSEIGNANT SUPPLEANTE A L'ECOLE PRIMAIRE,3,,
MITSIMPONA JIROFO,3,,
MAMBOATRA MOTO NA FIARA SIMBA,3,mam,
MANAMPY NY VADINY MAMBOLY VARY,3,"mam, man, var, vary, mboly",
MIVAROTRA KITAPO GONY,3,"miv, var",
MANATITRA PIANATRA,3,man,
MIVAROTRA FITAOVANA ANDAKOZIA,3,"miv, var",
PLANTEUR DES VANILLES,3,,
MPITANDRO NY FILAMINANA,3,mpi,
NANAVOKETSA,3,,
AGENT DE BARRIERE AO MPANAO LAVAGE TOMOBILE,3,mpan,agent
MPANAMBOATRA SAVONY,3,mpan,
CHAUFFEUR DE VOITURE D'UNE SOCIETE PRIVE,3,,chauffeur
MANASA LAMBANA TOKATRANO MAROMARO,3,"man, lamba, trano, rano",
MAMAROTRA HANINA MASAKA,3,mam,
MIVAROTRA SAKAFO MANDEHA,3,"man, miv, var",
OUVRIER POLIVALENT,3,,ouvrier
MPALPIANATRA,3,,
SARAKATSAHA MIHAVA BALAHAZO SY KATASAKA,3,,
MPIVAROTRA GANA,3,"mpi, var",
MPIASA MPAHASALAMANA,3,"mpi, man",
MANADIO TATATRA SY LALANA,3,man,
MANAVAKA JIROFO,3,man,
LIVREUR PRODUIT STAR,3,,
MANAMPY MIVAROTRA ANANA,3,"man, miv, var",
JOURNALIER MISANGOTRA JIROFO,3,,
MPIBATA ENTANA NA DOKERA,3,"mpi, entana",
MPANAMPY TRANO,3,"trano, rano, mpan",
RESPONSABLE DE CREDIT OTIV,3,,responsable
SARAKATSAHA SISIN-TALAKY SY LAHERSE,3,,
SARAKANTSAHA NA KIBARAO,3,,
NAVIGATEUR,3,,
MIVAROTRA PATY SY BROCHETTE,3,"miv, var",
MANEUVRE,3,man,
AGENT DE MAINTENANCE ELECTRICIEN AO AMINY OSTIE,3,,"agent, electricien"
MPIVAROTRA FOTSIMBARY,3,"mpi, var",
MAMPANOFA CYCLO POUSSE,3,"mam, mpan",
CHARGER D'OPERATION COMMERCIAL,3,,charge
"MANAMPY MAMBOLY VARY, TONGOLO, VOATABIA",3,"mam, man, var, vary, mboly",
"MPAMBOLY VARY, TONGOLO, VOATABIA",3,"var, vary, mboly, mpam",
MAPIDITRA HIRA,3,,
MPAMPIANATRA FRAM AMIN' NY CEG,3,"mpi, mpam",
MIVAROTRA LAMBA MANDEHANDEHA ENTINA AMIN NY TANANA,3,"man, miv, var, lamba",
MIVAROTRA LAMBA MANDEHANDEHA MITETY TANANA,3,"man, miv, var, lamba",
CONTROLEUR AO @ ZONE,3,,
KINANGA LILA,3,,
MPAMBOLY SOJA,3,"mboly, mpam",
MPVATOTRA KITAY,3,,
MISA AN-TRANO,3,"trano, rano",
INFIRMIERE BENEVOLE,3,,
MEDECIN INSPECTEUR,3,,
SERVEUSE @ BAR,3,,
MANAMPY @ TSENANANY VADINY,3,man,
MIOMPY AKOHO MANATODY LAVA,3,"man, akoho",
MAMBOLY  VARY  KATSAKA,3,"mam, var, vary, katsaka, mboly",
MAMBOLY  VARY  MANGAHAZO...,3,"mam, man, var, vary, mboly",
MPANERA JIROFO SY VANILLE,3,mpan,
MACHINISTE @ZONE FRNACHE,3,,
MAMBOLY VARY KATSAKA...,3,"mam, var, vary, katsaka, mboly",
MPIVAROTRA SOUS VETEMENT PRIPPE,3,"mpi, var",
NANAO JOURNEE SARAKATSAHA,3,,
MIKAPOKA VATO HO LASA VATOKELY,3,,
AGENT DE SECURITE PHARMACIE,3,,agent
MPANAMPINA SY MPANAO PNEU,3,"mpi, mpan",
NISANGOTRA JIROFO,3,,
MITANA PA0MPY,3,,
MPANAO PLASTIKA,3,mpan,
MIVAROTRA LAMBA LATABATRA,3,"miv, var, lamba",
MPIVAROTRA LAMBA LATABATRA,3,"mpi, var, lamba",
MPAPIANATRA AMINY EPP,3,,
VAROTRA LAMBA,3,"var, lamba",
MAMPIDITRA HIRA AMINY TELEPHONE,3,"mpi, mam",
GARDIEN MAGASIN DE STOCAGE SIRAMA NAMAKY A MAJUNGA,3,,
COMMISIONAIRE DE VANILLE,3,,
MIOMPY VORONA,3,,
MPANAMBOATRA PNEU,3,mpan,
AGENT D'ASSURENCE,3,,agent
MACON MIASA AMINY OLONA,3,,
DIRECTEUR DE LA PLANIFICATION,3,,directeur
MANAMPY MABOLY VARY,3,"man, var, vary",
MIVAROTRA VOANKAZO MANDENDE,3,"man, miv, var",
MAMORANGO NA MANJONO,3,"mam, man",
"AMPIASAINY PATRON, MANANGONA FRUITS DE MER",3,"mpi, man",
MANAO ASA FAMBOLENA VARY MANAMPY FIANAKAVIANA,3,"man, var, famb, vary",
MAKA RANO AMINY BIDON,3,rano,
MANAMPY MAMPOLY VARY,3,"mam, man, var, vary",
MPIVAROTRA SOBIKA SY KIFAFA,3,"mpi, var",
MPAMBOLY VARY SY BLACK EYES,3,"var, vary, mboly, mpam",
MANAO CACAPIGEON,3,man,
VENDEUSE MAGASIN,3,,
MIKARAMA MIDROAGNA,3,karama,
MIASA MIDROAGNA,3,,
MPANAO PRESSING,3,mpan,
OPERATEUR MACHINE INJECTION,3,,
MANAO ASA SIKOTRA @ VATO,3,man,
MAMBOLY: anana;tsaramaso;,3,"mam, mboly",
MANAMPY MANAO GRAVION,3,man,
MANAO GRAVION,3,man,
SARAKA ANTSAHA( NAMPIAKABARY),3,mpi,
ZANDARIMARIA,3,,
GANDARIMARIA,3,,
FORMATEUR,3,,
SURVEILLON GENERAL,3,,
MPIVAROTRA ENTANA MADINIKA MITETY TSENA,3,"mpi, var, entana",
CHAUFFEUR (SERVICE PATRON),3,,chauffeur
MANJAITRA AKANJO CONFECTION,3,man,
MPANAMBOATRA FANAKA ANTRANO,3,"trano, rano, mpan",
MPITSABO NETIMPAHARAZANA,3,mpi,
MPIKARAMA MANDRARY VOLO TRANO,3,"mpi, man, trano, rano, karama",
MPIASA TGRANO,3,"mpi, rano",
"MIVAROTRA SOUPE,COMPOSE",3,"miv, var",
FANJONOANA CRABES,3,,
"MPANJONO FOZA ORANA""CRABES""",3,mpan,
PIVAROTRA HENA,3,var,
MIOPMY KISOA,3,,
VAROTRA CHARBON,3,var,
MIVAROTRA SAKAFO MASAKA @NY PIANTRINY EGNA,3,"miv, var",
MPANAMPY MPIVAROKENA,3,"mpi, var, mpan",
MANOEUVRE EN BTP,3,man,
MPIVAROTRA HANIMASAKA AMORON-DALANA,3,"mpi, var",
SARAKA AN-tsaha,3,,
saraka an-tsaha,3,,
COMPTABLE MAGASIN,3,,comptable
SAISIE,3,,
MAMBOLY CAROTTE,3,"mam, mboly",
MIVAROTRA FIA MAINA,3,"miv, var",
MPANAO LOCATION VOITURE,3,mpan,
Manasa lamba,3,"man, lamba",
FIOMPIANA AKOHO SY GANA,3,"mpi, akoho",
GARDIEN SAHA,3,,
MPAMPIANATRA ANGLAIS AMIN'NY CEG,3,"mpi, mpam",
SECRETAIRE COMPTABLE LYCEE AMBATOMARINA,3,,"comptable, secretaire"
AGENT DE SECURITE @ TRANON'OLO TSOTRA,3,"trano, rano",agent
SARAKANTSAHA MIJINJA VARY,3,"var, vary",
MPIVAROTRA EPICERIE KELY,3,"mpi, var",
MIVAROTRA BEAUME,3,"miv, var",
VENDEUSE D'ÉPICERIE,3,,
MAGASINIER MATERIEL DU ONG BELLE AVENIR,3,,
MPAMPIANATRA AO @ECOLE PRIMAIRE,3,"mpi, mpam",
PROF MALAGASY,3,,
MPAMBOLY ANTSOROIKA,3,"mboly, mpam",
AGENT DE SECURITE RESTAURANT ALI FRAIS,3,,agent
MPANJONO TRONDRO ANDRANOMAMY,3,"mam, rano, mpan",
MITATITRA ENTANA AMIN NY SARETY MAKANY ANKAZOBE,3,entana,
OUVRIER AGRICOLE( manampy mamboly katty),3,"mam, man, mboly",ouvrier
MPIVAROTRA AKANJO MANDEHANDEHA,3,"mpi, man, var",
MPIVAROTRA CAFE @ SINY MANDEHANDEHA,3,"mpi, man, var",
MITAONA ETANA AMINY  SARETY,3,,
SECURITER SAVONNERIE TROPICALE,3,,
MANIVANA SAPHIR,3,man,
MANAMPY AN TRANO,3,"man, trano, rano",
MITARIKA POUSSE TANANA,3,,
MPAMPIANATRA MATHEMATIQUE SY PHYSIQUE,3,"mpi, mpam",
CHANGE DEVISE,3,,
FITANTERANA(TAXI BROUSSE),3,,
CHAUFFEUR ( taxi-brousse),3,,chauffeur
MITSABO,3,,
MITSABO (DOCTEUR),3,,
CONTROLE NY COUPE,3,,
MPIASAN NY ZONE,3,mpi,
MAGASINIER ZONE FRANCHE TEXTIL,3,,
MAMBOLY JOROFO SY LAVANILA,3,"mam, mboly",
MAMBOLY ANANA SY OVY VOATABIA SY HARICOT VERT,3,"mam, mboly",
MAMBOLY VARY MANGAHAZO SY VOMANGA,3,"mam, man, var, vary, mboly",
VARY,3,"var, vary",
MPIVAROTRA KAKY MANDEHADEHA,3,"mpi, man, var",
MIVAROTRA BOISSON SY LA SOUPE,3,"miv, var",
EPICIère,3,,
SARAKA ANTSAHY,3,,
MPITAIZA ZANA-BAZAHA,3,mpi,
MPANAMBOTRA SIPETY,3,mpan,
MISE EN BOUTEIL DE PRODUIT FRUITIER,3,,
MPIVAROTRA HODITR'OMBY (OBLE),3,"mpi, var, omby",
MIVAROTRA FITAOVANA ANDAKOZIA PLASTIQUE,3,"miv, var",
CHAUFFEUR AMINY HOPTAL,3,,chauffeur
MAMBOLY PETIT POID,3,"mam, mboly",
MPAMBOLY LAISOA SY HARICOT VERT,3,"mboly, mpam",
MPITATITRA RONONO,3,mpi,
MAMBOLY VOANEMBA SY ARACHIDE,3,"mam, mboly",
MPAMBOLY VOANEMBA SY VOANJO,3,"mboly, mpam",
MAMPIANTRA (FRAM),3,"mpi, mam",
MANARATO AO AMIN NY LAC ALAOTRA,3,man,
MPIARAK'ANDRO,3,mpi,
MPIVAROTRA OMBY SY KISOA,3,"mpi, var, omby",
MANDRARY PANIER,3,man,
DOCTEUR LIBRE,3,,
EDUCATRICE AO @ AKANY AVOKO,3,,
RELEVEUR DE FACTURE,3,,
MPANJAITRA (MACHINISTE),3,mpan,
MPANJAITRA (machiniste ao aminy BAOUTO),3,mpan,
MPIVAROTRA AMINA GROSSISTE,3,"mpi, var",
MPANDRARY HARONA,3,mpan,
MIANDRY KISOA SY OMBY,3,omby,
SARAK'ANTSAHA (AM-PARITRA),3,,
MINUISIER,3,,
MAMBOLY VARY SY KAJAHA,3,"mam, var, vary, mboly",
FAMBOLENA VARY SY KAJAHA,3,"var, famb, vary",
MIVAROTRA BEAUME FANAFODY,3,"miv, var",
MPIVAROTRA FILAO AN-DRANOMASINA AMBONGADINY,3,"mpi, var, rano",
MIVAROTRA PRODUIT COSMETIQUES,3,"miv, var",
MIVAROTRA MENAKA MANDEANDEA,3,"man, miv, var",
MANAO VOLO,3,man,
MIVARO-TENA,3,"miv, var",
MIKARAKARA FIOMPIANA KISOA,3,mpi,
CHEF DE SERVICE,3,,chef
MPIVAROTRA SOLDE,3,"mpi, var",
MECANICIEN AMBATOVY,3,,
"MIVAROTRA GOUTER AN'NY MPIANATRA:BISCUIT, BONBONS.",3,"mpi, miv, var",
MPIANATRA SECONDAIRE,3,mpi,
MIASA MANAMPY AO ANTOKATRANO,3,"man, trano, rano",
PERNNEL ADMINISTRATIF LTC,3,,
MAKA FOZA ORANA,3,,
MPAMPIANATRA @ EPP BE MASOANDRO,3,"mpi, mpam",
MANAMPY MPANAO TRANO,3,"man, trano, rano, mpan",
MIVAROTRA LETCHIS,3,"miv, var",
MAMOKATRA SAVONY,3,mam,
MAMBOLY ANANA SY LEGUME,3,"mam, mboly",
MPIVAROTRA KAPA,3,"mpi, var",
PANERA TRANO,3,"trano, rano",
VENDEUSE DANS UNE BOUTIQUE,3,,
CHAUFFEUR MENAGE PRIVEE,3,,chauffeur
MIVAROTRA TONO AKOHO,3,"miv, var, akoho",
MANIHAKA,3,man,
MPITONDRA LAKANA,3,mpi,
MIKARAMA MIVAROTRA FRIPPERIE,3,"miv, var, karama",
MIVAROTRA PNEU AUTOMOBILE,3,"miv, var",
FAMBOLENA LEGUMES,3,famb,
MIVAROTRA PATSA ANTSENA,3,"miv, var",
MIVAROTRA TRONDRO A BAZAR,3,"miv, var",
MPANJONO HAZANDRANOMASINA,3,"rano, mpan",
MIVAROTRA DRAKAKA EO ANTOKOTANY,3,"miv, var, tany",
POMPISTE STATION D ESSENCE,3,mpi,
CONSEILLER COMMERCIAL,3,,conseiller
MIVAROTRA CD MANDEHANDEHA,3,"man, miv, var",
MIASA,3,,
NITAOMBARY,3,,
MIKARAKARA AKOHO AMAM-BORONA,3,"mam, akoho",
SOFERA MPITATITRA ENTANA (vary fotsy),3,"mpi, var, vary, entana",
MIVAROTRA BIDON,3,"miv, var",
MANJONO AN-DRANOMAMY,3,"mam, man, rano",
CHAUFFEUR BAJAJ AN-TAMPON-TANANA,3,,chauffeur
MPIAMBINA BANQUE BFV TSARAMANDROSO,3,"mpi, man",
MIVAROTRA ETANA MADINIKA,3,"miv, var",
MANENDY MOFO,3,"man, mofo",
MAMPIANATRA @ LYCEE MPANJAKANA,3,"mpi, mam, mpan",
COLLECTEUR PRODUITS LOCAUX,3,,
MANAMBOATRA LASOPY SY MOFO,3,"man, mofo",
MPANAO ASA TANANA MANAMBOATRA TAPIS,3,"man, mpan",
RESPONSABLE RESSOURCES HUMMAINE,3,,responsable
MAMPIDITRA HIRA AMORONDALANA (MIASA AMAN'OLONA),3,"mpi, mam, man",
CONSULTANT INDIVIDUEL,3,,
MPIVAROTRA PATTE MASAKA,3,"mpi, var",
MIKASO LALOASY,3,,
MANAMBOATRA SACHET,3,man,
STAGIAIRE MEDECIN,3,,
MPANJAITRA KITAPO SACS,3,mpan,
MAMBOLY AO AMINY ONG SAHANALA,3,"mam, mboly",
SARKATSAHA,3,,
POMPISTE CHEZ JOVENA,3,mpi,
FEMMES DE CHAMBRE,3,,
MPAHANDRO SAKAF0,3,,
FIVAROTANA FARY,3,var,
P0LICE MINISIPALY,3,,
MANAO  SARAKA ANTSAHA,3,man,
MIVAROTRA SORA(labiera Gasy),3,"miv, var",
MIASA AMIN NY MACHINE MITOTO VARY,3,"var, vary",
CHAUFFEUR DE POIDS LOURDS,3,,chauffeur
MANAMPY MIVAROTRA PARAKY,3,"man, miv, var",
Manjono Makamba sy  trondro andranomasina,3,"man, rano",
MIVAROTRA AMIN'I EPICERIE,3,"miv, var",
COMPTABLE AMIN'NY ORINASA PRIVEE,3,,comptable
MANEFY FIRAVAKA,3,man,
MAKA MPIANATRA,3,mpi,
MPANAMBOATRA MENAKA PALMIER,3,mpan,
MIOMPY OMBY LAHY,3,omby,
MPAMBOLY VARY/KATSAKA/TSARAMASO,3,"var, vary, katsaka, mboly, mpam",
CHAUFFEUR CAMIONNETTE,3,,chauffeur
MAMBOLY KATSAKA SY MANGAHAZO,3,"mam, man, katsaka, mboly",
MAMAHANA AKOHO,3,"mam, akoho",
MAMPIASA OMBY AMBOLENA MANGAHAZO,3,"mpi, mam, man, omby",
PAPIANATRA,3,,
DIRECTEUR ECOLE PRIMAIRE PUBLIC,3,,directeur
"MANAO GRAVION,MAELLON sns....",3,man,
"MANAO GRAVILLON,MOELLON,KAYAS,",3,man,
MIVAROTRA TONGOLO MANDENDEHA,3,"man, miv, var",
NIVAROTRA SAONJO,3,var,
SARAKATSAHA MIASA TANY,3,tany,
PANJAITRA AKANJO,3,,
KARAMAINA MANEFY VY,3,"man, karama",
MIVARO-KAZO,3,"miv, var",
MAMB0LY VARY,3,"mam, var, vary",
NETOYEUR,3,,
CHAUFFEUR AM PORT,3,,chauffeur
ORGANISATRICE,3,,
COPERATIVE FITATANTERANA GUICHETIER,3,,
"MICHARGE BATTERIE, TELEPHONE",3,,charge
MAMPIANATRA MATH-PHYSIQUE,3,"mpi, mam",
MANAMBOATRA SY MIVAROTRA SARISIKOTRA,3,"man, miv, var",
MPANAMBOATRA BATERIE,3,mpan,
MIVAROTRA BISCUIT GASY,3,"miv, var",
MITAONA FASIKA SY B IRIKY,3,,
GARDIEN MAISON,3,,
TRIAGE TOMATE,3,,
MANJAITRA LAMBA REHETRA,3,"man, lamba",
PLOMBIER AMIN NY JIRAMA,3,,plombier
"NAMBOLY VARY,KAROTY,ovy,VOMANGA,TSARAMASO",3,"man, var, vary, mboly",
MIVARONKENA,3,"miv, var",
MIASA @ ANGADIN'OMBY,3,omby,
MITARIKA VARAMBA,3,var,
MAMBOLY VOANJO SY KATSAKA,3,"mam, katsaka, mboly",
MPAMBOLY LOJY MENA,3,"mboly, mpam",
AGENT ADMINISTRATIF OTIV,3,,agent
MPAMPOLY ZANA-KAZO,3,mpam,
MAMBOLY ANANNA,3,"mam, mboly",
MPIVAROTRA POULET DE CHAIR EFA MATY,3,"mpi, var",
MIVAROTRA PAOMA,3,"miv, var",
MIANTOKA KISOA,3,,
MPIVAROTRA FOTSIM-BARY,3,"mpi, var",
MPANAMPY MAHANDRO AMIN'NY FIVAROTANA HANINA,3,"var, mpan",
MPAMBOLY ZANA-KAZO AO AMIN'NY EDEN PROJECT,3,"mboly, mpam",
MPAMBOLY COURGETTE,3,"mboly, mpam",
MIKARAMA MIKAPA HAZO,3,karama,
MIVAROTRA ENTAMADINIKA EPICERIE,3,"miv, var",
INSTITUTRICE @ COLLEGE,3,,
MECANICIEN VOITURE,3,,
MPANAO LAVAGE,3,mpan,
"MAMBOTRA TELE, RADIO, AMPLI...",3,mam,
MPIOMPY GANAGANA,3,mpi,
TRESORIER COMMUNAL,3,,
MANAMBOATRA PATTES,3,man,
MANAMPY MAMBOLY ANANA,3,"mam, man, mboly",
STAGE EN AUDIT ET COMPTABILITE,3,,
RESPONSABLE MANAO COURS BAC,3,man,responsable
MIKARAMA MAHANDRO SAKAFO,3,karama,
MAMPIANATRA AMINY AMBARATONGA VOALOHANY,3,"mpi, mam",
PETITE MAIN,3,,
MANABOATRA FASANA,3,man,
MITOTO VARY AMIN'NY MASININA,3,"var, vary",
MPIVAROTRA ENTANA AN-DAKOZIA MANDEHANDEHA,3,"mpi, man, var, entana",
MPITATITRA POSY,3,mpi,
MIVAROTRA ASA SIKOTRA,3,"miv, var",
MPANETRA VARY,3,"var, vary, mpan",
MPIKARAMA MPANETSA,3,"mpi, karama, mpan",
POINTEUR DANS LA SOCIETE SOMAPECHE,3,,
STAGIAIRE EN GARAGE AUTOMOBILE,3,,
MIVAROTRA TAMBAVY MANDEHA,3,"man, miv, var",
MANIHAKA FOZA ORANA,3,man,
MANERA TRANO,3,"man, trano, rano",
MECANICIEN TOMOBILE,3,,
COURSIERE,3,,
MITRANDAKA VOLAMENA,3,,
COUFFURE,3,,
FAMBOLENA VARY JEBY SY VARY TAONA (ALOHA),3,"var, famb, vary",
MAMBOLY VARY VARY SY TSARAMASO,3,"mam, var, vary, mboly",
MPIVAROTRA MOFO MANGAZO,3,"mpi, man, var, mofo",
CARRIERE,3,,
MPAMBOLY ANAMALAHO,3,"mboly, mpam",
MITONDRA POUSE POUSSE,3,,
MIPOY KISOA,3,,
MAMOKATRA TOAKA GASY,3,mam,
"NAMBOLY VARY,KATSAKA,OVY,VOMANGY",3,"man, var, vary, katsaka, mboly",
"NAMBOLY VARY,KATSAKA,VOMANGA,OVY",3,"man, var, vary, katsaka, mboly",
MANAMPY MANAO CROCHET,3,man,
MANITENTIONNAIRE,3,man,
MANAO CROCHET @ ROFIA,3,man,
MPIVAROTRA PIECE AUTO-MOTO,3,"mpi, var",
CHEF CHANTIER,3,,chef
MAMBOATRA SY MIVAROTRA TOKA,3,"mam, miv, var",
MANAMBOATRA SY MIVAROTRA ARONA(PANIER),3,"man, miv, var",
PASTEUR ADVENTISTE,3,,
MANAO SARAN-KATSAHA,3,man,
MANARATO FIAN-DRANOMASINA,3,"man, rano",
MIVAROTRA MATERIEL ELECTRONIQUE,3,"miv, var",
MANAMPY MIVAROTRA FITAOVANDAKOZIA MANDEHANDEHA,3,"man, miv, var",
MANBOLY VARY KATSAKA MANIOC HARICOT,3,"man, var, vary, katsaka",
MABOLY VOMANGA,3,man,
"MAMBOLY VARY, MANGAHAZO,TAMATESY",3,"mam, man, var, vary, mboly",
MITONDRA CAMION MITATITRA ENTRANA,3,,
MPANAO SAOABA SADY MIVAROTRA,3,"miv, var, mpan",
MPANAMBOATRA FITAOVANA ELECTRONIQUE SIMBA,3,mpan,
MPIVAROTRA KIRARO FRIPERIE,3,"mpi, var",
MPIKARAMA MAMBOLY,3,"mpi, mam, mboly, karama",
SARAKATSAHA MITAONA VARY,3,"var, vary",
MANANGONA RAVINA JIROFO MAINA,3,man,
MIVAROTRA RAPAKA,3,"miv, var",
MIATOKA FRIPY,3,,
MPISA MPANJAKANA TOPOGRAPHE,3,"mpi, mpan",
MPINDRANDRAKA VATO,3,mpi,
AIDE DE MÉNAGE ET NETTOYEUSE DOMESTIQUE / LA BONNE,3,,
TRANSPORTEUR DE PASSAGERS,3,,
MPIARAK'ANDRO OMBY SY OSY,3,"mpi, omby",
MPIVAROTRA ANANAS,3,"mpi, var",
MANAMPY AN-TRANO,3,"man, trano, rano",
VENDEUR DES PIECES AUTO,3,,vendeur
MAMBOLY MANGAHAZO VOANJO VOANEMBA TSAKO,3,"mam, man, mboly",
MAMBOLY KATSAKA MANGAHAZO VOANJO VOANEMBA,3,"mam, man, katsaka, mboly",
MPAMPIANATRA PRIMAIRE ECOLE LIBRE,3,"mpi, mpam",
CHAUFFEUR BAJAJA,3,,chauffeur
FEMME DE MENANGE,3,,
FEMME DE MENANGER,3,,
MANAMBOATRA GARABA,3,man,
SARAKATSAHA MIVELY VARY,3,"miv, var, vary",
SARAKANTSAHA MIVELY VARY,3,"miv, var, vary",
MITOTO VARY AMIN'ny MACHINE,3,"var, vary",
COLLECTEUR CACAO,3,,
MAMPIANATRA CLASSE DE 9e,3,"mpi, mam",
SECRETAIRE CIM,3,,secretaire
CORDONATEUR REGIONAL,3,,
"MIVAROTRA,MANAMBOTRA SAKAFO MASAKA",3,"man, miv, var",
DEMARCHEUR DU TERRAIN,3,,
MPANONDRAKA ANANA,3,mpan,
MPAMPIVELONAIVELONA,3,"mpi, mpam",
SARAKATSAHY SY MAMBOLY,3,"mam, mboly",
MIKAPA VARY,3,"var, vary",
SARAKANTSAHA MAMBOLY PARAKY,3,"mam, mboly",
MISAKA TRONDRO,3,,
MIVAROTRA  YAOURTS SY JUS,3,"miv, var",
CHEF DE PROJET @ PNUD TANA,3,,chef
AGENT PENITENTIER,3,,agent
ASSISTANTE ADMINISTRATIF DE DISTRICT,3,,assistant
COLLETEUR ET VENDEUR DES MANIOC SEC,3,man,vendeur
VOLY LAISOA,3,voly,
MITONDRA TAXI-BROUSSE,3,,
MANAO TAPIS,3,man,
MPAMPIANATRA AMINY ECOLE PRIVE PRIMAIRE,3,"mpi, mpam",
MAMBOLY MANGAHZO VOANJO VOANEMBA KATSAKA,3,"mam, man, katsaka, mboly",
"MAMBOLY ANANA SY COCOMBRE, VARY, KAZAHA",3,"mam, var, vary, mboly",
PROVISEUR D'ECOLE,3,,
MITRANTRAKA VOLAMENA,3,,
MITRATRANGA VOLAMENA,3,,
DESSINATEUR METREUR EN BATIMENT,3,,
MAMONO LA VANILLE (EMBALLER DE LA VANILLE),3,mam,
SECURITE WWF,3,,
ENTREPRENEUR EN CONSTRUCTION DES BATIMENTS,3,,
MPIARAK'ANDRO OMBY,3,"mpi, omby",
MPIKARAMA TSELIKA,3,"mpi, karama",
MAMPIANATRA T1,3,"mpi, mam",
MAMPIANATRA T5,3,"mpi, mam",
MIANDRY VOLY N'OLONA,3,voly,
MPAMPIANATRA AMINY LYCEE PUBLIQUE,3,"mpi, mpam",
MIAMBINA LAVANILA,3,,
CONTROLEUR SECURITE,3,,
MPIVAROTRA PATSA,3,"mpi, var",
AGENT DE CREDIT ACEP,3,,agent
MPITATITRA OLONA @LAKANA,3,mpi,
TECHNICIEN PISCINIER,3,,technicien
JARDINIER (MANALA BOZAKA SY MIKARAKARA VONINKAZO),3,man,
MANAMBOTRA MOFO ANANA SY PATY,3,"man, mofo",
AGEANT CONNECTO,3,,
OPERATEURE DE SAISIE,3,,
CHIMISTES,3,,
TELE OPERATRICE,3,,
GESTIONNAIRE MARCHE PUBLIC LAPAN TANANANA ANALAKEL,3,,
OPERATEUR DE SAISI,3,,
CHAUFFEUR TAXI BROUSSE FA ANJAMA KELY,3,,chauffeur
CHAUFFEUR TAXI BROUSSE TANA TAMATAVE TANA MAJUNGA,3,,chauffeur
"MPAMBOLY VARY,KATSAKA,MANGAHAZO,VOANJY",3,"man, var, vary, katsaka, mboly, mpam",
"MIVAROTRA LEGUMES (COCOMBRE, ANANA, RAVIKAJAHA)",3,"miv, var",
MPIASA NY RADIO RNA SAVA,3,mpi,
MANAMBOATRA FANAKA (MPANDRAFITRA),3,"man, mpan",
MIOMPY SY MIAVROTRA OMBY,3,omby,
MPAMBOLY TSAKO SY MAHOGO,3,"mboly, mpam",
MANAO REPARATION RADIO TELE TELEPHONE,3,man,
MIKARAMA MIKAPOKA VATO,3,karama,
MPANADIO ESPACE,3,mpan,
MITARIKA SARETY N'OMBY,3,omby,
MAINTENACE AU HOPITAL PRIVE VAOVAO MAHAFALY,3,,
MIVAROTRA MOFO ANANA SY COMPOSE,3,"miv, var, mofo",
RENIN-JAZA,3,,
MANCON,3,man,
MAMBOLY VARY ANATY RAN0,3,"mam, var, vary, mboly",
MPITARIKA POSIPOSY,3,mpi,
MANARA-MASO NY FAMPIASANA NY VOLA NINDRAMINA,3,"mpi, man",
MPIVAROTRA EN EPICERIE,3,"mpi, var",
MPITALY ROFIA AMIN'NY SINOA,3,mpi,
MPIASA ATRANONOLONA (DOMESTIQUE),3,"mpi, trano, rano",
MANAMPY NY VADINY MIVAROTRA LEGUME,3,"man, miv, var",
MPANJAITRA DRAP,3,mpan,
MIVAROTRA VARY'VAOMAINA,3,"miv, var, vary",
CHAFEUR,3,,
MIVAROTRA VARY SY YAOURT,3,"miv, var, vary",
MPIVARO-TENA,3,"mpi, var",
MPANAO BIRIKY,3,mpan,
"Mivarotra trondro maina,patsa,makamba,voamain",3,"miv, var",
CONSEILLEE CLIENTELE,3,,
MIVAROTRA ENTA-MADINIKA SY ZAVA-PISOTRO,3,"miv, var",
MIKAPA FARY,3,,
MIKARAMA MITATITRA BIRIKY,3,karama,
CONDUCTEUR REGIONAL ENGIN,3,,
DEMARCHEUR SUR PRODUIT DE RENTE( vanille),3,,
MPANAMPY TOKATRANO @ FAMBOLENA VARY,3,"var, famb, vary, trano, rano, mpan",
MPITAONA TANY,3,"mpi, tany",
MIKARAKARA SOAVALY,3,,
POLICE COMINALE,3,,
VOLY VANILLE,3,voly,
MPAMBOATRA TOAKA,3,mpam,
FANJAIRANA AKANJO,3,,
"MIVAROTRA MOFO,JUS NATURELLE",3,"miv, var, mofo",
SECURITE ANY BANQUE,3,,
MPIVAROTRA CREIDT,3,"mpi, var",
KATEKISITA,3,,
MITRANDRZKZ VOLAMENA,3,,
DOCKER ANY AMIN'NY SAMBO,3,,
MPITONDRA BAJAJ MPISOLO-TOERANA,3,mpi,
MPIVAROTRA LASARY MANGA,3,"mpi, man, var",
JARDINIER UNIVERSITE DE MAHAJANGA,3,,
MPIKARAMA MITONDRA SARETY,3,"mpi, karama",
DOMESTIQUE AMIN'ITY TOKATRANO ITY,3,"trano, rano",
DISTRUBITEUR DES PPN AMIN'NY EPICERIE,3,,
RESPONSABLE RESEAUX DETAILLANT AMIN'NY STAR,3,,responsable
MAMBOLY SY MIVAROTRA JIROFO,3,"mam, miv, var, mboly",
MPANDIDY LAMBA,3,"lamba, mpan",
MPANAMBOATRA TRANO (MACON),3,"trano, rano, mpan",
MULTI SERVICE,3,,
RESPONSABLE CENTRALE ELECTRIQUE,3,,responsable
SOUDIRE,3,,
MPIVAROTRA HENAN'OMBY,3,"mpi, var, omby",
MIVAROTRA LEGIOMA,3,"miv, var",
MAKA SY MIAVROTRA TALAPETRAKA,3,,
MPAMBOLY MADINIKA( KATSAKA),3,"katsaka, mboly, mpam",
MANAMBOATRA COMPOSE SY LASOPY,3,man,
MPIVAROTRA PUCE ORANGE,3,"mpi, var",
IRAKELY ANANA,3,,
"MPAMBOLY KATSKA, KABARO",3,"mboly, mpam",
MIHAVA TANIMBOLY,3,mboly,
MPIVAROTRA KAFE MANDEHANDEHA,3,"mpi, man, var",
MIVAROTRA MPIRINA MAINA,3,"mpi, miv, var",
MPAMPIANATSY EPP,3,"mpi, mpam",
MITSABO BIBY FIOMPY,3,,
MASSAGE,3,,
MIANTOKA CHARBON MANDEHANDE,3,man,
MPANA0 SARAKA ANTSAHA,3,mpan,
AGENT COMPTABLE CHAMBRE DE COMMERCE,3,,"agent, comptable"
MIKARAKARA CACAO,3,,
MPIKARAMA FAMBOLENA,3,"mpi, famb, karama",
MPANAMBOATRA MOFO MANGAHAZO,3,"man, mofo, mpan",
GARDIEN EPP,3,,
MAMBOLY VARY ANTANETY,3,"mam, var, vary, mboly",
NIVAROTRA FRIPERIE,3,var,
CHAUFFEUR KINGA,3,,chauffeur
MIVAROTRA MENAKE BEAUTE,3,"miv, var",
"MIVAROTRA T-SHIRT,SHORT,PATALON",3,"miv, var",
MIVAROTRA APPAREIL ELECTROMENAGERE AMIN'NY KARANA,3,"miv, var",
MAKARANO,3,rano,
Mamboly vary sy tongolo be,3,"mam, var, vary, mboly",
"MAMBOLY VARY, FARY",3,"mam, var, vary, mboly",
PRESIDENT FKT,3,,
AGENT DE RECOUVREMENT,3,,agent
HYDROGEOLOGUE,3,,
PASSASSION DE MARCHE,3,,
JOURNIER SARAKATSAHA,3,,
MANJONO ANDRANOMAMY DIA MIVAROTRA,3,"mam, man, miv, var, rano",
FIVAROTANA ANANA,3,var,
FAMBOLENA ANANANA,3,famb,
MPIVAROTRA RAKETA RAVINY,3,"mpi, var",
OUVRIER D'ENTREPRISE de TRANSFORMATION DE VANILLE,3,,ouvrier
CCHEF ADMINSTRATION,3,,chef
"MANAO CROCHET: SOUS VASE,LAMBATSEZA,LAMBAPANDRINA,",3,"man, lamba",
MPITANDRAKA VOLAMENA,3,mpi,
MANANAMPY MITRANDRAKA VOLAMENA,3,man,
MANAMPY MITRANDRAKA VOALMENA,3,man,
TELECONSEILLER,3,,conseiller
MPIVAROTRA FIA MAINA,3,"mpi, var",
CONTROLEUR QUALITE ZONE FRANCHE,3,,
MAROQUINNIERE,3,,
MAMPIANATRA @CEG,3,"mpi, mam",
MIVAROTRA TRONDRO ENY ANTSENA,3,"miv, var",
MANADIO FIANGONANA,3,man,
MPIAVAROTRA TSAKO LENA,3,"mpi, var",
MAMPIOFANA MOMBA NY FAMBOLENA SY FIOMPIANA,3,"mpi, mam, famb",
SARATSAHA,3,,
COLLECTEUR DU CRABE AU NIVEAU DES PECHEURS,3,,
MPIVARO-MANDEHA (TONGOLO),3,"mpi, man, var",
"MAMBOLY TSAKO,BELE,BALAHAZO,VOANJO",3,"mam, mboly",
"MAMBOLY KAPIKY , KATSAKA,BEBE,BALAHAZO",3,"mam, katsaka, mboly",
"MAMBOLY TSAKO,BELE,BALAHAZ0",3,"mam, mboly",
TOURNEUR FREISEUR,3,,
MANOSIKA SARETY KELY,3,man,
MANAO MOFO,3,"man, mofo",
MINJAITRA HARONA,3,,
MPAMPIANATRA AMIN'NY TECHNIQUE,3,"mpi, mpam",
MUSICIEN,3,,
MIOPMPY KISOA,3,,
SECRETAIRE PEDAGOGIQUE,3,,secretaire
MANDRAFITRA FANAKA EN BOIS,3,man,
MPAGNAMBOATRA PARPAIN,3,,
MANAMPY MANAO MOFO RAVINA,3,"man, mofo",
MPANAO KOBA RAVINA,3,mpan,
MIKOROROKA VARY,3,"var, vary",
MPAMPIANATRA AMBARATONGA FAHAROA SY FAHATELO,3,"mpi, mpam",
MPANDEFA TRONDRO,3,mpan,
MIVAROTRA RANONJEZIKA,3,"miv, var, rano",
AGENT CAUMMUNAUTAIRE,3,,agent
MIOPY OMBIVAVY BERONONO,3,,
MPIKARAKARA FAMBOLENA,3,"mpi, famb",
COURSIER FITAOVANA ELECTRONIQUE,3,,
MPAMBOLY KATSAKA SY VARY,3,"var, vary, katsaka, mboly, mpam",
MPANAMBOATRA BICYCLETTE SIMBA ENY AMORON - DALANA,3,mpan,
MPANENTANA ARA MPAMBOLENA SY FIOMPIANA,3,"mpi, entana, mpan, mpam",
MITONDRA TAXI BROUSSE,3,,
"MAMBOLY VARY,LOJY",3,"mam, var, vary, mboly",
MAKA TRONDRO,3,,
MANADIO TRANO KISOA,3,"man, trano, rano",
MPIVAROTRA YAOURT SY CLARINETTE,3,"mpi, var",
MPIVAROTRA TREMBO,3,"mpi, var",
DEMARCHEUR VANILLE GIROFLE,3,,
KARAMAINA MANAO SOUDURE,3,"man, karama",
MANAMPY NY DOKOTERA,3,man,
ARTISANS ET OUVRIER DES METIERS DE TYPE ARTISANAL,3,,ouvrier
MPANAMBOATRA BIRIKY,3,mpan,
RESPONSABLE CAISSIERE,3,,responsable
MPANAMBOATRA TELEPHONE,3,mpan,
MECANICIEN TOMOBILE AMINA GARAGE,3,,
DOKERA MITONDRA VARY KATSAKA,3,"var, vary, katsaka",
CHAUFFEUR NATIONAL TAXI BROUSSE,3,,chauffeur
MAMBOLY VARY SY POIVRE,3,"mam, var, vary, mboly",
MPAMBOLY LOJY-VOANJO-ATSANJY,3,"mboly, mpam",
MPAMBOLY VOANJO-LOJY-ATSANJY,3,"mboly, mpam",
MIVAROTRA SAHAFA,3,"miv, var",
MPAMBOLY MANGAHAZO/TSRAMASO,3,"man, mboly, mpam",
GESTIONNAIRE DE COMPTE CHEZ BNI,3,,
MANAMBOATRA ONDANA,3,man,
JOCKER,3,,
MPIASA NY JIRAMA,3,mpi,
FEMME DE MENAGE AU CDS,3,,
MIKARAMA MIVAROTRA HANIMASAKA MANDEHA,3,"man, miv, var, karama",
CUISINIER AMIN'NA GARGOTE,3,,
MAMBOLY VARY MANAMPY NY FIANAKAVIANA,3,"mam, man, var, vary, mboly",
MPIVAROTRA MOKARY SY GODROGODRO,3,"mpi, var",
FORMATRICE CRINFP AMBOSITRA,3,,
FORMATEUR AGRICULTURE CFPF TSIMIALONA,3,,
NITAONA ENTANA,3,entana,
MIVAROTRA ENTA-MADINIKA ENY AN-TSENA,3,"miv, var",
RESPONSABLE D AGENCE,3,,responsable
MPIVAROTRA PLANTE MEDICINALE,3,"mpi, var",
MPANJAITRA LAMBA SUR COMMANDE,3,"man, lamba, mpan",
MIVAROTRA  FRIPERIE,3,"miv, var",
MAMBOLY ANANA SY TONGOLO,3,"mam, mboly",
HOMME D'ENTRETIEN,3,,
AGENT PENITENCIERE,3,,agent
PENITENCIER,3,,
MIVAROTRA ENTANA AMBONGADINY,3,"miv, var, entana",
GROSSISTE,3,,
MAMBOLY MANAO SARI-KATSAHA,3,"mam, man, mboly",
PANDEFA ENTANA,3,entana,
SECRETAIRE AU REGISSEUR DE RECETTE,3,,secretaire
FANAOVANA SARAKATSAHA,3,,
DOCTEUR DANS LA SANTE PUBLIQUE,3,,
MANAO CORNER (GLACE),3,man,
FAMBOLENA TSAKO SY BALAHAZO,3,famb,
MPIVAROTRA ONDANA,3,"mpi, var",
MAKA TRONDRO ANDRANOMAMY,3,"mam, rano",
MITAONA ENTANA @ SARETY,3,entana,
IRAKIRAKA MANATITRA TARATASY,3,man,
BOULANGE,3,,
PANJONA,3,,
MAINTENANCE AO AMIN'NY AQUALMA,3,,
CONTROLEUR DE QUALITE DE CREVETTE DE L'AQUALMA,3,,
MPIVAROTRA MAKAMBA,3,"mpi, var",
MPADRAFITRA,3,,
MPANAMBOATRA TRANO FIANARANA,3,"trano, rano, mpan",
CHAUFFEUR AN OLONTSOTRA,3,,chauffeur
SARAKTSAHA,3,,
MPANAMBOTRA FRIGIDAIRE MATY,3,mpan,
MPAMPIANATRA PRIMAIRE ECOLE PRIVE,3,"mpi, mpam",
MAMBOLY VARY LOJY MANGAHAZO,3,"mam, man, var, vary, mboly",
CHEF DE DEPARTEMENT,3,,chef
MIANTOKA OVY,3,,
MIANTOKA LEGUME,3,,
GARDIEN CONCESSION,3,,
CAMIONNAIRE TANA-TAMATAVE,3,,
MITSABO CACAO,3,,
MPANDRARY TSIHY VITA AM SATRANA,3,mpan,
"Mamboly vary,manioc,fary,patate douce,banane",3,"mam, man, var, vary, mboly",
"Mamboly vary,Anambe,Anamalaho",3,"mam, var, vary, mboly",
"Mamboly vary,anambe,anamalaho",3,"mam, var, vary, mboly",
SERVICE CLIENTEL,3,,
MITONDRA BOTRY,3,,
JARDINIER AMIN NY OLON TSOTRA,3,,
"Mamboly vary,Manioc,Fary,Patate douce,Banane",3,"mam, man, var, vary, mboly",
MPANDRARY SY MIVAROTRA TSIHY,3,"miv, var, mpan",
MIVAROTRTA VARY FOTSY AMY KAPOAKA,3,"miv, var, vary",
"Mamboly vary,banane,igname",2,"mam, var, vary, mboly",
MACHINISTE FANAOVANA ANKAJO,2,,
"Mamboly vary,Banane,igname",2,"mam, var, vary, mboly",
AGENT,2,,agent
MPITOTO VARY AMIN'NY DECORTIQUEUR,2,"mpi, var, vary",
"MPAMPOBY VARY, CONCOMBRE, VOATAVO",2,"var, vary, mpam",
MIVAROTRA HAZANDRANO,2,"miv, var, rano",
MISSIONNAIRE,2,,
MPANAO TOAKA,2,mpan,
CODUCTRICE,2,,
MPANAO VOLO,2,mpan,
MPIAMBITANANA AN OLONTSOTRA,2,mpi,
CONTROLEYR FINANCIERE AU DISTRIBUTEUR PPN,2,,
MPAMPIANATRA AMINYCEG TSARAROVA,2,"mpi, mpam",
INFIRMIER AO AMINY CSB TSARAROVA,2,,
Agent D¨appuit @Pharmacie,2,,agent
MIAMBINA POMPE,2,,
COUTIRIERE,2,,
MPAMBOLY VARY SY LOJY,2,"var, vary, mboly, mpam",
MITANTANA CYBER,2,,
MIVAROTRA FINDAY,2,"miv, var",
CHARPENTIER METALLIQUE,2,,
NIKARAKARA VOATABIA,2,,
MPANAO KIBAROA SOUDURE / SOUDEUR,2,mpan,
MPAMBOLY HARICOT VERT SY COURGETTE,2,"mboly, mpam",
MANOEUVRE MANAMPY MACON,2,man,
MPIOMPY AKOHO MANATODY LAVA,2,"mpi, man, akoho",
MIVAROTRA HOTELY,2,"miv, var",
MPANDANJA VARY HO ENTIN'NY CAMION,2,"var, vary, mpan",
PLONGEUR (CONCOMBRE DE MER),2,,
MPAMBOLY VANILLE CACAO AKONDRO KAFE,2,"mboly, mpam",
MPANAO MOFOGASY,2,"mofo, mpan",
MPAPIANATRA SECONDAIRE,2,,
MANAMBOATRA GATEAU KAIKE,2,man,
MPANAMBOATRA TELEPHONE SIMBA,2,mpan,
MPANAO TRIAGEN'NY MASALA (EPICES) AMIN'NY KARANA,2,mpan,
SURVELLANTE AO ECOLE CATHOLIQUE,2,,
MAMOKATRA FITAFIANA,2,mam,
SECRETAIRE AMIN HOPITALY,2,,secretaire
MPANADIO HOPITALY,2,mpan,
MANAMPY MIVAROTRA ARTICLES MENAGERS,2,"man, miv, var",
MPANKASARY,2,mpan,
MPINDRADRAKA,2,mpi,
MAGASINNAIRE,2,,
KIBAROA MANDRAFITRA,2,man,
MPITRANDRAKA SAFIRA,2,mpi,
MANADIO VARY,2,"man, var, vary",
MPANAMPY MPIANDRY OMBY,2,"mpi, omby, mpan",
MPAMBOLY LOJY SYV ANTSANJY,2,"mboly, mpam",
MPIKARAMAN'OLONA,2,"mpi, man, karama",
MANJONO TRONDRO NDRANOMAMY,2,"mam, man, rano",
MPANAO JUS SY YAOURT,2,mpan,
MPIVAROTRA ENTA-MAJINIKA,2,"mpi, var",
MIVAROTRA SEZA RAFIA,2,"miv, var",
MINDROAGNA TANI-BARY,2,,
MPAMPIANATRA PRIVEE,2,"mpi, mpam",
MAMKY VATO (MALON),2,mam,
MAMAKY VATO (GRAVILLON),2,mam,
CONSEIL EDUCATION,2,,
MIVAROTRA KIRARO EN DETAIL,2,"miv, var",
MANAMBOTRA COMPOSE SY LASOPY,2,man,
MIVAROTRA PRODUITS LAITIER FROMAGE YAOURT DOBERA C,2,"miv, var",
MIVAROTRA PRODUIT LAITIER,2,"miv, var",
MIVAROYTA VILIA,2,"miv, var",
MANAO PATY GASY,2,man,
GARGOTTIER,2,,
MIVAROTRA MOFO GASY SY DITE,2,"miv, var, mofo",
"MPAMBOLY VANILLE SY JIROFO, MPIOMPY OMBY",2,"mpi, omby, mboly, mpam",
DIRECTEUR DE L'ASSAINISSEMENT,2,,directeur
Mamboly vary sy Fary,2,"mam, var, vary, mboly",
Mamboly Vary sy Fary,2,"mam, var, vary, mboly",
MIVAROTRA ARTICLE MENAGERS,2,"miv, var",
DOCKER ET AIDE CHAUFFEUR,2,,chauffeur
MPIVAROKENA MANDEHA MITETY,2,"mpi, man, var",
NITSIPONA KARETSIKA,2,,
NITSIPONA TSAKAFOKA,2,,
RESPONSABLE AO AMIN MACHINE FITOTOAMBARY,2,,responsable
MITSIMPONA PRODUITS LOCAUX,2,,
"MPANAMPY FAMBOLEMBARY,OVY,KATSAKA,MANGAHAZO",2,"man, famb, katsaka, mpan",
"MAMBOLY VARY,KATSAKA,OVY",2,"mam, var, vary, katsaka, mboly",
MITETIKA FARY,2,,
MITOTOVARY AMINY MACHIN,2,"var, vary",
MANAMPY MITRANADRAKA VOLAMENA,2,man,
TECHNICIEN EN VOIRIE ET ASSAINISSEMENT,2,,technicien
FEMME DE MENAGE CHEZ UN MENAGE PRIVE,2,,
PROFESSEUR CERTIFIEE ENS,2,,
DISTRIBUTEUR TELMA,2,,
MANOEUVRES,2,man,
MANAO TAFO TUILE,2,man,
TRICOTEUSSE,2,,
MANJAITRA AKANJO BA,2,man,
MANJAITRA LOBAKA,2,man,
MANAMBOATRA MOKARY GASY,2,man,
GARDIEN FIANGONANA JESOSY MAMONJY,2,mam,
MIVAROTRA GATEAU SY CLARINETTE,2,"miv, var",
"MANOEUVRE, MACONNIERE",2,man,
MANEFY,2,man,
MIVAROTRA PRODUITS DE BEAUTE,2,"miv, var",
JOURNIE,2,,
NITAONA VARY,2,"var, vary",
MIVAROTRA TRAKA RAVIMBORONDRA RAVITSAONJO,2,"miv, var",
MIVAROTRA AKOHO SY VOANKAZO,2,"miv, var, akoho",
MANJONO ANDRANOMAMY DIA VAROTANA,2,"mam, man, var, rano",
CHAUFFEUR AMINY MAGASIM MPIVAROTRA ELECTROMENAGER,2,"mpi, var",chauffeur
MANOEUVRE @CONSTRUCTION BATIMENT,2,man,
MPAMILY BAJAJ AN-TANAN-DEHIBE,2,mpam,
MPAMBOLY MADINIKA(KATSAKA),2,"katsaka, mboly, mpam",
MPAMBOLY MADINIKA (KATSAKA),2,"katsaka, mboly, mpam",
MIKARAMA MIAVA VARY SARCLEUSE,2,"var, vary, karama",
MAMBOLY VARY (MADINIKA),2,"mam, var, vary, mboly",
MPIASA KARIERA VATO,2,mpi,
MIVAROTRA VOANJO KATSA,2,"miv, var",
MIVAROTRA AMIN EPICERIE,2,"miv, var",
CONTROLEUR INTERNE PROMA BIO SARL,2,,
BOSCO,2,,
MPANAO PEINTURE,2,mpan,
ENSEIGNEMENT,2,,
MPITONDRA VEDETTE,2,mpi,
"MANAO SY MIVAROTRA YAOURT SY SIRO,JUS",2,"man, miv, var",
MPAPIANATRA ECOLE PRIVEE SECONDAIRE,2,,
MIKAPA AHITRY AMINY FARY,2,,
MITONDRA MPANDEHA @ LAKANA,2,mpan,
MPIVAROTRA BOKY,2,"mpi, var",
MANJONO HAZAN-DRANOMAMY,2,"mam, man, rano",
GARDIEN EN MAGASIN DE STOCKAGE,2,,
GREFFIER PENITENTIAIRE,2,,
MIANTOKA TOAKA GASY,2,,
MANERA LEGUME,2,man,
MANAMBOATRA KOFAFA SATRANA,2,man,
MIKARAMA MIARAKANDRO(MIAMBY OMBY),2,"omby, karama",
MANAMPY MAMBOATRA KOFAFA,2,"mam, man",
MPANAO JOURNE AO@ SILAC,2,mpan,
MAIRE DU COMMUNE URBAINE PORT BERGER,2,,
DELEGUE AU MAIRE PORT BERGER II,2,,
TRAVAIL DOMESTIQUE,2,,
MANAO SUPERVISION NY MPIASA ENY AN-TSAHA,2,"mpi, man",
MIOMPY GANA SY AKOHO,2,akoho,
NANAO SARAKA ANTSAHA,2,,
MIASA AMINY GARAGE,2,,
MIVAROTRA ANAMALAO SY ANGIVY,2,"miv, var",
SECURITE (MIANDRY PARKING ),2,,
MPIASANY CONFRUIT(MPANAO LUGUME),2,"mpi, mpan",
RESPONSABLE DE STOCK( materiau de construction,2,,responsable
MACHINISTE AO @ZONE,2,,
NANAPAKA HAZO,2,,
MPANAO BIRIQUE,2,mpan,
MITAONA ENTANA AMIN'NY KALESA,2,entana,
MIVAROTRA MAHABIBO,2,"miv, var",
MIOMPY OMBIVAVY BE RONONO,2,,
MPANAMPY CHAUFFEUR,2,mpan,chauffeur
MIVAROTRA MANDEHA CAFE SY SIRA ARY SIRAMAMY,2,"mam, man, miv, var",
MIANDRY AOMBY N'OLONA,2,omby,
MANDIO JOROFO,2,man,
NAGNOFY COLA,2,,
ELEVAGE POULET DE CHAIRE,2,,
MANDRAFITRA FARAFARA,2,man,
MIVAROTRA MANDEHANDEHA,2,"man, miv, var",
MANAO SECURITE,2,man,
MANAMBOTRA PLANCHE,2,man,
MPANAMBOATRA ROCAGE KAKAZO,2,mpan,
EMBALLEUR BISCUIT SY BONBON,2,,
MIVAROTRA SAMBOS SY CATLES,2,"miv, var",
MANAO PARPAING,2,man,
MPAJAITRA KIRARO,2,,
IRAKIRAKA,2,,
ASSISTANTE RH,2,,assistant
MPIVAROTRA EPI_GARGOTTE,2,"mpi, var",
MODERATION EN INTERNET,2,,
C0LLECTEUR DE LA VANILLE,2,,
MPITSABO NENTIM PAHARAZANA,2,mpi,
MANOEUVRE MPANAO LALANA,2,"man, mpan",
MPIVAROTRA AKOHO MANDEHANDEHA,2,"mpi, man, var, akoho",
MPIVAROTRA ATODY,2,"mpi, var",
MITOTO KATSAKA ATAO PROVANDE-N'AKOHO FAKANA NOFONY,2,"akoho, katsaka",
MPANDOKO TRANAO,2,mpan,
MPIVAROTRA LAMBA (CONFECTION),2,"mpi, var, lamba",
MPAMPIANATRA@COLLEGE PRIVE,2,"mpi, mpam",
MPAMPIANATRA CLASSE 10eme,2,"mpi, mpam",
SERVEUSE AMIN NY GARGOTTE,2,,
MIVAROTRA LASOPY SY MOFO,2,"miv, var, mofo",
AGENT DE SURFACE,2,,agent
0PERATEUR DE SAISIE,2,,
MANAMBOATRA BISIKILETA,2,man,
GARDIEN FAMBOLENA OLON-tsotra,2,famb,
MPANDRARY TANTY SY TSIHY,2,mpan,
MPANDOKO MOTO FIARA,2,mpan,
MANAMPY MIVAROTRA VARY,2,"man, miv, var, vary",
SECRETAIRE GENERAL D'ETAT CIVILE,2,,secretaire
DEPANEUR,2,,
MANAO FROMAGE,2,man,
CROCHET ROFIA,2,,
CAISSEUSE AO  JUMBO,2,,
MANAMBOATRA SY MIVAROTRA PATTE,2,"man, miv, var",
MIOMPIANA KISOA,2,mpi,
MPIVAROTRA MOKARY SY CAFE,2,"mpi, var",
MIVAROTRA BALAHAZO,2,"miv, var",
MANAMBOATRA FANAKA MPANAMPY,2,"man, mpan",
FIVAROTANA LAMBA,2,"var, lamba",
ADMINISTRATIF FINANCIER SISCO BETROKA,2,,
MAMPIANATRA AM CEG BETROKA,2,"mpi, mam",
PITAONA BIRIKA,2,,
PIOMPY KISOA,2,,
MANERA TANY SY TRANO,2,"man, tany, trano, rano",
MIVAROTRA FRIPPY,2,"miv, var",
MAMAOFY VOAMADILO,2,mam,
TÂCHERON,2,,
MAMBOLY VARY MANIOC KATSAKA HARICOT,2,"mam, man, var, vary, katsaka, mboly",
MITAONA ETANA ETIN'OLONA AMIDY,2,,
MANAPA-BARY,2,man,
MAMAROTRA VARY,2,"mam, var, vary",
MIASA @HOTELY MPIVAROTRA SAKAFO MASAKA,2,"mpi, var",
MIVAROTRA TONO-AKOHO,2,"miv, var, akoho",
MANAMBOATRA ARINA,2,man,
MPAMPIANATRA MANDIHY,2,"mpi, man, mpam",
MAMPIANATRA MANDIHY,2,"mpi, mam, man",
MPINTRANDRAKA VOLAMENA,2,mpi,
ELECTRO MECANICIEN,2,,
MPAMPIANATRA ECOLE PRIVE PRIMAIRE,2,"mpi, mpam",
MPAMPIANATRA EPP PRIMAIRE,2,"mpi, mpam",
"Mamboly vary,la vanille,tsaramaso",2,"mam, var, vary, mboly",
MPIOMPY AKOHO GASY,2,"mpi, akoho",
MPAMBOLY VARY/BALAHAZO/BELE,2,"var, vary, mboly, mpam",
MIKARAMA MANOTO KOBA VARY,2,"man, var, vary, karama",
ELECTRICIEN AN NY JIRAMA,2,,electricien
MANAMPY MIVAROTRA TONGOLO,2,"man, miv, var",
MIASA MANDAVAKA CANAL,2,man,
MPIVAROTRA SIGARA SY GANDRY,2,"mpi, var",
MAGASINER MPANAMBOATRA LALANA CGC,2,mpan,
HIRAKIRAKA SY MPANDAMINA ENTANA AO AMIN'NY ORINASA,2,"entana, mpan",
MIVAROTRA(GROSSISTE),2,"miv, var",
MIASA ATRANO,2,"trano, rano",
ASSISTANTE SOCIALE,2,,assistant
MPAMPIANATRA AMINY AMBARATONGA FAHAROA,2,"mpi, mpam",
PANANMPY AO ATRANO,2,"trano, rano",
MITAONA BIRIKA,2,,
"MPAMBOLY VARY,BALAHAZO,BELE,KABARO",2,"var, vary, mboly, mpam",
MAMBOLY KATSAKA SY KABARO,2,"mam, katsaka, mboly",
VOLO VOANJO,2,,
QUINCAILLERIE,2,,
CAISER QUINCAILLERIE,2,,
MANAMBOATRA SY MIVAAROTRA CHARBON,2,"man, miv",
MPAMPIANTRA AM EPP,2,"mpi, mpam",
MAMPRARY SY MIVAROTRA TSIHY,2,"mam, miv, var",
MITOTO AO AMIN NY MACHINE,2,,
MIKARAMA MIVAROTRA VARY FOTSY,2,"miv, var, vary, karama",
NAMBOLY ANANANA,2,mboly,
NAMBOLY ANANA,2,mboly,
FIVAROTANA TSITSIKA ANDRANOMASINA,2,"var, rano",
COORDINATRICE DE PROJET,2,,
D0KERA,2,,
NIKARAKARA POMMA,2,,
MPAMBOLY LANGILANGY,2,"mboly, mpam",
MANERA MPANDEHA AMIN NY STATIONNEMENT,2,"man, mpan",
CONDUCTEUR TRACTEUR,2,,
MANAO VARY,2,"man, var, vary",
ASA ANGADY,2,,
MPAMBOATRA TELEPHONE,2,mpam,
MAHANDRO SY MIVAROTRA VARY MASAKA,2,"miv, var, vary",
MANAO CROCHET @ROFIA,2,man,
MANAMBOATRA MENAKA AM RAVINA JIROFO,2,man,
MITENDRY CLAVIER,2,,
SECURITE MAGASIN,2,,
MPANAO LAVAGE FIARA SY MOTO,2,mpan,
MANAO LIVRAISON,2,man,
MPIVAROTRA PIECES AUTO,2,"mpi, var",
MACON MAHALEO TENA MIASA AMIN OLONTSOTRA,2,,
MIKARAMA MANASA LAMBAN OLONA AMINA TOKANTRANO MARO,2,"man, lamba, trano, rano, karama",
MANEFY VY HO ANTSY BE SY ANGADY,2,man,
MACHINISTE MAMPIASA MACHINE,2,"mpi, mam",
MIVAROTRA CHARBON MIPETRAKA,2,"miv, var",
MPIVAROTRA PIECE BICYCLETE,2,"mpi, var",
MAHAKA SY MIVAROTRA RANO,2,"miv, var, rano",
MANEFY FIRAVAKA VOLAFOTSY,2,man,
MPIOMPY ZANAKA AKOHO MANATODY LAVA,2,"mpi, man, akoho",
CHAUFFEUR ACF,2,,chauffeur
MPANDRAY ANTSORATRA,2,mpan,
MIVIDY SY MIVAROTRA CHARBON,2,"miv, var",
MPANAO RAPARATION RADIATEUR,2,mpan,
"MIVIDY DIA MIVAROTRA VOMAINA, VARY...",2,"miv, var, vary",
"MIVIDY SY MIVAROTRA VOMAINA,VARY...",2,"miv, var, vary",
MPIVAROTRA FARY,2,"mpi, var",
DJ,2,,
SARAKATSAHA MANAPA-BARY,2,man,
MPITONDRA POUSSE,2,mpi,
MAMPIANATRA ENY @ AMBARATONGA FOTOTRA,2,"mpi, mam",
MANAMBOATRA HARONA VITA AMINY ROFIA,2,man,
MPIKARAKARA VANILE AMIN'NY MAGASIN,2,mpi,
BIJOUTIER,2,,
MPITONDRA TUC TUC,2,mpi,
NANAO SARAKATSAHA,2,,
MIVAROTRA KATSAKA SY MANGAHAZO,2,"man, miv, var, katsaka",
MPANAMPY FIANAKAVIANA @ FIOMPIANA ONDRY,2,"mpi, mpan",
MPANAMPY FIANAKAVIANA MIVAROTRA VARY FOTSY,2,"miv, var, vary, mpan",
MPIVAROTRA BAOBAB,2,"mpi, var",
KIBAROA MANATITRA OLO AMINY KALESA,2,man,
MPIVAROTRA PIECE AUTO,2,"mpi, var",
MPAKA SARY,2,,
MAINTENANCE A ZOARA HOTEL,2,,
NETOYAGE,2,,
MPANAMBOATRA SY MPIVAROTRA SAMBOSA SY KATLESY,2,"mpi, var, mpan",
MANAMBOATRA SY MIVAROTRA SAMBOSA SY KATLESY,2,"man, miv, var",
MPAMPIANATRA PRIVEE 9è,2,"mpi, mpam",
FITSIMPONANA KITAY,2,,
MITSIMPONA KITAY,2,,
MPITSIMPONA KITAY,2,mpi,
AIDE CHAUFERE TAXI BE,2,,
MPANAO SARAKAN-TSAHA,2,mpan,
MIKARAMA MANAO ASA TANIMBARY,2,"man, karama",
MPAMPIANATRA EPP ATANANDAVA I,2,"mpi, mpam",
MIVAROTRA KOJAKOJA MANDENDEHA,2,"man, miv, var",
MPANAMBOATRA MENAKA AM RAVINA JIROFO,2,mpan,
MPANAMBOATRA HARONA,2,mpan,
MIVAROTRA MOFO SAKAY,2,"miv, var, mofo",
OPERATEUR VIDEO,2,,
MANJAITRA AKANJO LAMODY,2,man,
MPAMIANATRA SECONDAIRE,2,mpam,
MANAO PHOTOCOPIE,2,man,
MANARAKA TOMOBILE MAKA FASIKA,2,man,
M1MBOLY,2,mboly,
OUVRIERE JOURNALIERE,2,,ouvrier
MPAMBOLYVARY,2,"var, vary, mboly, mpam",
CHAUFFEUR FIARA @ PROJET MISAHANA ENVIRONNEMENT,2,,chauffeur
MPIVAROTRA LAMBA ZAITRA TSENA,2,"mpi, var, lamba",
CHEF DE SERVICE FINANCE,2,,chef
NIVAROTRA BONONOKA,2,var,
ACCUEIL,2,,
MIVAROTRA RAN-KENA,2,"miv, var",
MPABOLY GIROFLE,2,,
GARGOTTE MANDAFO SAHOABA,2,man,
MAKA VILINA,2,,
MPANDRAFITRA FANAKA VITA @ HAZO,2,mpan,
NAMBOLY VOMANGA,2,"man, mboly",
"MPAMPIANATRA COURS BEPC,BACC ET DES CONCOURS",2,"mpi, mpam",
MANIHAKA TRONDRO,2,man,
GARDE DU PROJET BAS MANGOKY,2,man,
MANAMPY MPANARATO,2,"man, mpan",
MPANAO MENAKA PALMIER,2,mpan,
MIVAROTRA TSAKO MASAKA,2,"miv, var",
MPANAMBOATRA MENAKA VOANIO,2,mpan,
MPIAMBINA BAR,2,mpi,
"comissionaire vanille,cafe",2,,
ASSISTANCE COMPTABLE,2,,comptable
CHAUFFEUR DU BANQUE BAOBAB,2,,chauffeur
CUISINIERE HOTEL,2,,
NANDALOTRA TRANO,2,"trano, rano",
"MAMBOLY VARY ,ANANA",2,"mam, var, vary, mboly",
MANAO SARAKANTSAHA FAMBOLENA,2,"man, famb",
"MAMBOLY BALAHAZO?TRAKA, TSOMADILO",2,"mam, mboly",
MIVAROTRA LEGUMA,2,"miv, var",
MAMBOLY VARY KATSAKA MANGAHAZO,2,"mam, man, var, vary, katsaka, mboly",
MPANAMBOATRA HARONA SATRANA,2,mpan,
MANAO LAVAGE FIARA,2,man,
MANAMBOATRA  BIDON,2,man,
MPIOMBY OMBY,2,"mpi, omby",
MPAMBOLY TSAKO,2,"mboly, mpam",
MAMBOLY SALADE,2,"mam, mboly",
MIASA MANAMPY @ FITONDRANA VEDETTE,2,man,
MIKARAMA MIVAROTRA PATSA ENY ANTSENA,2,"miv, var, karama",
Serveuse amin'i hotely fisakafoana,2,,
GARDIEN POLYNNE AIRTEL,2,,
NITANGO TSARAMASO,2,,
MIAMBINA OMBY ANY ATSAHA,2,omby,
MAMBOLY VARY SY ANANA,2,"mam, var, vary, mboly",
MPANGADY VOVO,2,mpan,
MITAONA ZEZIKA AMIN'NY SARETY,2,,
MPITATITRA ENTANA NA DOKERA,2,"mpi, entana",
MAMBOLY LAISOA SY HARICOT VERT,2,"mam, mboly",
MPAMBOLY VOATABIA MAHALEOTENA,2,"mboly, mpam",
MAMBOLY HARICOT VERT SY CAROTTE,2,"mam, mboly",
MANAO REPARATION FANAMAFISAMPEO,2,man,
COMMISSIONAIRE LA VANILLE,2,,
MANAO PATE,2,man,
MPAMBOLY MADINIKA (MANGAHAZO),2,"man, mboly, mpam",
MPAMBOLY MADINIKA FA MANAMPY NY VADINY IZY,2,"man, mboly, mpam",
MPIVAROTRA MOFO SY KAFE ARY DITE,2,"mpi, var, mofo",
MPAMPIANATRA AMIN'NY AMBARATONGA VOALOHANY,2,"mpi, mpam",
MPANAMBOATRA MESO SY ANGADY,2,mpan,
MPAMBOLY SY MPIVAROTRA KATTY,2,"mpi, var, mboly, mpam",
PDT FOKONTANY,2,tany,
MPIKAPOKA GILASY ATAO AMINY TRONDRO,2,mpi,
FAMPIANARANA AMIN'NY LYCEE,2,mpi,
MPANERA LAMBA,2,"lamba, mpan",
MPANJAITRA AO AMINY ZONE FRANCHE,2,mpan,
SAOFERA TAXIBUS,2,,
Mamboly vary sy vanille,2,"mam, var, vary, mboly",
Mamboly vary sy Vanille,2,"mam, var, vary, mboly",
MIVAROTRA ENATANA MADINIKA EPICERIE,2,"miv, var",
SATRAKANTSAHA,2,,
SARKANTSAHA,2,,
NIASA NISANGOBARY,2,,
NAMBOLY GIROFLE,2,mboly,
MIAVA FAMBOLENA,2,famb,
PREFET D'ETUDE DANS L'ECOLE CATHOLIQUE,2,,
CONDUCTEUR D'AUTO BUS,2,,
MAMBOLY KARAOTY,2,"mam, mboly",
MIASAN'NY KAOMININA,2,,
MANATITRA SY MAKA MPIANATRA,2,"mpi, man",
MIVAROTRA VOLAFOTSY,2,"miv, var",
MIVAROTRA CAFE SY MOFO SY DU THE,2,"miv, var, mofo",
MIVAROTRA POKETRA FRIPPERIE,2,"miv, var",
AIDE MAINOEUVRE EN FER,2,,
MPIASA ATRANO,2,"mpi, trano, rano",
VOLY FARY,2,voly,
MPIANDRY POMPY,2,mpi,
CONTROLE DE QUALITE,2,,
OUVRERE,2,,
MIKARAKARA VOKATRA TSARAMASO,2,,
MANAMPY MIKARAKARA FAMBOLENA,2,"man, famb",
MAGNETSA,2,,
NIASA TANIMBARY,2,,
PLANTON,2,,
MPAMPIANATRA AMIN'NY GEG,2,"mpi, mpam",
MIVAROTRA ENTANA MAJINIKA,2,"miv, var, entana",
PAOMPISTE SHELL,2,mpi,
MPAMPIANATRA AMIN PRIVE,2,"mpi, mpam",
FITOTOANA VARY,2,"var, vary",
MPITATITRA ENNTANA,2,mpi,
MAçON MANDRAFITRA TRANO,2,"man, trano, rano",maçon
MPIASA @ZONE FRANCHE,2,mpi,
PAKING ZONE FRANCE,2,,
MAPANOFA TUC TUC,2,,
MEDCIN,2,,
MECANICIEN FIARA MOTO,2,,
MPIASA PMU BET,2,mpi,
MAMBOLY ANTSOROKA,2,"mam, mboly",
MPIVAROTRA VARILAVA SY TSIVAKY,2,"mpi, var",
MANAMPY AMIN'NY FIVAROTANA,2,"man, var",
MIBATA ENTANA ENY ANTSENA,2,entana,
INFORMATICIEN AO AMIN NY GENDARMMERIE,2,,
MPIAVOTRA TRONDRO,2,mpi,
MIARAKANDRO ONDRY,2,,
MANDRARY VOVO,2,man,
MAMBOLY VARY SY MANGAHAZO ARY OVY,2,"mam, man, var, vary, mboly",
ASA ATRANO,2,"trano, rano",
RESPONSABLE D'HOTEL,2,,responsable
MPAMBOLY VARY SY VOANJO ARY MPIOMPY OMBY,2,"mpi, var, vary, omby, mboly, mpam",
MPIVAROTRA AMORONDALANA ISAKY NY ANDRO TSENA,2,"mpi, var",
MPIVAROTRA VOANKAZO(paoma sy paiso)AMORONDALANA,2,"mpi, var",
MANANGONA SY MIVAROTRA VOAMAINA,2,"man, miv, var",
MPAPMPIANATRA @ COLLEGE SECONDAIRE,2,mpi,
ARCHIVISTE,2,,
MACHINISTE ZONE FRANCHE TEXTILE,2,,
MPAMPIANATRA PRE PRIMAIRE PRIVE,2,"mpi, mpam",
MENDING,2,,
FAMBOLENA KABARO,2,famb,
MAMBOLY  VARY  KATSAKA  TSARAMASO...,2,"mam, var, vary, katsaka, mboly",
MAMBBOLY VARY,2,"mam, var, vary",
MAMBOLY VARY MANGAHAZO VOANJOBORY KATSAKA,2,"mam, man, var, vary, katsaka, mboly",
MIKARAMA MAMAKY VATO,2,"mam, karama",
MIKAPOKA VATO MADINIKA,2,,
MIVAROTRA VOATABY,2,"miv, var",
MANAO SARAK'antsaha,2,man,
DOKERA MITAONA FASIKA,2,,
MANJAITRA AKANJO AMIN'MASININA,2,man,
"MPAMBOLY VARY, TSOROKO, KATSAKA, LOJY",2,"var, vary, katsaka, mboly, mpam",
SECRETAIRE DE DIRECTION ECOLE PRIVE,2,,secretaire
MPAMPIANATRA HISTO GEO CEG KATOLIKA,2,"mpi, mpam",
MECANICIEN AUTO,2,,
MAMPANOFA FILM,2,"mam, mpan",
MANAMBOATRA SAKAFO MASAKA,2,man,
ASSISTANT GEOMETRE,2,,assistant
MPIVAROTRA PERRUQUE,2,"mpi, var",
MPIVAROTRA BAIGNET,2,"mpi, var",
MPIASAN'NY MACHINE MPITOTO VARY,2,"mpi, var, vary",
MPAMBOLY VOANEBA,2,"mboly, mpam",
CONDUCTEUR TRAIN,2,,
MIBATA VATO,2,,
MANAO SY MPIVAROTRA JUS NATUREL(voamadiro),2,"mpi, man, var",
RECEPTIONISTE BENGALOW,2,,
CHAUFFEUR LIVREUR,2,,chauffeur
CHEF DE SERVICE D AFFAIRE REGIONALE,2,,chef
CHEF DE SERVICE F.0.P,2,,chef
MAPMBOLY VOANEMBA,2,mboly,
MPANAO SERIGRAPHIE MIASA TENA,2,mpan,
RESPONSABLE COMMUNICATION,2,,responsable
MPIVAROTRA HOTEL,2,"mpi, var",
MPAMBOLY VOMANGA SY MANGAHAZO,2,"man, mboly, mpam",
MPIANDRY CACAO,2,mpi,
MIVAROTRA BALE FRIPE,2,"miv, var",
MANDRAGIRAGY TANIMBARY,2,man,
MIKARAMA MITOTO VARY,2,"var, vary, karama",
MAMBOLY VARY FARY MANGAHAZO,2,"mam, man, var, vary, mboly",
MPANJAITRA ANY AMIN ZONE FRANCE,2,mpan,
SERVEUR ANY AMIN'NY ESPACE,2,,
MPAMBOLY MADINIKA (vary),2,"var, vary, mboly, mpam",
MIOMPY GISA,2,,
MAMPOBLY,2,mam,
AIDE CHAUFFEUR TAXI BROUSSE,2,,chauffeur
MANAMPY MAMBOLY ANANA SY HARICOT VERT,2,"mam, man, mboly",
MANAMPY MIVAROTRA ENTA-MADINIKA,2,"man, miv, var",
MAMBOATRA TADY VITA AMIN'NY LALOASY,2,mam,
MIKARAMA MIAVA TANIMBOLY,2,"mboly, karama",
MANAMBOATRA TALY,2,man,
MPIASAN NY COMMUNE,2,mpi,
SECRETERA,2,,
TSARAKANTSAHA,2,,
MANOEUVRE AGRICULTURE,2,man,
MPIBATA ENTANA AO AM JB,2,"mpi, entana",
TECHNICIEN EN INFORMATIQUE,2,,technicien
TRANSPORTEURE,2,,
MANAMBOATRA CAKE,2,man,
MANAMBOATRA BALUSTRE,2,man,
MITAZONA POINT DE VENTE AMY PMU BET261,2,,
MANAMBOATRA BIRIKY,2,man,
MIVAROTRA MOTO,2,"miv, var",
NANMBOLY KABARO,2,mboly,
MIVIDY DIA MIVAROTRA TSONDRO LENA,2,"miv, var",
NITAONA BRIQUE,2,,
MIVAROTRA LAMBA MANDEANDEA,2,"man, miv, var, lamba",
MANARAKA SARETY,2,man,
CUISINERE,2,,
MIVAROTRA KAKY,2,"miv, var",
MIVIDY SY MIVAROTRA PPN,2,"miv, var",
CHEF DU PROJET,2,,chef
MPIVAROTRA VOANKAZO MANDEHANDEHA,2,"mpi, man, var",
FAMBOLENA MADINIKA(VARY),2,"var, famb, vary",
MIVAROTRA TOKA GASY,2,"miv, var",
MIVAROTRTA OMBY,2,"miv, var, omby",
MAANMPY MIVAROTRA OMBY,2,"miv, var, omby",
MPAMBOLY ANANA SY HARICOT VERT,2,"mboly, mpam",
"MAMBOLY LAISOA, ANANA,CAROTTE",2,"mam, mboly",
"MAMBOLY ANANA,LAISOA, CAROTTE",2,"mam, mboly",
"MAMBOLY ANANA , CAROTTE,LAISOA",2,"mam, mboly",
MPANDRAFITRA ALLU,2,mpan,
CHEF MAGASINNE,2,,chef
SECRETAIRE AO AM TRAVAUX PUBLIQUE,2,,secretaire
LIVREUR MOFO,2,mofo,
CHAUFFEUR BAJAJ (REMPLACANT),2,,chauffeur
MIVAROTRA FRIRY TRONDRO,2,"miv, var",
MAMBOLY HARICOT-VERT,2,"mam, mboly",
sarakantaha,2,,
POLICE MUNICIPAL,2,,
LIVREUR CARTE DE CREDIT,2,,
PROF DE SCIENCE PHYSIQUE,2,,
CLAIRC HUISSIER DE JUSTICE,2,,
MITONDRA MOTO,2,,
MPIVAROTRA PATY,2,"mpi, var",
MPITRANDRAKA TOURMALINE SY VATOSOA,2,mpi,
MITAZONA VIDEO,2,,
COMPTABLE AO AMINY COMMUNE,2,,comptable
"MAMBOLY VARY,OVY,KAROTY,CONCOMBRE,KATSAKA",2,"mam, var, vary, katsaka, mboly",
"MAMBOLY VARY,OVY,KATSAKA, CONCOMBRE,KAROTY",2,"mam, var, vary, katsaka, mboly",
MPITARO POUSSY,2,mpi,
MPIANTOKA ANANA,2,mpi,
MPIKARAKARA NY VOLY ARTEMESIA,2,"mpi, voly",
INGENIEUR BTP,2,,
DIRECTEUR GENERALE(ingenieur),2,,directeur
MIVAROTRA PRODUIT LOCAUX,2,"miv, var",
MITAONA ENTANA AO AMIN SAMBO,2,entana,
MPAKA FASIKA,2,,
MIVAROTRA HANI MASAKA,2,"miv, var",
MANJAITRA AO AMIN'NY CALINA,2,man,
MANOTO FARY HANAMBOARANA TOKA GASY,2,man,
MITONDRA FIARA FITANTERANA,2,,
MANAO SECURITE AMINY PARKING,2,man,
MANAO SECURITE AMINY ALINA AMINY PARKING,2,man,
MIVAROTRA ORANGE SY SAKOA,2,"miv, var",
"Mivarotra anana, voamaina, voatabia",2,"miv, var",
Manamboatra toaka gasy,2,man,
"Mamboly Vary,Batata,Fary",2,"mam, var, vary, mboly",
TRICOTTEUSE,2,,
Mivarotra toaka Gasy,2,"miv, var",
Miambina omby,2,omby,
MIVAROTRA PPN SY MANAO MOFO,2,"man, miv, var, mofo",
INGERIER FORESTIER,2,,
MIVAROTRA PUCE,2,"miv, var",
MPANAMPY AN-TRANO KILASY MODY,2,"trano, rano, mpan",
MANOEUVRES DEMARCHEURE,2,man,
COMMISSIONNAIRE DE LA VANILLE,2,,
MAMPIANATRA ANY AMINY CEG,2,"mpi, mam",
CHAUFFEUR BADJAJ,2,,chauffeur
CHAUFFEUR TRANS RURALE,2,,chauffeur
TECHICIEN AGRICOLE,2,,
MAMOKATRA CLARINETTE,2,mam,
NAKA VOANJO,2,,
MITONDRA TAXI BISIKILETA,2,,
MIVAROTRA LAMBA PRIPERIE,2,"miv, var, lamba",
MIVAROTRA KITAIM-BAKOANA,2,"miv, var",
MITAOM-BIRIKY,2,,
MANAO COUPE FIL LAMBA VOAZAITRA,2,"man, lamba",
MANAO COVETTE PLASTIKA,2,man,
MANAMBOATRA VOLOMASO ARTIFICIELLE,2,man,
PAMPIANATRA LYCEE PRIVE,2,mpi,
MIVAROTRA TISSAGE SY EXTENSION,2,"miv, var",
MPAMPIANATRA @ CEG ANTSAHAMAINA,2,"mpi, mpam",
MIVAROTRA YAOURT MITETY TANANA,2,"miv, var",
MPIASAN NY COMMUNE (VOIRI),2,mpi,
MANOEUVRE FANAMBOARAN-TRANO,2,"man, trano, rano",
MACON (MIASA TENA),2,,
MAGASINIERE AO AMIN'NY ZONE FRANCHE MKLEN,2,,
CHEF MECANICIEN AUTOMOBILE,2,,chef
DIRECTEUR CEG VOHIPENO,2,,directeur
PAPIANATRA NY EPP VOHIPENO,2,,
PANIVANA VOLAMENA,2,,
FIOPMPIANA,2,mpi,
"MIVAROTRA KAFE SY MOFO, SAVONY, BISCUIT",2,"miv, var, mofo",
MANANGONA SY MIVAROTRA JIROFO,2,"man, miv, var",
MPIVAROTRA FANAFODY AM PHARMACIE,2,"mpi, var",
MANDANJA OLONA,2,man,
MPITSABO GENERALISTE,2,mpi,
MIVAROTRA PATY MITETY TRANO MANDEHANDEHA,2,"man, miv, var, trano, rano",
MIVAROTRA PATY,2,"miv, var",
MANAO PATY,2,man,
DEMARCHER LAMBA,2,lamba,
BEN'NY TANANA BEKILY VILLE,2,,
GERANTE ET PROPRIETAIRE RESTAURANT LE COCOTIER,2,,
MAMAFA BUREAU FANJAKANA,2,mam,
MANAO VANILLE,2,man,
MIVAROTRA MITETY TSENA,2,"miv, var",
COUPEUR DE BOIS,2,,
MPIVAROTRA AMAN'OLONA,2,"mpi, man, var",
KATESISTE,2,,
FIAVANA TANIM BOLY,2,,
MAMBOLY TONGOLO SY PETIT POIS VARY,2,"mam, var, vary, mboly",
MPIVAROTRA MAGASIN MISY KOJAKOJA REHETRA,2,"mpi, var",
MPITRANDRAKA FASIKA,2,mpi,
MPANANGONA FAKO AO AMIN NY FOKOTANY,2,"tany, mpan",
MIANTOKA MOFO,2,mofo,
FAMBOLENA MADINIKA,2,famb,
MIVAROTRA TRONDRO MANDENDE,2,"man, miv, var",
MIVAROTRA FRIPERIE MANDEA,2,"man, miv, var",
MEDECIN LABORATN,2,,
MPAMILY AO AMIN'NY TELMA,2,mpam,
"CASH POINT (MVOLA,SNS)",2,,
AGENT DE SURETE,2,,agent
MPIBATA ENTANA AMINY MANGAGIN,2,"mpi, man, entana",
MIKARAMA MIANDRY OMBY ENY AMINY ABATTOIR,2,"omby, karama",
CATHESISTE,2,,
MIVAROTRA KAJAHA SY BALAMBOAY,2,"miv, var",
MITATITRA HAZO,2,,
FACTURIERE,2,,
MANADIO TRANO,2,"man, trano, rano",
MPANJAITRA RAVIN DAMBA,2,mpan,
MPAJONO,2,,
FANAOVANA SARAKANTSAHA VOLY VARY,2,"var, vary, voly",
MAMBOLY SY MIVAROTRA YLANG YLANG,2,"mam, miv, var, mboly",
MANARATO HAZAN-DRANO,2,"man, rano",
MANAMBOTRA KOFAFA,2,man,
MANDRARY VALIHA,2,man,
CHAUFFEUR TAXI BROUSSE REGIONALE,2,,chauffeur
OUVRIER EN BATIMENT,2,,ouvrier
MANOEUVRE MANAMBOATRA TRANO,2,"man, trano, rano",
MPITAMBOLAN'NY COMMUNE,2,mpi,
MPAMBOLY TONGOLO SY HARICOT VERT,2,"mboly, mpam",
MPAMBOLY HARICOT VERT SY TONGOLO,2,"mboly, mpam",
FAMBOLENA LEGUME (PETI POIS SY TARAMASO),2,famb,
MECANIEN,2,,
MAGISTRAT,2,,
AIDD MAINOUVRE AGRICOLE,2,,
MAINOEUVRE AGRICOLE,2,,
MIANTOKA TOAKA,2,,
SARAKANTSAHY,2,,
AGENT TOURISTIQUE,2,,agent
MPIASAN'NY DISPENSAIRE,2,mpi,
MPIOMPY AKOHO SY KISOA,2,"mpi, akoho",
MAMBOLY MANAGAHAZO,2,"mam, man, mboly",
MIVAROTRA (EPICERIE),2,"miv, var",
MPITANTANA ENTREPRISE TRANSPORT MANANA TOMOBIL IZY,2,"mpi, man",
MIKARAMA MITONDRA TOMOBILE NY STAR,2,karama,
MIVAROTRA VILIA SY VONINKAZO,2,"miv, var",
MIVAROTRA (epicerie),2,"miv, var",
MPANAO SARAKANTSAHA VOLY VARY,2,"var, vary, voly, mpan",
MIVARORATRA HANIN-KISOA,2,"miv, var",
SECURITE VAVAHADY,2,,
MIVAROTRA VAISSELLES EN LIGNE,2,"miv, var",
"DOKERA , MIASA TENA",2,,
MANOSIKA KALESA,2,man,
MIVAROKENA,2,"miv, var",
MPAMBOLY VARY SY MPIOMPY KISOA,2,"mpi, var, vary, mboly, mpam",
MANAO PETAKOFEHY@ONDANA SY DRAP,2,man,
MIOTY CAFE,2,,
MPANAO SOUDIRA,2,mpan,
TRIAGE CACA0,2,,
MAMBOLY CACAO SY VOASARY,2,"mam, mboly",
MIVAROTRA ENTANA MADINKA,2,"miv, var, entana",
MIANTOKA AKONDRO,2,,
MPIVAROTRA LAMBA MANDEHANDEHA,2,"mpi, man, var, lamba",
MAMBOLY FARY SY AKONDRO,2,"mam, mboly",
MAMBOLY VOANJO SY VARY,2,"mam, var, vary, mboly",
MIVAROTRA VARY FOTSY SY ANANA,2,"miv, var, vary",
MPAMPIANATRY NY CEG,2,"mpi, mpam",
CHAUFFEUR BAJAJ(REMPLACENT),2,,chauffeur
SUPLEANT EPP,2,,
"NAMBOLY VARY,OVY,VOMANGA,MANGAHAZO,KATSAKA",2,"man, var, vary, katsaka, mboly",
GARDIEN @ PROJET MISAHANA TONTOLO IAINANA,2,,
VENDEUSE @ MAGASIN,2,,
MPIVAROTRA POULET DE CHAIR,2,"mpi, var",
VENDEUR DANS UN POISSENERIE,2,,vendeur
COODONIER,2,,
ASSISTANTE ADMINISTRATIVE,2,,assistant
CHAUFFEUR CAMION POIDS LOURDS,2,,chauffeur
MPIVAROTRA ANANA AMORON-DALANA,2,"mpi, var",
MPIVAROTRA VOASARY MAMY,2,"mpi, mam, var",
"MAMBOLY VARY,MANGAHAZO,KATSAKA,TSARAMASO",2,"mam, man, var, vary, katsaka, mboly",
"MAMBOLY MANGAHAZO, TSARAMASO",2,"mam, man, mboly",
SARAKANTSAHA MANOSY,2,man,
MAMBOLY LENTILLES,2,"mam, mboly",
MAMPIANATRA PETIT SECTION,2,"mpi, mam",
"MPAMBOLY LEGUME, MANGAHAZO SY VARY",2,"man, var, vary, mboly, mpam",
"MPAMBOLY VARY, LEGUME SY MANGAHAZO",2,"man, var, vary, mboly, mpam",
SECURITE PRIVEE,2,,
DOMESTIQUE POUR UNE MENAGE PRIVEE,2,,
MPITARIKA POUSSE AN-TANAN-DEHIBE,2,mpi,
MPIVAROTRA TONGOLO SY TOMATE AN-TSENA,2,"mpi, var",
MPIAMBINA AO AMIN'NY PARCAGE NATIONAL,2,mpi,
MPIVAROTRA VOAN-KAZO AMORON-DALANA,2,"mpi, var",
MPIANTOKA MAKAMBA,2,mpi,
MAMBOLY MANANASY SY AKONDRO,2,"mam, man, mboly",
MPANMBOLY ANTSOROKO,2,"mboly, mpan",
MPANJAITRA LAMBA SY AKANJO,2,"lamba, mpan",
PROFESSEUR AU LYCEE,2,,
GERANT DANS LE COMMERCE EN DETAIL,2,,
MIARAMIMLA,2,,
AGENT DE POLICE NATIONAL FIP,2,,agent
MANGADY SAFIRA,2,man,
0MBIASA,2,,
MITSANDRAKA SAPHIR,2,,
MIHALY SAPHIR,2,,
MIASA SAPHIR,2,,
RESPONSABLE TECHNIC BATIMENT,2,,responsable
MIVAROTRA YAOURTE,2,"miv, var",
MIVAROTRA CHARBON SY PARAKY,2,"miv, var",
MPANASA LAMBA NY HOTEL,2,"lamba, mpan",
MPIVAROTRA HEN'OMBY,2,"mpi, var, omby",
MPAMPIANATRA ENY@ PRIMAIRE,2,"mpi, mpam",
MPIVAROTRA PPN ENY@ GROSSISTE,2,"mpi, var",
MANOUEVRE KUBOTA,2,man,
MIATOKA OMBY,2,omby,
MANJAITRA LAMBA AN-TSENA,2,"man, lamba",
AGENTS DE POLICE,2,,agent
SECRETAIRE @ SERVICE DISTRIC DE LA SANTEE PUBLIC (,2,,secretaire
MAMBOTRA BRIOSY,2,mam,
POLICE NATIONALE,2,,
MAMPIANATRA ANGLAIS,2,"mpi, mam",
MPIANTOKA VOKATRA,2,mpi,
MAKA KIATY,2,,
MIVAROTRA ENTANA MADINIKA (EPICERIE,2,"miv, var, entana",
MIVAROTRA  PIECES D OCCASSION FIARA,2,"miv, var",
MIVAROTRA GOUTTER,2,"miv, var",
MPANDRARY ROFIA,2,mpan,
MPANAO SOUDURE ELECTRIQUE SY AUTOGENE,2,mpan,
MPIVAROTRA ENTA MADINIKA MANDEHANDEHA,2,"mpi, man, var",
MANA0 SUIVI,2,man,
MANJONO ANDRANOMSINA,2,"man, rano",
MPIVAROTRA PIRINA,2,"mpi, var",
"Mivarotra laoka manta: varilava, patsa, makamba",2,"man, miv, var",
Aide chauffeur camion,2,,chauffeur
CHEF DE CHANTIER EN GENIE RURAL,2,,chef
MIVAROTRA KAKAPIGEON SY BISCUIT,2,"miv, var",
MPIVAROTRA HAZANDRANO,2,"mpi, var, rano",
MPANAO SIRA ANATY SACHET,2,mpan,
MPAMBOLY HONKO,2,"mboly, mpam",
VENDEUSE DE RIZ,2,,
MIVAROTRA KIATY,2,"miv, var",
MPIVAROTRA FITAOVAN-DAKOZIA,2,"mpi, var",
MPANAKALO,2,mpan,
MPIVAROTRA AKANJO FRIPERIE,2,"mpi, var",
MPITRANDRAKA VATO SOA,2,mpi,
MITRANDRAKA VATO TOURMALINE,2,,
MIVAROTRA FRIRY AKOHO NA AKOHO ATONO,2,"miv, var, akoho",
MIVAROTRA MANAMPY AN'DADATOANY,2,"man, miv, var",
MIKARAMA MANAMBOATRA TAHOKOFAFA,2,"man, karama",
GARAGISTE MECANICIEN,2,,
MIASA @ORINASA(MANAO TRIAGE VOANKAZO),2,man,
FEMME DE MENAGE AO @PHARMACIE,2,,
MPINDRAKA VATO,2,mpi,
MIOMPY BITRO,2,,
BOULANGER MPANAO MOFO DIPAINA,2,"mofo, mpan",
MPITONDRA CYCLOSPOUSE,2,mpi,
MANAMPY MIVAROTRA RAVIDAMBA,2,"man, miv, var",
TECNICCIENT,2,,
PROFE DE EPS,2,,
MANAO COUPE NA SISAL,2,man,
PANETSA VARY,2,"var, vary",
MIKARAKARA FAMBOLENA MANAMPY FIANAKAVIANA,2,"man, famb",
AGENT DE SUIVI ONG ONN,2,,agent
GOUVERNEUR REGION SOFIA,2,,
MIVAROTRA MEUBLE SY ELECTRONIQUE,2,"miv, var",
VENDEUSE DE COFFECTION,2,,
AIDE AU VENTE,2,,
MANAO PATISSERIE,2,man,
MPIVAROTRA VARY MASAKA SY LAOKA,2,"mpi, var, vary",
ASA VOLOMENA,2,,
MANJARY,2,man,
MPANAMPMY AN-TRANO,2,"trano, rano, mpan",
MPIVAROTRA CACHE BOUCHE,2,"mpi, var",
JONO,2,,
MPANAAO SARAKA ANTSAHA,2,mpan,
MANAMBOTRA POKETRA @ROFIA,2,man,
MANAO SY MIVAROTRA BONBON VOANJO,2,"man, miv, var",
DEMARCHEUR FIRAVAKA,2,,
MPANATITRA FANAFODY @EPICERIE MADINIKA,2,mpan,
MANAO TRAITEUR MPAHANDRO SAKAFO HOTELY MADINIKA,2,man,
MIVAROTRA  HENA,2,"miv, var",
MAHANDRO SAKAFO AMIN'NY HOTELY(CUISINNIER),2,,
MPANDROSO SAKAFO AMIN'NY HOTELY(SERVEUSE),2,mpan,
DEMARCHEUR FIA,2,,
MANATATO TRONDRO,2,man,
INSTITUTRICE DE L'ENSEIGNEMENT PREPRIMAIRE PRIVE,2,,
COMPTABLE COMMUNALE,2,,comptable
MPIVAROTRA VARY AMORONDALANA,2,"mpi, var, vary",
SARAKA AN TSAHA,2,,
MANAMPY MANAO YAOURT,2,man,
MIVAROTRA MOFO ANANA,2,"miv, var, mofo",
MAMPIANATRA MATHEMATIQUE SY PHYSIQUE,2,"mpi, mam",
COUTURIERE,2,,
SECURITE AMBATOVY,2,,
SERVENTE,2,,
MAMPIANATRA KILASY AMBARATONGA FOTOTRA PRIVE,2,"mpi, mam",
MIVARO-KENA,2,"miv, var",
MANAMPY @ FIVAROTANA,2,"man, var",
MPANAMBOTRA VILANY,2,mpan,
MIKARAMA MIVAROTRA LASOPY,2,"miv, var, karama",
QUINCAILLERIE EN DETAIL AO ANATY TRANO MITOKANA,2,"trano, rano",
MIKARAMA MIVAROTRA BRIOCHE,2,"miv, var, karama",
MIOMPY OMBY VAVY B RONONO,2,omby,
MAMPIANATRA ENY AM LYCEE,2,"mpi, mam",
CHAUFFEUR TOURISME,2,,chauffeur
MANAO TADY FAMATARAN'ANDRO AMIN'NY ZONE FRANCHE,2,man,
MPIANDRY OMBY(karamain'olona),2,"mpi, omby, karama",
MIKARAMA MANAMBOATRA TRANO,2,"man, trano, rano, karama",
MAMBOLY SY MANODI NA FARY,2,"mam, man, mboly",
MANERA FITAOVANA MADINIKA,2,man,
MANAO ARBITRE BASKET,2,man,
MACONNERIE DE BRIQUE,2,,
MPIVAROTRA BARAHOA,2,"mpi, var",
MPAMPIANATRA PRIVE,2,"mpi, mpam",
SARAKAYSAHA,2,,
MAMBOLY VARY SY OVY SY KATSAKA,2,"mam, var, vary, katsaka, mboly",
"MPAMBOLY,VARY,KATSAKA,TSARAMASO",2,"var, vary, katsaka, mboly, mpam",
"MIVAROTRA ANANA,VOATABIA,PATSA,VOAPOA",2,"miv, var",
MITARIKA CYCLO POSSY,2,,
INSTALLATION ELECTRIC,2,,
MANAMBOATRA SY MIVAROTRA YAOURT,2,"man, miv, var",
MIVAROTRA TRONDRO MITETY TRANO,2,"miv, var, trano, rano",
MIVAROTRA LAMBA FRIPPERIE,2,"miv, var, lamba",
"NITONA BIRIKY,VATO",2,,
FEMMME DE MENAGE,2,,
FANAMBOARANA MOFO MAMY,2,"mam, mofo",
0PERATEUR INFORMATIQUE,2,,
MIVAROTRA VALALA,2,"miv, var",
MAMETAKA PANNEAU PUBLICITAIRE ENY AMIN'NY EPICERIE,2,mam,
MAMPIAKATRA FASIKA @CAMION,2,"mpi, mam",
MANJAITRA FITAFINA,2,man,
PROF MATH @CEG,2,,
MPITRANDRAKA ALA,2,mpi,
MIVAROTRA SAKAFO GARGOTE,2,"miv, var",
MIVAROTRA GLACE MANDEHANDEHA,2,"man, miv, var",
MIVAROTRA AMINA EPICERIZ,2,"miv, var",
MANARATO ANDRANO MAMY,2,"mam, man, rano",
RESPONSABLE ECOLE DE SPORT,2,,responsable
MPANAPAKA HAZO,2,mpan,
MITONDRA POUSY,2,,
MANAMPY MANAO CHARBON,2,man,
MANJAITRA LAMBAN-DATABATRA SY RIDO,2,"man, lamba",
MPISERA MOTO,2,mpi,
SECURITE DE MARCHANDISE,2,,
MIVAROTRA GONY,2,"miv, var",
MPAMPIANATRA AMBARANTONGA FAHAROA,2,"mpi, mpam",
MAMPIANATRA AMY EPP MANINTSY FIADANANA,2,"mpi, mam, man",
MPAMOVO,2,mpam,
SARAHAK'ANTSAHA,2,,
DOCKERS,2,,
MAMPIANATRA T4,2,"mpi, mam",
PANAMBOATRA FANAFODY RAOKANDRO,2,,
MIVAROTRA MANGIDY,2,"man, miv, var",
MAMBOLY VOANEMBA SY TSIASISA,2,"mam, mboly",
MPAMBOATRA MOTO MECANICIEN MOTO,2,mpam,
MPIVAROTRA LAMODY SY FANAKA,2,"mpi, var",
MIVAROTRA DRAKAKA,2,"miv, var",
MPAMIANATRA,2,mpam,
MAMBOLY VOAMANGA,2,"mam, man, mboly",
PAPIANATRA EPP,2,,
TSAKAFOAKA,2,,
ACCOUCHEUSE TRADITIONNELLE,2,,
"MPAMBOLY VARY,OVY,KATSAKA,TSARAMASO,VOMANGA",2,"man, var, vary, katsaka, mboly, mpam",
MPAMPIANATRA AMIN'NY SEKOLIM-PINOANA,2,"mpi, mpam",
AIDE COMPTABLE,2,,comptable
RESPONSABLE COMMERCIALE,2,,responsable
MIVAROTRA BROCANTEUR PIECE AUTOMOBILE,2,"miv, var",
MANAMBOATRA SARETY,2,man,
MANENINA TADY,2,man,
MIKARAMA MANENINA,2,"man, karama",
SEREVUSE,2,,
ENTRAINEUR FOOTBALL,2,,
MPAMBOLY FA MANANAMPY NY VADINY,2,"man, mboly, mpam",
MPAMBOLY FA MANAMPY NY VADINY,2,"man, mboly, mpam",
MPIV1ROTRA EPICERIE,2,mpi,
MIVAROTRA ANY BAZARY LADOANY,2,"miv, var",
FREELANCE,2,,
MIVAROTRA PATTE JAUNE MASAKA,2,"miv, var",
MANAO SAISIE ANY CYBER,2,man,
MIVAROTRA PATTE MASAKA,2,"miv, var",
MIAVROTRA VOAKAZO,2,,
MPANAMBOATRA YAOURT,2,mpan,
MIKARAMA MANDRAFITRA,2,"man, karama",
MPAMPIANATRA CLASSE DE 9 EME,2,"mpi, mpam",
MPAMBOLY VOANKAZO,2,"mboly, mpam",
MANOTO KOBA,2,man,
"NAMBOLY VARY,OVY,KATSAKA,MANGAHAZO,TSARAMASO",2,"man, var, vary, katsaka, mboly",
MIASA ANKORAKA,2,,
MITANIKA TOAKA,2,,
MPITATITRA OLONA AMIN;POUSY,2,mpi,
MPANASA LAMBAN;OLONA,2,"lamba, mpan",
MANEFY BRACELET @CUIVRE,2,man,
"MAMBOLY VARY,TSARAMASO,TONGOLO GASY, OIGNON",2,"mam, var, vary, mboly",
"MAMBOLY VARY,TSARAMASO,TONGOLO GASY,OIGNON",2,"mam, var, vary, mboly",
MAMBOLY AIL,2,"mam, mboly",
MACHINISTE AO @ ZONE FRANCE,2,,
MANDRARY TSIHY SY TATY KELY,2,man,
MIKARAMA MANAMBOTRA VILANY,2,"man, karama",
FANAMBOARANA VILANY TANIMANGA,2,man,
MANAO MOKARY SY CAFE,2,man,
MAMBOLY CACA0 SY VANILLE,2,"mam, mboly",
MAMBOLY CACAO SY VANILLE,2,"mam, mboly",
NIVAROTRA VARY,2,"var, vary",
MANAO DOKERA MITAONA ENTANA,2,"man, entana",
EXPLOITANT MINIER,2,,
RESPONSABLE BUVETTE,2,,responsable
INGENIEUR,2,,
MANENDY SY MIVAROTRA TRONDRO MASAKA,2,"man, miv, var",
MIASA MAMETAKA ETIQUETTE,2,mam,
COMPTABLE ADVENTISTE SOAMANANDRARINY,2,man,comptable
SEKRETERA,2,,
CHAUFFEUR-NA ORINASA(PROMODIM),2,,chauffeur
MIANTOKA TRONDRON-DRANOMASINA,2,rano,
"MPAMBOLY VARY SY VOANJIBORY ,katsaka ;tsaramaso",2,"var, vary, katsaka, mboly, mpam",
MANAMPY MAMBOLY VARY SY KATSAKA AR TSARAMASO,2,"mam, man, var, vary, katsaka, mboly",
NIANDRY TRANO ANY ZANANY,2,"trano, rano",
KIBAROA NANASA LAMBA,2,lamba,
MIVAROTRA FIA ANDRANOMASY,2,"miv, var, rano",
SECURITE NY ORINASA,2,,
IRAKIRAKA AM MANGAZAY,2,man,
MIVAROTRA KOBA SY SOJA,2,"miv, var",
MANAMBOATRA TRANO(Maçon),2,"man, trano, rano",maçon
MAMPIANATRA ANGLAIS @ Lycée,2,"mpi, mam",
MANAO TRAVAIL(ASA ATAKALO VARY),2,"man, var, vary",
TRAVAIL(ASA ATAKALO VARY),2,"var, vary",
PASTEUR FLM,2,,
MPIVAROTRA ANANA MANDEHA,2,"mpi, man, var",
MIVAROTRA LABASY,2,"miv, var",
MIVAROTRA AUTO PIECES,2,"miv, var",
MANAMBOATRA CAILLASSE (VATOKELY),2,man,
GARDIENNE N'NY TOKATRANO TSOTRA,2,"trano, rano",
MAMBOLY VARY SY VOANJO,2,"mam, var, vary, mboly",
MANAO PEPINIERE ARTHEMESIA,2,man,
IRAKELY CHARBON,2,,
MPANAMPY KILASY MODY,2,mpan,
MIVAROTRA TOAKA ANTSINJARANY AO AMINY,2,"miv, var",
MIVAROTRA FOTSIM BARY EO AN TSENA,2,"miv, var",
MPAMPIANATRA EPP MPANJAKANA,2,"mpi, mpan, mpam",
MPATRAFITRA TRANO,2,"trano, rano",
MPAMPIANATRA AMIN'NY ECOLE PRIVE: PRIMAIRE,2,"mpi, mpam",
MPIVAROTRA DRAP,2,"mpi, var",
FEMME DE MENAGE SOCIETE SOAVOANIO,2,,
CORDONATEUR DE VOL AERIENNE,2,,
CHEF DE SERVICE INFORMATIQUE REGION MELAKY,2,,chef
PARTENAIRE RELAIS,2,,
MANEUVRE AMINA FANAOVANA TRANO,2,"man, trano, rano",
CHARPRONTIER,2,,
MIVAROTRA LAOKA,2,"miv, var",
MAPIANATRA PRIMAIRE,2,,
PAPIANATRA PRIMAIRE,2,,
FIVAROTANA GONY MANDENDEHA AO AN-TSENA,2,"man, var",
MITANDRINA AO @ FIANGONANA PANTEKOTISTA MITAMBATRA,2,,
MANAMPY @VAROTRA LAMBA CONFECTION,2,"man, var, lamba",
MPANAMBOATRA FITAOVA ELEKTRONIKA SIMBA,2,mpan,
PRESSING,2,,
MIVAROTRA VARY MASAKA SY COMPOSE,2,"miv, var, vary",
MPANAMPY ANTRANO SY AO AM GARGOTTE,2,"trano, rano, mpan",
MPANAO CASH POINTS,2,mpan,
MPIVAROTRA VARY MENAKA SIRAMAMY AMBONGADINY,2,"mpi, mam, var, vary",
"MANOEUVRE,MAçON",2,man,maçon
MPANDRARY HARONA PENJY,2,mpan,
MPANAO SY MPIVAROTRA MOFO GASY,2,"mpi, var, mofo, mpan",
MAMBOLY VARY SY VOANJO(MADINIKA),2,"mam, var, vary, mboly",
MANAMBOTRA KIFAFA,2,man,
MIKARAKARA AKOHO AO AMIN MASERA,2,akoho,
MPIVAROTRA BROCHETTE,2,"mpi, var",
MENUISER EN ALLU,2,,menuiser
MPAMPIANTRA @COLLEGE PROF D ANGLAIS,2,"mpi, mpam",
AGENT DE MAINTENANCE MATERIEL INFORMATIQUE,2,,agent
CHAUFFEUR TUC TUC,2,,chauffeur
DETAILLANT EN QUINCAILLERIE ET PPN,2,,
MIKARAMA MANAMBOTRA CHARBON,2,"man, karama",
MIKARAMA MANAMBOATRA CHARBON,2,"man, karama",
MIVAROTRA PPN AO AMIN'NY EPICERIE,2,"miv, var",
MPIKARAMA MANAO MAçON,2,"mpi, man, karama",maçon
MPANAMBOATRA HARATO,2,mpan,
MANAMBOTRA KIRARO,2,man,
MAMBOLY VARY HARICOT,2,"mam, var, vary, mboly",
C0MPTABLE,2,,
MIVAROTRA FRIPPE MANDENDEHA,2,"man, miv, var",
MACHINISTE PIQUAGE,2,,
CONFECTIONNEUSE TEXTILE,2,,
MIVAROTRA VOASARY,2,"miv, var",
MPIANTOKA PAOMA,2,mpi,
MANDROAKA SARETY,2,man,
DIRECTEUR D'UN ECOLE PRIVEE,2,,directeur
MPIVAROTRA HANIMASAKA JUS-PATY-BROCHETTE,2,"mpi, var",
MAMBOLY VOANJO SY BALAHAZO,2,"mam, mboly",
MPANAMBOATRA GARABA,2,mpan,
FIOPINA KISOA,2,,
INGENIEUR ENERGIE,2,,
MPAMBOLY VARY SAONJO MANGAHAZO,2,"man, var, vary, mboly, mpam",
MPIVAROTRA RAVIN-DAMBA SY PPN,2,"mpi, var",
MIDRANDRAKA VOLAMENA,2,,
MPIVAROTRA YAOURT MANDEHANDEHA,2,"mpi, man, var",
MPAMBOLY HAZO @ PROJET MISAHANA TONTOLO IAINANA,2,"mboly, mpam",
MPANDRAFITRA FANAKA @ ATELIER BOIS,2,mpan,
MPANASA LAMBANY TOKATRANO MAROMARO,2,"lamba, trano, rano, mpan",
MANTSAKA RANON'OLONA (TOKATRANO MAROMARO),2,"man, trano, rano",
MPAMBOLY KITAY,2,"mboly, mpam",
MPIVARTRA KITAY,2,"mpi, var",
ASA VOLA,2,,
MPAMPIANATRY AMIN'NY EPP,2,"mpi, mpam",
MPAMBOATRA SY MPIVAROTRA,2,"mpi, var, mpam",
MBAMBOLY OVY MADINIKA,2,mboly,
FAMBOLENA VARY MADINIKA,2,"var, famb, vary",
MPANENTANA ARAPASALAMANA,2,"man, entana, mpan",
MIVAROTRA VOANJOBORY LENA,2,"miv, var",
MIVAROTRA KATY (MANANGONA @ MPAMBOLY),2,"man, miv, var, mboly, mpam",
MPIANTOKA VARY,2,"mpi, var, vary",
MPANAMPY  ANTRANO,2,"trano, rano, mpan",
MAMBOLY PARAKY SY SAKAIBE SY VOAPOA,2,"mam, mboly",
MAMBOLY PARAKY SAKAIBE SY VOAPOA,2,"mam, mboly",
CHEF D ENTREPRISE,2,,chef
LAVEUSE,2,,
DANSEUSE,2,,
MIASA MANAO MACONNERIE,2,man,
MACHINISTE MANAO CONFECTION,2,man,
OPERATEURE DE SAISSIE,2,,
MIVAROTRA RONONON OMBY,2,"miv, var, omby",
MPANERA KISOA VELONA,2,mpan,
MIVAROTRA LEGUIME KARAZANY MARO A L'ETALE AO ANTSE,2,"miv, var",
MANAMPY NY ZOKINY MIVAROTRA ANLE LEGUIME AO ANTSEN,2,"man, miv, var",
MIVAROTRA TOVAN-KEN'OMBY,2,"miv, var, omby",
OPERATEUR MANAGER,2,man,
MIVAROTRA CONFECTION AMORONDALANA,2,"miv, var",
AIDE CHAFFEUR CAMION,2,,
MIVAROTRA OVY A L'ETALE AO ANTSENA,2,"miv, var",
MAMBOATRA MOFO ARY MIVAROTRA,2,"mam, miv, var, mofo",
MPITARIKA MPIVIDY OMBY,2,"mpi, omby",
FERAILLEUR,2,,
MPAMPIANATRA 7EME AMIN ECOLE PRIVEE,2,"mpi, mpam",
MPITANDRINA PENTEKOTISTA MITAMBATRA,2,mpi,
MITSIMPONA VARY,2,"var, vary",
MIPVAROTRA HANIMASAKA,2,var,
MPANDRAFITRA FANAKA AN-TRANO,2,"trano, rano, mpan",
SARAKA TSAHA MAMPIASA OMBY,2,"mpi, mam, omby",
SARAKA TSAHA MANETSA,2,man,
VENDEUR DE PIECE AUTOMOBILE,2,,vendeur
MPIASAN JIRAMA,2,mpi,
CHEF DE PROJET AO AMIN'NY WASH,2,,chef
RESPONSABLE QUALITATIF AO AMIN'NY WASH,2,,responsable
MANASA TAOVAN'OMBY SY TONGOTROMBY,2,"man, omby",
TOLIER,2,,
KIBAROA MIHAVA VARY,2,"var, vary",
LIVRAIRE COMMERCIAL,2,,
MPAPIANATRA AMIN'NY LYCEE,2,,
SARAKANTRAHA,2,,
MIANDRY BENGY,2,,
ENTREPRENEUR DES BATIMENTS,2,,
ANGENT ADMINISTRATEUR,2,,
MITSIPONA VY ENY AMIN'NY FAKO,2,,
MAMBOLY VOASARY,2,"mam, mboly",
MPIKARAMA SARANKANTSAHA,2,"mpi, karama",
MANAMBOATRA SATROKA,2,man,
ANIMATRICE,2,,
MPANAMPY @ FANDRARIANA TSIHY,2,mpan,
MANAMPY MANARATO,2,man,
MANOTO TSAKO,2,man,
MIRAOTRA VOANKAZO,2,,
COLLECTEUR JIROFO,2,,
AGENT CADRE JIRAMA,2,,"agent, cadre"
NUTRIVISTE,2,,
MIVAROTRA CAFE MANDEHANDEHA,2,"man, miv, var",
MPIASA@OZININA FITOTOAM-BARY,2,mpi,
GARAGISTE,2,,
MIVAROTRA ANANA ANATY TSENA,2,"miv, var",
MPAMBOLY VARY SY MPIOMPY AOMBY,2,"mpi, var, vary, omby, mboly, mpam",
MIANDRY FODY AMIN VARY,2,"var, vary",
MPANJONO FIA ANDRANOMASINA,2,"rano, mpan",
CHAUFFEUR TAXI BAJAJA,2,,chauffeur
VAOMERAN NY FANDRIAMPAHALEMANA,2,man,
TECHNICIEN LABORATOIRE,2,,technicien
COLLECTEUR HAZO,2,,
CHAUFEUR TUCTUC,2,,
CHAUFFEUR KIBOTA AO AMIN MASERA,2,,chauffeur
MIAVA TANIMBARY,2,,
MPIVAROTRA GOUTE NY MPIANATRA,2,"mpi, var",
MPIVAROTRA HAZO(PLANCHE),2,"mpi, var",
MITATITRA ENTANA AMIN SARETY,2,entana,
MANDRARY TSIAORO(HARONA),2,man,
MIPASOKA LAMBA ANY ZONE,2,lamba,
MACHINISTE AMIN'NY ZONE FRANCHE,2,,
ASSISTANTE LOGISTIQUE,2,,assistant
0MBIASY,2,,
MAMBOLY VOATAVO,2,"mam, mboly",
MANAMPY MAMBOLY KATSAKA,2,"mam, man, katsaka, mboly",
SARAKATSAHA LOMAKY,2,,
SARAKATSAHA MAGNOMBOTRY HIDIMBARY SY KETSA,2,,
SARIKATRAHA,2,,
MPANAMPY ATRANO SY GARGOTTE,2,"trano, rano, mpan",
MPITATITRA ENTANA AMIN'NY KALESY,2,"mpi, entana",
MPIVAROTRA CAHRBON,2,"mpi, var",
MANAMPY @ FITATERANA ENTANA @KALESY,2,"man, entana",
MPITONDRA SAMBO MAROVOAY MADIROVALO,2,mpi,
LIBRAIRE,2,,
MANAMBOATARA RADIO TELE SNS,2,man,
RESPONSABLE CABINET COMPTABLE,2,,"comptable, responsable"
RESPONSABLE MARKETING BFV,2,,responsable
MAMBOLY VARY MANGAHAZO TSARAMAS0,2,"mam, man, var, vary, mboly",
MPANDRAITRA,2,mpan,
MAMBOLY ORGE,2,"mam, mboly",
MPANAMBOATRA LALANA,2,mpan,
CHARGE DE MISSION PERMANANTE A LA HCC TANA,2,man,charge
MPAMPIANATRA  @PRIMAIRE,2,"mpi, mpam",
MAMBOLY MANGAHAZO SY MANASY,2,"mam, man, mboly",
MPIVAROTRA CAFE VOANY,2,"mpi, var",
MPIVAROTA HAZAN-DRANOMASINA,2,"mpi, var, rano",
MPANAPAKA HAZO HANAMBOARANA TRANO,2,"trano, rano, mpan",
PROF@SEKOLY AMABARATONGA FAHAROA ANDIANY FAHAROA,2,,
MANADIO VATO,2,man,
PANDIO DOBO FITEZANA AMALONA,2,,
RESPONSABLE TECHNIQUE DE L'AGRICULTURE,2,,responsable
MITSAKAFOKA,2,,
NIDROAGNA,2,,
CHAUFFEUR FIARA MITATITRA FASIKA,2,,chauffeur
MPAMPIANATRA @ AMBARATONGA VOALOHANY,2,"mpi, mpam",
MAMPIANATRA AMBARATONGA FAHA 2,2,"mpi, mam",
PROTHESISTE DE DENTAIRE,2,,
PERSONNEL ADMINISTRATIVE AM SISCO,2,,
MPIVAROTRA LETCHIS,2,"mpi, var",
MIVAROTRA KAPA ENY AMORONDALANA,2,"miv, var",
MIVAROTRA KIRARO ENY AMORONDALANA,2,"miv, var",
MIVAROTRA PRODUIT DE BEAUTE,2,"miv, var",
MIVAROTRA PPN AO AMIN NY MAGASIN,2,"miv, var",
MPANAMPY ANTRAGNO,2,mpan,
CHEF DE SECURITE,2,,chef
MANAO CROCHER,2,man,
CHAUFFEURE BAJAJ,2,,chauffeur
MAMBOLY VARY MANGAHAZO VOANJOBORY,2,"mam, man, var, vary, mboly",
MAMBOLY VARY MANGAHAZO TSARAMASO,2,"mam, man, var, vary, mboly",
MIVAROTRA HENA NY POULET DE CHAIR,2,"miv, var",
PITONDRA POSSY,2,,
MANAMPY MIVAROTRA CHARBON,2,"man, miv, var",
MPAMPIANATRA AMINY EPP,2,"mpi, mpam",
CHAUFFEUR MPITATITRA ENTANA,2,"mpi, entana",chauffeur
MIVAROTRA CACHE BOUCHE,2,"miv, var",
MPIVAROTRA VOAMAINA SY VOATABIA,2,"mpi, var",
MIASA AMIN'NY MACHINE FANOTOAMBNARY,2,,
MANOFY MAHABIBO AMIN'NY MACHINE,2,man,
MIKARAKARA FAMBOLENA LA VANILLE,2,famb,
MPIVAROTRA ENTA MADINIKA ANTSINJRANY,2,"mpi, var",
MIVAROTRA KAPA VAOVAO ENY ANTSENA,2,"miv, var",
MANAMPY MIASA TANY,2,"man, tany",
MAMBOLY VETIVERA,2,"mam, mboly",
EPICERIE PPN,2,,
MPIASA MITAIZA MPIANATRA,2,mpi,
DIRECTEUR D'ECOLE,2,,directeur
MPAMBOLY TSARMASO,2,"mboly, mpam",
"NAMBOLY VARY,OVY,TSARAMASO,SAONJO,MANGAHAZO",2,"man, var, vary, mboly",
DOKERA AO AM MAGASIN MASSA,2,,
FEMME  DE MENAGE,2,,
COACH SPORTIF,2,,
RESPONSABLE FINANCIER,2,,responsable
MPANATITRA MPIANATRA,2,"mpi, mpan",
COLLABORATEUR,2,,
MPANDRAFITRA FANAKA AMIN OLONA,2,mpan,
MANAMPY MAMBOLY TONGOLO SY VARY,2,"mam, man, var, vary, mboly",
MANAMPY MAMBOLY VOATABIA,2,"mam, man, mboly",
MPAMPIANATRA EPP( SUBVENTIONNE),2,"mpi, mpam",
MAMBOLY VARY KATSAKA SNS,2,"mam, var, vary, katsaka, mboly",
MPAMBOLY MANIOC,2,"man, mboly, mpam",
BOUCHERIE,2,,
MPIANTOKA VARY AKOTRY AMIDY,2,"mpi, var, vary",
MPIVAROTRA SAKAFO NA MANTA NA MASAKA,2,"mpi, man, var",
MIVAROTRA CAFE SY THE,2,"miv, var",
POLICIER,2,,
COLLECTEUR DE RIZ,2,,
MIVAROTRA CAFE SY DITE ARY MOFOGASY,2,"miv, var, mofo",
MPIVAROTRA FOZA ORANA,2,"mpi, var",
MPIKARAMA MANAMBOATRA FANAKA,2,"mpi, man, karama",
MPANJAITRA ZONE,2,mpan,
MITRANGA VOLAMENA,2,,
GARDE LIGNE MADA RAIL,2,,
MIAVAROTRA PIECE MOTO,2,var,
MPIVAROTRA MADELEINE,2,"mpi, var",
MPIVAROTRA SIRAMAMY,2,"mpi, mam, var",
MANAO RAHARAHA AO ANTRANO,2,"man, trano, rano",
MANIVANA SY MIVAROTRA VOLAMENA,2,"man, miv, var",
"MAMBOLY VARY,SOJA,KATSAKA",2,"mam, var, vary, katsaka, mboly",
"NAMBOLY VARY,SOJA ,KATSAKA",2,"var, vary, katsaka, mboly",
KIBAROA MIBATA SIRA,2,,
MPIASA ANTRANO FIXE AMIN NY TOKANTRANO IRAY,2,"mpi, trano, rano",
MPIASAN NY CYBER,2,mpi,
MANDRARY TSIHY SY PANIER,2,man,
MAMBOLY CAROTTE SY ANANA,2,"mam, mboly",
MPANAO HAZO,2,mpan,
MPAMPIANATRA AMIN'I EPP AMBONIALA,2,"mpi, mpam",
MAKA KITAY,2,,
MIVAROTRA RAVINA RAKETA,2,"miv, var",
MIVAROTRA SAKAFO MASAKA:GARGOTTE,2,"miv, var",
TRAITUER,2,,
DIRECTEUR ADMINISTRATIF GENERALE DE LA REGION,2,,directeur
THECNICIENNE,2,,
CONTROLE QUALITE,2,,
CONTROLEUR DES IMPOTS,2,,
VAKITANY/ VARY ANTANETY,2,"var, tany, vary",
NIKAPA VARY,2,"var, vary",
MIVAROTRA ARINA,2,"miv, var",
MIVAROTRA LILA,2,"miv, var",
DOCKER AO @TRANOMBAROTRA,2,"trano, rano",
MITARIKA KALESA,2,,
MIVAROTRA CAKE MANDENDEHA,2,"man, miv, var",
MIVAROTRA COMPOSE SY LASOPY ENY AMORON-DALANA,2,"miv, var",
MIVAROTRA LAMBA FRIPERIE ENY AN-TSENA,2,"miv, var, lamba",
TRANSPORTEUR CYCLOPOUSSE,2,,
VERIFICATEUR ETIQUETE COMMUN,2,,
"MAMBOLY VARY,TSARAMASO,VOMANGA,MANGAHAZO",2,"mam, man, var, vary, mboly",
"MAMBOLY VARY,TSARAMASO,MANGAHAZO,VOMANGA",2,"mam, man, var, vary, mboly",
MIKARAKARA SAKAFON'OMBIN'OLONA (RAVIN-DRAKETA,2,,
"NAMBOLY VARY,TSARAMASO,OVY,SAONJO,MANGAHAZO",2,"man, var, vary, mboly",
PAMILY,2,,
MPITARY POUSSY,2,mpi,
MANAMPY AMIN'NY FITRANDRAHANA VOLAMENA,2,man,
MIKARAKA VOLY VARY SY KATSAKA,2,"var, vary, katsaka, voly",
MANAO SY MIVAROTRA VARY MASAKA,2,"man, miv, var, vary",
MPAMBOLY KATSAKA SY MPIOMPY AKOHO,2,"mpi, akoho, katsaka, mboly, mpam",
MANAMPY RAFOZANA MANAO GARGOTE,2,man,
RESPONSABLE ATELIER PARAKY ANJARASOA,2,,responsable
"NAMBOLY VARY,KATSAKA,TSARAMASO",2,"var, vary, katsaka, mboly",
COLLECTEUR TRONDRO,2,,
MIVAROTRA TSAKY,2,"miv, var",
MIKARAMA MIVAROTRA FRIPERIE,2,"miv, var, karama",
MIVAROTRA KIDA MANDENDE,2,"man, miv, var",
MANAMPY MIVAROTRA KIDA,2,"man, miv, var",
EXPLOITANT MINE,2,,
REALISATEUR VIDEO,2,,
MPAMBOLY VARY/KATSAKA,2,"var, vary, katsaka, mboly, mpam",
SERVEUSE AM HOTELY,2,,
MIVAROTRA VARY FOTSY SY LEGUME,2,"miv, var, vary",
MPANDIDY HAZO,2,mpan,
MITAZONA MULTISERVICE,2,,
MAMBOLY VONINKAZO,2,"mam, mboly",
MPANAO PEINTURE MAISON,2,mpan,
MANDAFO LA SOUPE,2,man,
MIVAROTRA LEGUMES MIPETRAKA,2,"miv, var",
MANAO TRIAGE LA VANILLE,2,man,
MOTONDRA BAJAJ,2,,
MIVAROTRA FRUITS,2,"miv, var",
MPANAO BRIKY,2,mpan,
DOKOTERA GENERALISTE,2,,
MPAMPIANATRA CEG MAHASOA VOLAMENA,2,"mpi, mpam",
MPANAMBOATRA FIARA,2,mpan,
MANENONA HARONA,2,man,
MANDOKO,2,man,
MONITEUR AUTO ECOLE,2,,
"CREATION SITE WEB,WEB DESIGNER INFORMATIQUE",2,,
DOKOTERA GENERALISTE HUMAIN,2,,
MPIVAROTRA VANILLE ET GIROFLE,2,"mpi, var",
FAMBOLENA JIROFO,2,famb,
AGENT DE STATION EAU,2,,agent
RESPONSABLE SERVICE TECHNIQUE QMM,2,,responsable
PROVISEUR LYCEE TECHNIQUE,2,,
MITAONA ENTAN'OLONA,2,,
MPANJAITRA ENY ANTSENA,2,mpan,
MANAMBOATRA MONTRE SIMBA,2,man,
CRANE OPERATEUR,2,,
COMPTEBILITE,2,,
S.G. BRIGADE,2,,
MAMPIANATRA PRIVE,2,"mpi, mam",
GARDIEN ORINASA,2,,
MIKARAKARA ANKIZY,2,,
MPAMPIANATRA EPP AMBOHIMANDAMINA,2,"mpi, man, mpam",
MPAMATSY MATERIAUX DE CONSTRUCTION EN BATIMENT,2,mpam,
GARDIEN BUREAU ONG EDEN,2,,
MIANTOKA POULET DE CHAIR,2,,
MAMBOLY SY MIVAROTRA ANGIVY SY ANANA,2,"mam, miv, var, mboly",
MANAO TAXI MOTO,2,man,
MAMBOLY MANGAHAZO SY KATSAKA,2,"mam, man, katsaka, mboly",
MITRANDRAKA SY MIVAROTRA,2,"miv, var",
MPIVAROTRA KAFE MANDEHA,2,"mpi, man, var",
MPIVAROTRA ACCESSOIRE,2,"mpi, var",
ASSISTANTS MEDICAUX,2,,assistant
MPAMPIANATRA AMN EPP,2,"mpi, mpam",
MIVAROTRA RANOMANITRA,2,"man, miv, var, rano",
MPIVAROTRA LAMBA FRIP AMORON-DALANA,2,"mpi, var, lamba",
MPANDRAFITRA TAMBOHO,2,mpan,
MIANTOKA CAKE EFA VITA MANDEHANDEHA,2,man,
MAMBOLY VARY;MANGAHAZO;VOATABIA,2,"mam, man, var, vary, mboly",
MPITSABO NENTIM-PAHARAZANA,2,mpi,
MANAO SARAK`ANTSAHA,2,man,
MIVAROTRA MOFO ENDASINA SY MANGAHAZO MASAKA,2,"man, miv, var, mofo",
STANDARDISTE,2,,
AGENT CHARGE D'ETUDE ET CONTROLE EN GENIE CIVIL,2,,"agent, charge"
MPAMOLY AO AMIN'NY LECOFRUIT,2,mpam,
CHEF MAGASINIER,2,,chef
MPAMPIANATRA COURS,2,"mpi, mpam",
PATISSERIE,2,,
MPIVAROTRA CITRON @ TAVOAHANGY,2,"mpi, var",
MIANTOKA VOLAMENA,2,,
TOURNEUR MACHINISTE,2,,
MPANJAITRA CONFECTION,2,mpan,
MIVAROTRA NEM SY SAMBOSA,2,"miv, var",
MIVAROTRA SAMBOSA SY NEM,2,"miv, var",
ANGENT DE STATION,2,,
LAVAGE,2,,
MANAO MVOLA,2,man,
DOMESTIQUE (,2,,
MAMBOLY HARICOT VERT SY MIASA TANY,2,"mam, tany, mboly",
CHAUFFEUR NY BAJAJA,2,,chauffeur
MPIVAROTRA EN LIGNE,2,"mpi, var",
MPANAMBOATRA SY MPIVAROTRA LASOPY,2,"mpi, var, mpan",
D0CKER,2,,
MANAO SECURITE CIVIL,2,man,
AGENT D'ACCEUIL AU CHU ANDROVA,2,,agent
TACHERON POUR LA CONSTRUCTION DU BATIMENT,2,,
MPIVAROTRA FANAFODY AMIN'NY DEPOT DE MEDICAMENT,2,"mpi, var",
MAMPANOFA POUSSE,2,"mam, mpan",
MPAMPIANATRA COLLEGE,2,"mpi, mpam",
MIASA CALL CENTER,2,,
MANAMBOATRA MOKARY,2,man,
SECRETAIRE ADMINISTRATIF MINISTERE SANTE AMPARAFAR,2,,secretaire
MPRAFITRA LAKANA,2,,
MIVAROTRA LA SOUPE SY KAFE MOFO,2,"miv, var, mofo",
FIANDRASANA ALA AROVANA,2,,
ANAMPY MIVAROTRA FOTSIMBARY,2,"miv, var",
MPANAO TRILLAGE FIBRE SISAL,2,mpan,
CHAUFFEUR EMBULANCE,2,,chauffeur
MPIVAROTRA VONIKAZO,2,"mpi, var",
CASH-POINT,2,,
MPANJAITRA TENA,2,mpan,
"MIOMPY KISOA,vorona,omby",2,omby,
MAMPIANATRA AMIN'NY PRIMAIRE,2,"mpi, mam",
MPANDRASO FIBRE LALOASY,2,mpan,
MPANDRASO FIBRE SISAL,2,mpan,
MPAMBOLY VARY SY TONGOLO,2,"var, vary, mboly, mpam",
MIVAROTRA ANANA MIPETRAKA,2,"miv, var",
FIOMPIANA POULET DE CHAIRE,2,mpi,
MIVAROTRA IMPERMIABLE SY KOJAKOJA,2,"miv, var",
MANAMBOTRA LASOPY,2,man,
MIVAROTRA MOFO HANANA,2,"miv, var, mofo",
MPAMPIANATRA AMIN'NY LYCEE ADVENTISTE,2,"mpi, mpam",
MIVAROTRA LAMBA CONFECTION SY FRIPERIE,2,"miv, var, lamba",
MAMPIANATRA AMIN'NY EPP FRAM,2,"mpi, mam",
Mamboly vary sy Mangahazo,2,"mam, man, var, vary, mboly",
MPANDRAFITRA LAKANA,2,mpan,
MANISTRA PATSA ANDRANOMASINA,2,"man, rano",
VAROTRA LETCHI,2,var,
MPANAO CASH POINT,2,mpan,
"MPAMBOLY VARY, KATSAKA",2,"var, vary, katsaka, mboly, mpam",
SARAKATSAHA µ,2,,
MPANDRAHARAHA ARA-BAROTRA,2,mpan,
"MPABOLY VARY, MANGA",2,"man, var, vary",
"MPAMBOLY MANGAHAZO, VOANJOBORY, KATSAKA",2,"man, katsaka, mboly, mpam",
PEINTRE AUTO,2,,
MPIOMPY AKOHO (MPIADY)SY KISOA,2,"mpi, akoho",
MIOPY AKOHO KISOA,2,akoho,
MIVAROTRA TAVOANGY PLASTIKA,2,"miv, var",
CHEF DE PROJET,2,,chef
MPAMBOLY COTON,2,"mboly, mpam",
MPANAO GARGOTE,2,mpan,
MANAMBOTRA SY MIVAROTRA SARIBAO,2,"man, miv, var",
MPIVAROTR LAMBA FRIPE,2,"mpi, var, lamba",
Mpitrandraka ala,2,mpi,
MPIKARAMA MIAVA MANGAHAZO,2,"mpi, man, karama",
MPAMPIANATRA ECOLE PRIMAIRE PRIVEE,2,"mpi, mpam",
MANAO COIFFURE,2,man,
GESTIONNAIRE DE COMPTE,2,,
CHEF DE TABLE,2,,chef
PROFESSEUR DE PHILO,2,,
MPAMPIANATRA AMIN'NY COLLEGE LUTHERIEN,2,"mpi, mpam",
SECRETAIRE DE LA DIRECTIOEN GENERAL DE LA SANTE PU,2,,secretaire
MAKA FEUILLE SISAL,2,,
MAMBOLY VARY SY KATSAKA ARY LEGUMES,2,"mam, var, vary, katsaka, mboly",
MAKA BOZAKA,2,,
MPIVARO-TENA (PD),2,"mpi, var",
MPAMIANATRA CEG,2,mpam,
MIVAROTRA CREVETTE,2,"miv, var",
MPIASA ANTRANO (LA BONNE),2,"mpi, trano, rano",
MANAO LAVAGE AUTO MOTO,2,man,
"MPAMBOLY VARY,KATSAKA",2,"var, vary, katsaka, mboly, mpam",
SECRETAIRE AO AMIN'NY COMMUNE,2,,secretaire
MANAMBOATRA MOFO SY CAFE ARY COMPOSE,2,"man, mofo",
MANAMBOATRA ANIMASAKA,2,man,
MPAMPIANATRA MATHEMATIQUES SECONDAIRE PRIVEE,2,"mpi, mpam",
NIKARAKARA VOLY JIROFO,2,voly,
MAMAKY KAIASY,2,mam,
PAIKY KAIASY,2,,
AIDE CHAUFFEURE TAXI BE,2,,chauffeur
MIVAROTRA VOANJOBORY,2,"miv, var",
MANAMPY MANJAITRA CONFECTION,2,man,
RESPONSABLE COMMUNICATION AO @ MINISTERE JEUNESSE,2,,responsable
MANAMBOATRA SY MIVAROTRA MOFO MENAKELY,2,"man, miv, var, mofo",
MPANAMPY FIANAKAVIANA MANAMBOATRA MOFO MENAKELY,2,"man, mofo, mpan",
POLISIMPIRENENA,2,mpi,
MEDECIN LIBRE,2,,
MIKARAMANA MANJONO TRONDRO @ OLONA,2,"man, karama",
MIVAROTRA MOFO/ JUS NATUREL,2,"miv, var, mofo",
MPIVAROTRA TRONDRO DRANOMASINA,2,"mpi, var, rano",
MANAPY MIVAROTRA,2,"man, miv, var",
MIVAROTRA LASARY CITRON AMIN'NY TAVOAHANGY,2,"miv, var",
SECURITE MIARO VOLA ENTINA @ FOURGON (BRINKS),2,,
MIVAROTRA VONIO,2,"miv, var",
MIVAROTRA TAVOHANGY PLASTIQUE,2,"miv, var",
MIVAROTRA KILAOTY KELY ANKIZY ANKANJO KOJAKOJA MAD,2,"miv, var",
MAMBOLY VARY;MANGAHAZO,2,"mam, man, var, vary, mboly",
MPANAO SY MPIVAROTRA CAFE SY MOFO GASY,2,"mpi, var, mofo, mpan",
MIVAROTRA VOAMAINA ANTSINJARANY AMBONY LATABATRA,2,"miv, var",
MIVAROTRA VOAMAINA ANTSINJARANY,2,"miv, var",
MIVAROTRA VOA MAINA ANTSINJARANY,2,"miv, var",
MPANAO SY MPIVAROTRA JUS NATUREL AO AN-TRANONY,2,"mpi, var, trano, rano, mpan",
MIVAROTRA GATEAU MANDEHANDEHA,2,"man, miv, var",
MPAMPIANATRA AMIN'NY UNIVERSITE,2,"mpi, mpam",
MPANAMBOATRA MOFO PATISSERIE,2,"mofo, mpan",
MIKIRAKIRA LA VANILLE,2,,
MAMBOLY VARY SY PARAKY,2,"mam, var, vary, mboly",
DESSOUCHAGE,2,,
MANONDRAKA PARAKY,2,man,
MINDRY ONDRY,2,,
MANERA CAMION,2,man,
MPIANDRY WC PUBLICS,2,mpi,
MPAMPIANATRA FORMATEUR AMN PRIMAIRE,2,"mpi, mpam",
MIVAROTRA BOMBON SY GARBATIE,2,"miv, var",
MIVAROTRA LASARY,2,"miv, var",
RECEVEUR TAKXI BROUSSE,2,,
MPIASATRANO,2,"mpi, trano, rano",
MAMBOLY VARY MANGAHAZO SY KABARO,2,"mam, man, var, vary, mboly",
MAMBOLY VARY MANGAHAZO KABARO,2,"mam, man, var, vary, mboly",
MIVAROTRA TSAKO,2,"miv, var",
KIBAROA FAMBOLENA,2,famb,
MIASA MANONDRAKA ZANAKAZO AO SOCTAM,2,man,
MPIVAROTRA PATE,2,"mpi, var",
MIVAROTRA SAKAFO AZO AVY AMINY FAMBOLENA,2,"miv, var, famb",
"MAMBOLY LAVANILA,JIROFO,COLA",2,"mam, mboly",
"MAMBOLY LAVANILA,JIROFO",2,"mam, mboly",
"MAMBOLY vary,MANGAHAZO",2,"mam, man, var, vary, mboly",
MPIVAROTRA ANANA ISANKARAZANY,2,"mpi, var",
MPANAMPY @ FIOMPIANA OMBY,2,"mpi, omby, mpan",
MPIAMBINA HOPITAL-MPANJAKANA,2,"mpi, mpan",
MANAMBOATRA CACAPIGEON,2,man,
MPAMINTAGNA LOKO,2,mpam,
MPANAO GRAVION,2,mpan,
OUVRIER DE LA MACON,2,,ouvrier
INFIRMIERE RETRAITER,2,,
SAGE FEMME RETRAITER,2,,
MANAMPY AMIN NY FAMBOLENA VARY SY KATSAKA,2,"man, var, famb, vary, katsaka",
MANAMPY @ FAMBOLENA VARY,2,"man, var, famb, vary",
MAMATSIKA BOIS ROND,2,mam,
"MPAMBOLY VARY,KATSAKA, MANGAHAZO",2,"man, var, vary, katsaka, mboly, mpam",
MIKARAKARA ZANATSOAVALY,2,,
MPAMPIDINA SY MPAMPAKATRA BIRIKY AMIN'NY CAMION,2,"mpi, mpam",
MANAO HAZO,2,man,
ENTRENEUR MACHINE,2,,
MPIAVA TANY FAMBOLENA,2,"mpi, famb, tany",
MPIKARMA MIAVA,2,mpi,
COLLECTEUR DES EPICES,2,,
MAMBOLY VARY SY TONGOLO,2,"mam, var, vary, mboly",
"MIKARAKARA TRONDRO, mapiditra agnaty sachet",2,,
MIVAROTRA VILIA-KOVETA,2,"miv, var",
MPANERA @ COPERATIVA,2,mpan,
VENDEURNA SINOA,2,,vendeur
MAINOEUVRE,2,,
MPANAMBOATRA MOTO SY AUTOMOBILE,2,mpan,
MIVAROTRA ACCESSOIRE NA TELEPHONE,2,"miv, var",
COMPTABLE AMIN'NY TRAVEAU PUBLIQUE,2,,comptable
MIKARAKARA VOKATRA FAMBOLENA,2,famb,
MIOMPY OMBY SY AKOHO,2,"omby, akoho",
MITONDRA CYCLO-POUSSE,2,,
DOKERA MPITATITRA ENTANA MAMONJY TSENA,2,"mpi, mam, entana",
MIVAROTRA TELEFONA,2,"miv, var",
COATCH AO MINISTERE EDUCATION,2,,
TRANSITAIRE AO AM ENTREPRISE DHLµ,2,,
MITAZONA KIOSK,2,,
MIVAROTRA AMINA BOUTIQUE FRIPERIE,2,"miv, var",
MAMBOTRA BOATY NDRAKITRA VITA AMINY TANIDITRA,2,mam,
MIASA AN-tranon'olona,2,"trano, rano",
MPAJONO TRONDRO ANDRANOMASINA,2,rano,
VAKY TANY MIKARAMA ISAN'andro,2,"tany, karama",
SARAKATSAHA VARY,2,"var, vary",
MAPINATRA AMINY ECOLE PRIMAIRE,2,,
PANERA @ TAXI BROUSSE,2,,
DIRECTEUR ADJOINT TECHNIQUE,2,,directeur
MPANAMBOATRA TRANO HAZO,2,"trano, rano, mpan",
FIKARAKARANA TRANON OLONA,2,"trano, rano",
MIKARAMA MAMONO KISOA,2,"mam, karama",
AGENT LOGISTIQUE,2,,agent
FITANTERANA @ BAJAJ,2,,
MANPIANATRA @ EPP,2,man,
MPIVAR0TRA 0MBY,2,"mpi, var",
MAMVBOLY VOANJO,2,mam,
MIVAROTRA LEGUME AMORONDALANA,2,"miv, var",
MIKARAMA MANAO VILANY,2,"man, karama",
MANAO PETAKOFEHY,2,man,
MITAOANA FASIKA(aide chauffeur),2,,chauffeur
ESTHETICIENNE,2,,
TECHNICIEN VOITURE,2,,technicien
MAMBOLY VARY/KATSAKA/TSARAMASO/VOANJO,2,"mam, var, vary, katsaka, mboly",
MIVAROTRA KATSAKA MASAKA,2,"miv, var, katsaka",
FEMMES DE MENAGE,2,,
MANAPAKA VILONA,2,man,
"MAMBOLY VOANJO,VARY",2,"mam, var, vary, mboly",
TACHERON POUR LA CONSTRUCTION DU BATEMENT,2,,
MPITRNDRAKA VOLAMENA,2,mpi,
MIVAROTRA TRONDRO MILIVRE AMINY CLIENT,2,"miv, var",
MIVAROTRA CHARBON GONY,2,"miv, var",
AGENT DE POLICE NATIONALE,2,,agent
INFIRMER  DANS LE PROJET MEDECIN SANS FRANTIERE,2,,
MPIVAROTRA ENTA MADINIKA AMIN'NY EPICERIE,2,"mpi, var",
KARAMAINA MANAPAKA HAZO,2,"man, karama",
MANAO REPARATION ELECTRONIQUE,2,man,
MPIVAROTRA MANDEHADEHA AKANJO,2,"mpi, man, var",
MPAMPIANATRA ANGLAIS,2,"mpi, mpam",
SUPPLEANT MPAMPIANATRA SVT,2,"mpi, mpam",
MANAO COMMISION,2,man,
MAMBOLY KATSAKA SY VARY ARY OVY,2,"mam, var, vary, katsaka, mboly",
AIDE INFIRMIERE,2,,
CONSEILLE CLIENT,2,,
MITONDRA TAXI BICYCLETTE,2,,
CHAUFFEUR TAXI BROUSSE NATIONALE,2,,chauffeur
DOCKER MPITOTO VARY,2,"mpi, var, vary",
GERANT FITOTOAM-BARY,2,,
SECURITE JIRAMA,2,,
MPIVAROTRA ENTA MADINIKA EN DETAIL AMIN'NY EPICERI,2,"mpi, var",
KARAMAINA MANAMBOATRA BICYCLETTE,2,"man, karama",
MIVAROTRA KAPOAKA,2,"miv, var",
MAMBOLO TONGOLO,2,mam,
CHAUFFEUR MITATITRA ENTANA,2,entana,chauffeur
MANERA FIATAOVANA AO ANTOKATRANO,2,"man, trano, rano",
MAMPIANATRA AMBARATONGA FAHA II,2,"mpi, mam",
PANAO PHOTOPIE,2,,
MPIVAROTRA HANIMASAKA AMORONDALANA,2,"mpi, var",
MAMPIANATRA COLEGE,2,"mpi, mam",
DEMARECHEUR,2,,
"MPAMBOLY VARY, CONCOMBRE, VOATAVO",2,"var, vary, mboly, mpam",
"MIVAROTRA ANANA,VOATABIA,TONGOLO",2,"miv, var",
MPIASA VOLAMENA,2,mpi,
MANçON,2,man,
MIVAROTRA ESSENCE,2,"miv, var",
TECHNICIEN AGRONOME,2,,technicien
CHEF DE DEPOT TRACTION,2,,chef
TOPOGRAPHE,2,,
MPANAMBOATSY FATAPERA,2,mpan,
MANASA LAMBA AMINA TOKANTRANO MARO,2,"man, lamba, trano, rano",
MANAO SAKAFO MASAKA,2,man,
MANAMPY MIVAROTRA HANIMASAKA,2,"man, miv, var",
MPANDIDY SY MPANAPAKA LAMBA,2,"lamba, mpan",
MIVIDY VARY AKOTRY DIA AMIDY FOTSIMBARY,2,"miv, var, vary",
FIVAROTAMBARY,2,var,
MAKA FOZAORANA,2,,
REPARATION BICYCLETTE,2,,
MIVAROTRAPRODUIT VOLO,2,"miv, var",
MIVAROTRA AMIN NY EPICERE,2,"miv, var",
BAGAGISTE,2,,
MPIVAROTRA TAOKA GASY,2,"mpi, var",
MPITAONA BIRIKY SY RANOM-POTAKA,2,"mpi, rano",
MPANERA TANY,2,"tany, mpan",
OMBIASY,2,,
SERVEUR AM HOTELY,1,,
ENSEIGNANT ECOLE SECONDAIRE,1,,
agent d execution,1,,agent
MPITETY MOFO,1,"mpi, mofo",
MPANAMPY NY MAMANY,1,"mam, man, mpan",
MANAMPY MIVROTRA PPN,1,"man, miv",
PRODUCTEUR EN ASSURANCE,1,,
INSPECTEUR DE TRESOR,1,,
POISSONNERIE,1,,
PERSONNEL DOMESTIQUE,1,,
NAMAFY ANANA,1,,
AGENT D'ACCUEIL,1,,agent
TSARAKATRAHA,1,,
MIOMPY AKOHO SY DOKITRA,1,akoho,
MANENONA LAMBA MENA,1,"man, lamba",
MANAO LAMAKA SY PANIE BE,1,man,
"MAMBOLY VARY,TSAKO,FELIBATATA",1,"mam, var, vary, mboly",
MPANDRAY OLONA AO @MPIVAROTRA TELEPHONE,1,"mpi, var, mpan",
GEREANT D'HOTEL,1,,
MIVAROTRA PATE MASAKA,1,"miv, var",
FIAMBESANA OMBY,1,omby,
MANJONO SY MIVAROTRA TRONDRO,1,"man, miv, var",
MIASA AMINY VULCA,1,,
FANAOVANA SY FIVAROTANA TSAKITSAKY,1,var,
SERGEANT,1,,
MIANTOKA MOFO DIPAINA(MIVAROTRA)MANANA TOERANA FIX,1,"man, miv, var, mofo",
MPIVAROTRA PUCE SY TELEPHONE,1,"mpi, var",
MANAMPY MIVAROTRA LAMBA,1,"man, miv, var, lamba",
DECORATEUR DU BATIMENT,1,,
VAROTRA CAFE,1,var,
FAMBOLENA BALAHAZO SY TSAKO,1,famb,
MANARATO AN DRANOMASINA,1,"man, rano",
MANAMBOATRA SAHAFA,1,man,
MIVAROTRA SARBO,1,"miv, var",
MPAMPIANANTRA AMIN'NY LYCEE,1,"mpi, mpam",
CHEF DE PROJET SIF MOROMBE,1,,chef
MAKA HORITA,1,,
MPANAO ASA AN-TSELIKA,1,mpan,
MPANDRAITRA KIRARO,1,mpan,
LABORANTIN,1,,
MPISA AMINY ZONE,1,mpi,
MPIVAROTRA AMIN.NY SINOA,1,"mpi, var",
MPANDEFA ENTANA ANY AM FARITRA,1,"entana, mpan",
MPIOMPY AKOHO MPANATODY LAVA,1,"mpi, akoho, mpan",
MAMBOATRA MOFO GASY,1,"mam, mofo",
PRESIDENT SECCAM CAISSE 706 SOAVINANDRIANA,1,,
"MIOPY AKOHO,VORONA",1,akoho,
"MIOMPY AKOHO,VORONA",1,akoho,
PATTISSIERRE,1,,
MPANERA AKOHO,1,"akoho, mpan",
MAMABOLY VARY,1,"mam, var, vary",
MPANAMBOATRA TRANO (MAçON),1,"trano, rano, mpan",maçon
MPANAO TSARAK'ANTSAHA,1,mpan,
MIKARAMA MANANGONA VOKATRA,1,"man, karama",
MIVAROTRA ANAMADINIKA,1,"miv, var",
FEMME DE MENAGE AO AMIN'NY HOPITALIN'NY JIRAMA,1,,
MPIVAROTRA PRODUITS COSMETIQUES AMORON-DALANA,1,"mpi, var",
MPANASA LAMBA AMIN'NY TOKANTRANO MARO,1,"lamba, trano, rano, mpan",
MPANASA LAMBA AMIN'NY TOKANTRANO MAROMARO,1,"lamba, trano, rano, mpan",
MPIVAROTRA AO AMIN'NY QUINCAILLERIE,1,"mpi, var",
MPANERA FANANGONAMBARY,1,mpan,
MIVAROTRA MANAO GARGOTTE,1,"man, miv, var",
MIVAROTRA BOMBON COCO,1,"miv, var",
MIVAROTRA KAKAZO,1,"miv, var",
MITSONGO VARY,1,"var, vary",
MANAMBOATRA PARPAING,1,man,
MPITANTANA TOERAPILALAOVANA LOTO,1,mpi,
MANANAO TIRAGE LA VANILLE,1,man,
MPAMPIANATRA T1,1,"mpi, mpam",
REPARATEUR BICYCLETTE,1,,
AFERA NA VATO,1,,
MAMPAIANTRA AMIN'NY EPP,1,mam,
GARDIEN TRANONOLONA,1,"trano, rano",
MIVAROTRA FIPE,1,"miv, var",
MPANDIO SY PAMAFA BAZAR,1,mpan,
MAMBOLY TSARAMASO KATSAKA VOANJOBORY,1,"mam, katsaka, mboly",
MANAO AIDE CHAUFFEUR,1,man,chauffeur
MPANDISA VARY AM MACHINE,1,"var, vary, mpan",
MPAMPIANATRA AMIN'NY PRESCOLAIRE,1,"mpi, mpam",
Mpandrandrana volo,1,mpan,
MPIVAROTRA AKOHO MENDY,1,"mpi, var, akoho",
FAMBOARANA  FIARA,1,famb,
MPIVAROTRA PASTHEQUE,1,"mpi, var",
MPANJAITRA MOUSTIQUAIRE,1,mpan,
SAGE FEMME BENEVOLAT,1,,
MANASA LAMBA TOKATRANO IRAY,1,"man, lamba, trano, rano",
ASSISTANT MANAGER,1,man,assistant
MIVAROTRA SY MANAMBOATRA TELEPHONE SIMBA,1,"man, miv, var",
MIASA @PROJET,1,,
GERANT HOTEL,1,,
MIVAROYTRA AKONDRO MANDENDEHA,1,"man, miv, var",
MIVAROTRA CLARINETTE,1,"miv, var",
MPAMPIANATRA AMIN 'NY LYCEE,1,"mpi, mpam",
MAMBOLY VOTABIA,1,"mam, mboly",
TAXIBE,1,,
MIOMPY DOKOTRA SY AKOHO,1,akoho,
CUISINIERE @RESTAURANT,1,,
MIVAROTRA COCOMBRE,1,"miv, var",
MIVAROTRA FRUIT ET LEGUME,1,"miv, var",
MPANAO SARAKA ATNSAHA,1,mpan,
MPIVAROTRA VARY EN GROS,1,"mpi, var, vary",
MOBILE MONEY,1,,
MIVAROTRA VOMAINA,1,"miv, var",
SARAKANTSAHA (MAGNETSA),1,,
SARAKANTSAHA (MANALA BORDAGE),1,man,
MANAMBOATRA RADIO,1,man,
CHAUFFEUR DE LA STAR,1,,chauffeur
"MANAMPY MAMBOLY VARY,TONGOLO,TSARAMASO",1,"mam, man, var, vary, mboly",
"MPAMBOLY VARY, TONGOLO, TSARAMASO",1,"var, vary, mboly, mpam",
CAPITONEUR VOITURE,1,,
MANAO SACHET,1,man,
MPIVAROTRA BISCUIT,1,"mpi, var",
MANAMBOATRA FATAPERA SY KARAKARA SNS,1,man,
MAMPIANATRA AMIN'NY PRESCOLAIRE,1,"mpi, mam",
ELEVAGE PORCIN,1,,
SECURITY,1,,
MANAMPY MIVAROTRA APPAREIL @ TSY LANY LAMAODY,1,"man, miv, var",
SURVEILLANT GENENRAL,1,,
MPAMPIANATRA NIV 1,1,"mpi, mpam",
DEMARCHEUR PRODUIT LOCAUX LA VANILE,1,,
MAMPIANATRA HISTO-GEO,1,"mpi, mam",
MESUREUR LA VANILE,1,,
MIVAROTRY AKOHO,1,"miv, var, akoho",
MANDRARY TANDROHO NA FANIHIFANA TRONDRO,1,man,
MPITETIKA FARY,1,mpi,
MPIVAROTRA EPICERIE AMORONDALANA,1,"mpi, var",
PENITENCIAIRE,1,,
MPABOLY VARY MADINIKA,1,"var, vary",
MANAMPY MIVAROTRA KAPA,1,"man, miv, var",
AIDE MANOEUVRE,1,man,
MIVAROTRA FANAFODY MANDEHA,1,"man, miv, var",
MANAO TRIAGE LOJY,1,man,
MIKARAMA MANJONO TRONDRO,1,"man, karama",
MPANDARFITRA TRANO,1,"trano, rano, mpan",
MPAMPIANATRA AMBARATONGA VOALOHANY @ PRIVEE,1,"mpi, mpam",
MANAO DOCKERA,1,man,
GARDIEN CACAO,1,,
FEMME DE MENAGE D'UNE AUTRE MENAGE,1,,
MPAMBOLY MADINIKA MANAMPY ANY VADINY,1,"man, mboly, mpam",
MPAMBOLY MADINIKA IZY (OVY),1,"mboly, mpam",
MPANAMBOATRA VILANY,1,mpan,
MANAO CALL CENTER,1,man,
MPANDRAY TARATASY AO COMMUNE,1,mpan,
MESURAGE LA VANILLE,1,,
COMMISSIONNAIRE VANILLE,1,,
MPANAO HOSODOKO,1,mpan,
CHAUFFEUER CAMION,1,,
MANDRARY VITA AMIN'NY HAZONDRANO,1,"man, rano",
MPAMBOLY PAOMA,1,"mboly, mpam",
MIVAROTRA BAFFLE SY RADIO,1,"miv, var",
MANAO OPERATEUR DE SAISIE,1,man,
MANAO SAKAFO(RESTAURANT),1,man,
MPMBOLY VARY,1,"var, vary, mboly",
MANAO SY MIVAROTRA JUS,1,"man, miv, var",
SUPERVISEUR POINT D'APPRO,1,,
MANAO SY MIVAROTRA CAFE,1,"man, miv, var",
CONTROLEUR DE QUALITE DES PRODUIT ARISANAUX,1,,
ASSISTANTTECHNIQUE,1,,assistant
"MPANAMBOTRA RADIO,JIRO,TELEVISION",1,mpan,
MPANDRAFITRA FANAKA VITA @HAZO,1,mpan,
CUISINIER DANS LA SOCIETE AQUALMA BESALAMPY,1,,
MPANARATO PATSA AN-DRANOMASINA,1,"rano, mpan",
MIAMBINA TANINOLONA,1,,
MIKARAMA MITAONA VATO,1,karama,
MPIOMPY,1,mpi,
TECHNICIEN COMMUNICATION AO @ CANAL PLUS,1,,technicien
CONTROLEUR,1,,
MITAZONA CYBER,1,,
MAMPIANATRA ANGLAIS (3eme),1,"mpi, mam",
MPIVAROTANA HANI-MASAKA,1,"mpi, var",
MIHAZA LAOKA,1,,
MIHAZA LAOKA ANDRANOMAMY,1,"mam, rano",
MAcon,1,,
MPAIANATRA AMBARATONGA VOALOHANY AMIN'NY MASERA,1,,
COMPTABLE MIKERAKERA NY RESA-BOLA AO AMIN'NY DREDD,1,,comptable
MACHINISTE MPANAMBATRA AKANJO @ZONE FRANCHE MPANAO,1,mpan,
MIASA TRANON OLONA,1,"trano, rano",
CHEF D'ENTENNE REGIONALE AIRTEL,1,,chef
MIANDRY OMBY AO AMINY DADANAIVONY,1,omby,
MACHINISTE MPANJAITRA AKANO THEESHERT,1,mpan,
MACHINISTE MPANJAITRA THEESHERT,1,mpan,
MIVAROTRA HENAN'AKOHO,1,"miv, var, akoho",
MANAO VARAVARNKELY SY VARAVARANA ALLUMINIUM,1,"man, var",
MPANAO DOKERA,1,mpan,
MIVAROTRA COMPOSE SY VARY,1,"miv, var, vary",
MAçON MANAMBOATRA TRANO,1,"man, trano, rano",maçon
MAMBOLY CACAO CAFE,1,"mam, mboly",
COLLECTEUR SAPHIR,1,,
CHAUFFEUR AMBULANCE,1,,chauffeur
MIVAROTRA PPN ANATY TRANO(EPICERIE),1,"miv, var, trano, rano",
PANAO VILANY,1,,
CHAUFEUR BUS,1,,
MPANAO PARAKY AMIN.NY ORINASA TSARASAOTRA,1,mpan,
FORMATEUR MINISTERA FAHASALAMANA,1,man,
OPERATRICE DE SAISE,1,,
MPIVAROTRA SY MPANAO MOFO,1,"mpi, var, mofo, mpan",
OPERATEUR DANS LABORATOIRE,1,,
MANAMBOATRA TRANO HAZO,1,"man, trano, rano",
ENCADREUR D'ENFANT,1,,cadre
MANAO CHAUFERA CAMION,1,man,
MIVAROTRA PARAKY MITETY TRANO,1,"miv, var, trano, rano",
MITRNDRAKA VOLAMENA,1,,
SECRETAIRE CEG HAUTE VILLE,1,,secretaire
INSTITUTRICE MARGUERITE LE COMPTE,1,,
MANDEFA SARY MIHETSIKA,1,man,
MAMBOLY BARANJELY SY COCOMBRE,1,"mam, mboly",
MAMBOLY BARANJELY COCOMBRE,1,"mam, mboly",
MIVAROTRA KAPA SY POKETRA,1,"miv, var",
MIVAROTRA EPICERI,1,"miv, var",
MPAMBOLY FA MANANMPY NY VADINY,1,"man, mboly, mpam",
MANAO KIBAROA MIBATA ENTANA,1,"man, entana",
MPIVAROTRA ANANA SY LEGIOMA,1,"mpi, var",
MPIVAROTRA LAMBA MANDE2,1,"mpi, man, var, lamba",
MIKARAMA MAKA RANO,1,"rano, karama",
FIVAROTANA VARY,1,"var, vary",
MPIKARAMA MANTSAKA RANO,1,"mpi, man, rano, karama",
MANAMBOATRA JUS DE FRUIT,1,man,
MIVAROTRA AMINY EPICERIE,1,"miv, var",
MIVAROTRA KILALAO MANDEHANDEHA,1,"man, miv, var",
MPANAO CROCHET VITA AMIN'NY ROFIA,1,mpan,
MPANOTRIKA AKONDRO,1,mpan,
COIFFURE ET ESTHETIQUE,1,,
MIVAROTRA MOFO MAKASAOKA SY RONONO SOJA,1,"miv, var, mofo",
MPIVAROTRA MOFO SY RONONO SOJA,1,"mpi, var, mofo",
MPIVAROTRA VARY FOTSY A L'ETALAGE,1,"mpi, var, vary",
MPIKARAKARA BIBY FIOMPY (kisoa),1,mpi,
MPANAPY MIVATOTRA,1,"miv, mpan",
MPIVAROTRA AMIN'NY MAGASIN KARANA,1,"mpi, var",
MPAMPIANATRA EDUCATION A LA VIE ET A L'AMOUR,1,"mpi, mpam",
MPIVAROTRA VOA-MAINA SY LEGUMES ANTSINJARANY,1,"mpi, var",
MIVAROTRA MASIKITA SY TONO AKOHO,1,"miv, var, akoho",
MIVAROTRA MASIKITA SY TSAKY AKOHO,1,"miv, var, akoho",
MPIVAROTRA AO AMIN'I AIGLE D'OR MAHAJANGA,1,"mpi, var",
MPIVAROTRA FILAO MANDEHANDEHA,1,"mpi, man, var",
AGENT DE CREDIT AO AM AGENCE VAHATRA,1,,agent
MPANAJAITRA AM ZONE FRANCHE,1,mpan,
MIVAROTRA PATSA MENA,1,"miv, var",
MIPASOKA LAMBA ZONE FRANCHE,1,lamba,
MIVAROTRA MANGAHAZO SY VOATSINEFY POAKATSAKA,1,"man, miv, var, katsaka",
MIVAROTRA ETANA ILAINA ANDAVANANDRO (EPECERIE),1,"miv, var",
MANASA LAMBA OLONA,1,"man, lamba",
RESPONSABLE MAGAZINIER,1,,responsable
MPAMPIANATRA AO AMINY EPP,1,"mpi, mpam",
INSPECTEUR DE POLICE JUDICIAIRE,1,,
AIDE COMMERCANTE,1,,
COMMERCANTE,1,,
GERANTE PROPRIETAIRE,1,,
MPAMPIANATRA PRIVEMPAMPIANATRA EPP,1,"mpi, mpam",
MIOPMY AKOHO,1,akoho,
MAMBOLY ALA HONKO,1,"mam, mboly",
MPAJONO AN-DRANOMASINA,1,rano,
MPIVAROTRA ANANA ANTSINJARANY,1,"mpi, var",
MPAMPBOLY VARY SY HARICOT VERT,1,"var, vary, mpam",
MAMPIANATRA CLASSE DE PRESCOLAIRE,1,"mpi, mam",
VAROTRA TRONDRO MAINA,1,var,
TALEN TSEKOLY,1,,
MIVAROTRA VOANKAZ0 SY VOMANGA,1,"man, miv, var",
MPAHANDRO SAKAFON'NY MPITRANDRAKA VOLAMENA,1,mpi,
MPANARATO AN-DRANOMASINA (MPIKARAMA),1,"mpi, rano, karama, mpan",
MANBOLY OVY SY ANANDRANO,1,"man, rano",
MITANTANA BAR,1,,
JOUNIER SARAKATSAHA,1,,
MPITRANDRAHANA VOLAMENA,1,mpi,
MPANERA @AUTOMOBILE,1,mpan,
ANIMATION COMMERCIAL,1,,
RESPONSABLE ADMINISTRATION,1,,responsable
MPANAO KIRARO,1,mpan,
MPANAO PETISY,1,mpan,
MPANAO MOKARY,1,mpan,
MPANAPAKA SY MIVAROTRA HAZO,1,"miv, var, mpan",
MPIVAROTRA ENTANA MADINIKA,1,"mpi, var, entana",
MIVAROTRA SIRAMAMY,1,"mam, miv, var",
MPAMPIANATRA FRAM EPP,1,"mpi, mpam",
LOHOLONA ARA PINOANA,1,,
MIVAROTRA FRIPERIE MITETY TRANO,1,"miv, var, trano, rano",
MIVAROTRA OR DE FRANCE,1,"miv, var",
MIVAROTRA ETAMADINIKA AMORONDALANA,1,"miv, var",
MIVAROTRA NEM SY BROCHETTE AMORONDALANA,1,"miv, var",
MIVAROTRA TORCHE PARFUM MIROIRE PEINE CADENAS SNS,1,"miv, var",
GUICHETTIER,1,,
CHAUFFEUR TAXI BROUSSE TANA FARANGANA,1,,chauffeur
MIAVA TANY MANGAHAZO,1,"man, tany",
MAMBOLY VOATABIA ANANA TONGOLO,1,"mam, mboly",
"MAMBOLY VOATABIA,TONGOLO,ANANA",1,"mam, mboly",
"MAMBOLY PETIT POIS ,TONGOLO,ANGIVY",1,"mam, mboly",
MANAMBOATRA SY MIVAROTRA PANIER EN NATE,1,"man, miv, var",
MITONDRA KALESA,1,,
MANDRARY TSIHY DIA AV EO AMIDY,1,man,
MPAMBOLENA VOANJO,1,mpam,
MIVAROTRA TONON'AKOHO,1,"miv, var, akoho",
MIADY VOLAMENA,1,,
SECRETAIRE GENERAL COMMUNE,1,,secretaire
MANAMBOATRA FIARA,1,man,
MAMOHA PAOMPY,1,mam,
RELEVEUR,1,,
MPIVAROTRA PUCE TELEPHONIQUE,1,"mpi, var",
MANOEUVRE DE BÂTIMENTS,1,man,
CHAUFEUR BADJAJ,1,,
GERANT RESTAURANT,1,,
MANAO SARAKA ANTSAHAµ,1,man,
MAKA VILONA OMBY,1,omby,
MITSOKA MOZIKA,1,,
MAMOLY VARY,1,"mam, var, vary",
PANGADY VOLAMENA,1,,
MAMPIANATRA ECOLE PRIVE,1,"mpi, mam",
"MIVAROTRA PRODUITS LOCAUX : VARY, CAFE, LEGUMES",1,"miv, var, vary",
MPAMPIANATRA AO AMIN MASERA,1,"mpi, mpam",
MIOTY SOANAMBO,1,,
MPAMPIANATRA MATHS AO AM LYCEE,1,"mpi, mpam",
MPANJARY TSIHY SY SAHAFA,1,mpan,
NIJINJA VARY HO AN'NY TOKATRANO,1,"var, vary, trano, rano",
NANETSA VARY HO AN'NY TOKATRANO,1,"var, vary, trano, rano",
MPANAO AKANJO BA,1,mpan,
mpajono,1,,
MANAO Asa fambolena vary manampy fianakaviana,1,"man, var, famb, vary",
MANADIO ILOT DE LA VIERGE,1,man,
VOATAVO,1,,
Aide chauffeur tracteur,1,,chauffeur
MIKIRAKIRA VANILLE,1,,
MANO VENTE EN LIGNE,1,man,
RESPONSABLE MAGASIN,1,,responsable
MPANAMPY @ FAMBOLENA VARY SY KATSAKA,1,"var, famb, vary, katsaka, mpan",
MPIVAROTRA BAR,1,"mpi, var",
FAMBOLENA VARY MANAMPY FIANAKAVIANA,1,"man, var, famb, vary",
MANAO SARAKATSAHA MANETSA VARY,1,"man, var, vary",
MANAMPY FIANAKAVINA,1,man,
MIVAROTRA ENTANA EN GROS ET EN DETAIL,1,"miv, var, entana",
FIKARAKARANA VOLY POIVRE VERT,1,voly,
FAMBOLENA POIVRE VERT,1,famb,
NANAMPY OLONA NY ASA TRANO IZY TAMINY 2 HERINANDRO,1,"trano, rano",
MIVAROTRA PIECE AUTO,1,"miv, var",
PARAMEDE,1,,
ADJOUINT TECHNIQUE DEA EAUX ET FORET,1,,
COMMERCE VANILLE ET GIROFLE,1,,
MIKARAMA MANASA LAMBA @ TOKATRANO IRAY,1,"man, lamba, trano, rano, karama",
MPANDRAFITRA TRANO HAZO SY TOLE,1,"trano, rano, mpan",
MIVAROTRA TONGOLO LAY SY OIGNON ARY SAKAITANY,1,"miv, var, tany",
REPARATEUR TELEPHONE SIMBA,1,,
PERSONNEL CIVIL DE LA GENDARMERIE,1,,
GARDE MANGROVE AO AMIN'NY EDEN PROJECT,1,man,
FIVAOTANANA LAMBA CONFECTION,1,lamba,
VAROTRA EPICERIE,1,var,
GARDIEN'NY SOCIETE D'IMPRIMERIE CREACOM,1,,
MANAMPY MAMANY,1,"mam, man",
"MIVAROTRA NEM,SAMBOS,CATLESS,MOFO LAISOA",1,"miv, var, mofo",
EMBALLEUR,1,,
MIKARAMA MITAIZA ZAZA,1,karama,
MIMBINA PAOMPY A JETON,1,,
MANASA LAMBAN TOKATRANO MAROMARO,1,"man, lamba, trano, rano",
PROGRAMMEUR INFORMATIQUE DES MACHINES POUR TEXTILE,1,,
MANOTOTRA SAKAMALAO,1,man,
MPAMPIANATRA ENY AMIN'NY CEG,1,"mpi, mpam",
MPIVAROTRA AO AMIN'NY GROSSISTE,1,"mpi, var",
FIVAROTANA TRONDRO,1,var,
MIVAROTRA HAZAN-DRANOMASINA MANDEHANDEAHA,1,"man, miv, var, rano",
MENUISIER DE BOIS,1,,
MPAMATOTRA DRAKAKA,1,mpam,
couturière,1,,
MPANARATO TRONDRO MAMY,1,"mam, mpan",
MPANADIO TANIMBOLY,1,"mboly, mpan",
MPANJONO PATSA MENA SY CREVETTE,1,mpan,
MPAMPIANATRA AMIN'NY PRESCOLAIRE EPP AMBILA LEMAIN,1,"mpi, mpam",
MPANJONO ANDRANOMASINA SY ANDRANOMAMY,1,"mam, rano, mpan",
MAMBOLY ALGUE,1,"mam, mboly",
DIRECTEUR EPP SANJAHANA,1,,directeur
MPIVAROTRA SAKAFO MASAKA AMORON-DALANA,1,"mpi, var",
MIVAROTRA HEN'OMBY,1,"miv, var, omby",
CAISSIERE OTIV,1,,
TALE,1,,
CHAUFEUR CAMIONEUR,1,,
DOKERA AO @ORIN'ASA,1,,
MPIKARAMA MPAMBOLY LOJY,1,"mpi, mboly, karama, mpam",
MPIVAROTRA PIECE AOTOMOBILE,1,"mpi, var",
MPIVAROTRA FITAOVAM-PIANARANA,1,"mpi, var",
MPANANDRO,1,mpan,
MIVAROTRA SY MAMBOATRA BALAMBOAY,1,"mam, miv, var",
RESPONSABLE SILC,1,,responsable
MPIVAROTRA MASOMBOLY,1,"mpi, var, mboly",
CHEF FOKONTANY,1,tany,chef
MPAMBOLY TONGOLO,1,"mboly, mpam",
MPANAMBOATRA SY MPIVAROTRA DITE COLA,1,"mpi, var, mpan",
NIVAROTENA,1,var,
MIVAROTRA GODROGODRO SY BAJIA,1,"miv, var",
MPIVAROTRA SIRA VAINGANY,1,"mpi, var",
MANAO SY MIVAROTRA LA SOUPE,1,"man, miv, var",
MIVIDY VATO FLEUR MENA,1,miv,
MIOMPY LANDY,1,,
MIANTOKA AKOHO SY ONDRY,1,akoho,
MIVAROTRA CACAPIGEON,1,"miv, var",
FAMBOLENA HANANA,1,famb,
ENSEIGNANT A L'ECOLE PRIMAIRE PUBLIQUE,1,,
MPAMPIANATRA COUPE ET COUTURE,1,"mpi, mpam",
SECRETAIRE D'ECOLE,1,,secretaire
MANJAITRA SY MIVAROTRA AKANJON'ANKIZY,1,"man, miv, var",
MAMBOLY MANAMPY FIANAKAVIANA,1,"mam, man, mboly",
MAMBOLY VARY MANAMPY NY VADINY AMIN'NY ASA FAMBOLE,1,"mam, man, var, famb, vary, mboly",
MAMBOLY VARY ANTANETY MANAMPY RAY AMANDRENY,1,"mam, man, var, vary, mboly",
MAMBOLY VARY MANAMPY FIANAKAVIANA NY RAY AMANDRENY,1,"mam, man, var, vary, mboly",
MAMBOLY VARY MANAMPY FIANAKAVIANA AMINY ASA ATAO,1,"mam, man, var, vary, mboly",
MPIOMPY KISOA SY VORONA,1,mpi,
PMAMBOLY VOANJO,1,"mam, mboly",
MANARATO TSITSIKY,1,man,
MPAMONO BIBIKELY AMIN'NY VOLY,1,"voly, mpam",
MAMOKATRA FITAOVANA VITA AMIN PLASTIKA,1,mam,
MACHINIESTE,1,,
MANDRARY FANDAMBANANA,1,man,
MAMBOLY VARY MANGAHAZO KATSAKA,1,"mam, man, var, vary, katsaka, mboly",
MANBOLY VARY MANGAHAZO KATSAKA,1,"man, var, vary, katsaka",
"MAMBOLY VARY MANGAHAZO,",1,"mam, man, var, vary, mboly",
LAVAGE AUTOMOBILE,1,,
MPIVAROTRA SY MPIANTOKA HARONA,1,"mpi, var",
MPAMPOLALAO DOMY,1,mpam,
MAMBOLY HARICOT,1,"mam, mboly",
MPIASA TANY (SARAKATSAHA),1,"mpi, tany",
MANBOLY VARY MANGAHAZO,1,"man, var, vary",
MPANAO LIVRAISON MOFO,1,"mofo, mpan",
MIVAROTRA AM BAR,1,"miv, var",
"NAMBOLY VARY,OVY,KATSAKA,VOMANGA,POMA",1,"man, var, vary, katsaka, mboly",
MPIOMPY KISOA SY OMBY,1,"mpi, omby",
MECANICIENS,1,,
DOCKER @GROSSISTE,1,,
AGENT MOBILIER,1,,agent
MPAMPIANATRA T1@ EPP MAHERIFODY,1,"mpi, mpam",
NIASA TANY MBARY,1,tany,
MPANJAITRA (MACHINISTE AO AMINY ZONE),1,mpan,
MANAMBOATRA HANI-MASAKA,1,man,
MANAMBOATRA SAMBO,1,man,
INSPECTEUR DES IMPOTS,1,,
INSPECTEUR DE DOMAINE,1,,
MIVAROTRA THE COLA,1,"miv, var",
PREPARATION DE SISAL,1,,
IRAKIRAKIRA,1,,
MPANDRAY FRAIS ENTANA,1,"entana, mpan",
MPITRANDRAKA VOLAMEA,1,mpi,
FEMME DE MENAGE CHEZ ISITEC,1,,
VENDEUSES TELEPHONE,1,,
MAMBOLY VOANJ0,1,"mam, mboly",
MPIVAROTRA FANAFODY,1,"mpi, var",
MANDRARY SATROKA,1,man,
VENDEUSE DU RAKETA MENA,1,,
VENDEUSE DES POISSONS,1,,
MPANAMBOATRA SY MPIVAROTRA BETSABETSA,1,"mpi, var, mpan",
MPAMBOLY VARY SY FARY,1,"var, vary, mboly, mpam",
MPIVAROTRA ESSENCE ANTSINJARANY AMORON DALANA,1,"mpi, var",
"MANAMPY MAMBOLY OVY,VARY,KATSAKA ARY MANGAHAZO",1,"mam, man, var, vary, katsaka, mboly",
"MPAMBOLY OVY,VARY,KATSAKA ARY MANGAHAZO",1,"man, var, vary, katsaka, mboly, mpam",
"MPAMBOLY VARY,OVY,MANGAHAZO ARY KATSAKA",1,"man, var, vary, katsaka, mboly, mpam",
"MPAMBOLY OVY,MANGAHAZO,VARY KATSAKA",1,"man, var, vary, katsaka, mboly, mpam",
MIKARAMA MITONDRA TIKTIK,1,karama,
MPITATITRA ZEZIKA AMINY SARETY,1,mpi,
MPIAMBINALINA,1,mpi,
MIVAROTRA ROFIANGE,1,"miv, var",
MAMBOLY TSARAMASO SY VARY ARY KATSAKA,1,"mam, var, vary, katsaka, mboly",
MIVAROTRY TRAKA,1,"miv, var",
MPIVAROTRA PPN MITETY TSENA,1,"mpi, var",
AGENT IMMOBILIER,1,,agent
NANASALABA,1,,
DOKER ENTANA,1,entana,
TRCOTEUSE AU ZONES FRANCE,1,,
MANAO BODOFOTSY,1,man,
"MANAMPY MAMBOLY VARY,OVY,KATSAKA,MANGAHAZO",1,"mam, man, var, vary, katsaka, mboly",
"MANAMPY MAMBOLY OVY, VARY,KATSAKA SY MANGAHAZO",1,"mam, man, var, vary, katsaka, mboly",
COMMERCIAL JUMBO SCORE,1,,
JOURNALISTE,1,,
MANASAZ LAMBA,1,"man, lamba",
MPANASA LAMABA,1,mpan,
MPIVAROTRA KATLESY,1,"mpi, var",
MAMBOLY VARY MANAMPY NY VADINY,1,"mam, man, var, vary, mboly",
REPARATEUR ELECTRONICIEN,1,,
MPIVAROTRA PANNEAU SOLAIRE,1,"mpi, var",
CAUFFEUR BAJAJ,1,,
"NAMBOLY VARY,OVY,KATSAKA,TSARAMASO,POMA,VOMANGA",1,"man, var, vary, katsaka, mboly",
"NAMBOLY VARY,KATSAKA,VOMANGA,OVY,POMA,TSARAMASO",1,"man, var, vary, katsaka, mboly",
MAMBOLEM-BARY,1,mam,
Mmpianatra@EPP Ambilombe CR Manampaneva,1,"mpi, man, mpan",
MPIVAROTRA CREDIT,1,"mpi, var",
GERANTE RESTAURANT,1,,
CONSULTANT COMPTABLE INFORMATIQUE,1,,comptable
JOURNEE,1,,
MPAMPIDITRA CREDIT,1,"mpi, mpam",
SECRETAIRE JUGE D'INSTRUCTION PAC,1,,secretaire
CHEF DE SERVICE DE L'INSPECTION PEDAGOGIQUE,1,,chef
TELEOPERATEUR,1,,
AIDE CHAUFFEUR CAMIONNET,1,,chauffeur
ASA HORAKY,1,,
MIASA HORAKY,1,,
MPIVAROTRA TOMATE,1,"mpi, var",
MECANICIEN AUTO-MOTO,1,,
PANIVANA VOLAMEN,1,,
MPINDRANDRAKA VOLAMENA,1,mpi,
"MIVAROTRA PATSA,CREVETTE,VOANEMBA,TSARAMASO ETC...",1,"miv, var",
MAMPIANATRA @ CEG MANAMPANEVA,1,"mpi, mam, man, mpan",
Miandry omby,1,omby,
MPANJAITRA AMIN NY MACHINE INDUSTRIELLE,1,mpan,
GARDIEN MIAMBINA TANANA,1,,
SARAKANTSAHA MIHAVA VARY,1,"var, vary",
ANIMATEUR DE PROJET,1,,
MAMBOLY VARY MANAMPY NY RAD,1,"mam, man, var, vary, mboly",
FAMBOLENA VARY ANKORAKY MANAMPY NY VADINY,1,"man, var, famb, vary",
MPAMPIANATRA ECOLE PINOANA JESOSY MAMONJY,1,"mpi, mam, mpam",
MAMBOLY FRAISE,1,"mam, mboly",
PASTEUR FIANGONANA JESOSY MAMONJY,1,mam,
TIRAGE DE VANILLE,1,,
FIVAROTANA LASARY MANGA AMIN'NY TAVOAHANGY,1,"man, var",
MPAMBOLY ANANAN,1,"mboly, mpam",
SKIPPER ( chauffeur vedette),1,,chauffeur
ASSISTANCE INFIRMIERE,1,,
ANIMMATRICE VENTE COSMETIQUE,1,,
CROUPIER,1,,
MANAO SYMIVAROTRA CAFE SY MOFO,1,"man, miv, var, mofo",
VAROTRA ENTA-MADINIKA,1,var,
AIDE CHAUFFEUR AMINY CAMIONNETTE,1,,chauffeur
MIVAROTRA AMIN'NY GARGOTTE,1,"miv, var",
MANAO RUDOMETALLIQUE,1,man,
GESTIONNAIRE DE CLIENT,1,,
"MAMBOLY VARY, ANANA, COCOMBRE",1,"mam, var, vary, mboly",
MPIVAROTRA TANTELY ENY AN-TSENA,1,"mpi, var",
MPIVAROTRA AMORONDALANA MAHABIBO,1,"mpi, var",
POLICE MINICIPALE,1,,
MIANTOKA POMMA ENY AMIN TANTSAHA,1,,
MPAMONO OMBY,1,"omby, mpam",
MPAMPIANATRA @EPC,1,"mpi, mpam",
MIVAROTRA HANINA MASAKA,1,"miv, var",
REPARATION ELECTRIQUE,1,,
MIKARAMA AM OMBY,1,"omby, karama",
MIOMPY KISOA OMBY BITRO AKOHO,1,"omby, akoho",
MIOMPY AKOHO BITRO KISOA,1,akoho,
MIOMPY OMBY AKOHO KISOA BITRO,1,"omby, akoho",
MANAMBOATRA TARETRA ATAO KOFE,1,man,
MIVIDY SY MIVAROTRA TONGOLO OIGNONS,1,"miv, var",
MACHINISTE PIQUAGE TEXTILE,1,,
COLLECTEUR DE POISSON,1,,
ANGENT COMERCIAL CANAL PLUS,1,,
FITANTERANA OLONA amin'ny LAKANA,1,,
MIAMBINA TANANA,1,,
MPANMBOLY,1,"mboly, mpan",
MAMPIANATRA COURS PHILO,1,"mpi, mam",
MAMPIANATRA PRIMAIRE PRIVE,1,"mpi, mam",
KIBAROA (MAMBOLY VARY),1,"mam, var, vary, mboly",
MANIVANA VLAMENA,1,man,
MPAMBOLY VARY MANDINIKA,1,"man, var, vary, mboly, mpam",
MANAMPY MIVAROTRA SAKAY SY VOATABIA,1,"man, miv, var",
MIVAROTRA AKOHO SY LEGUME,1,"miv, var, akoho",
CHAUFFEUR CAMION MITONDRA VANILLE,1,,chauffeur
MANAO SY MIVAROTRA HANI MASAKA,1,"man, miv, var",
MANAMBOATRA LAONA SY FANOTO,1,man,
MIASA VARY SY KAZAHA,1,"var, vary",
MIVAROTRA LAMBA FRIP MANDE,1,"man, miv, var, lamba",
MITANTANA ORINASA MIVAROTRA CONFECTION,1,"miv, var",
MAGASINIER @MACHINE MANOTO VARY,1,"man, var, vary",
MACHINISTE MANAO CONFECTION AKANJO,1,man,
SECRETAIRE DE BUREAU ACEP MADAGASCAR TSARAMANDROSO,1,man,secretaire
"MIVAROTRA COMPOSE,JUS",1,"miv, var",
MAMBOLY VARY SY LA VANILE,1,"mam, var, vary, mboly",
TSARAKATSA,1,,
MIVARONTENA,1,"miv, var",
CONDUCTEUR BISCYLETTE,1,,
MITANTANA MVOLA,1,,
MANAMPY MIVAROTRA CONFECTION,1,"man, miv, var",
RAFITRA,1,,
MANAMBOATRA FINDAY,1,man,
MIVAROTRA TSINEFO,1,"miv, var",
MPAMBOLY KATSAKA SY MANGAHAZO,1,"man, katsaka, mboly, mpam",
CHEF CUSINE,1,,chef
MIVAROTRA LAMBA EN GROS,1,"miv, var, lamba",
MIASA MANAO CANAL,1,man,
MANDOMAKY,1,man,
MANAMPY MABOLY VARY SY TSAKO,1,"man, var, vary",
TRANSPORTEUR MAMPANOFA FIARA PRIVE,1,"mam, mpan",
MIKARAMA MAKA TOAKA,1,karama,
MIVAROTRA MANDEHA MITETY TSENA,1,"man, miv, var",
MPIVAROTRA COQUILLAGE,1,"mpi, var",
MPIFANTINA VOANJO,1,mpi,
OUVRIER AO AM SOCIETE LJA,1,,ouvrier
MANAMBOATRA SY MIVAROTRA GODROGODRO MAHOGO,1,"man, miv, var",
MIVIDY SY MIVAROTRA FONTSY,1,"miv, var",
MPAMPIANATRA @ EPP SOALALA,1,"mpi, mpam",
CHAUFFEUR SERVICE JIRAMA,1,,chauffeur
MIVAROTRA SAVOKA,1,"miv, var",
EMPLOYE D'AGENCE DE VOYAGES,1,,
AGENT COMMERCIALE,1,,agent
FIBREUR,1,,
TRANSPORT KUBOTA,1,,
MANAO VATO,1,man,
SAGE FEMME AMINY AMINY HOPITAL CSB 2 TSARATANANA,1,,
MAPIANATRA SECONDAIRE,1,,
MIOMPY AKOHO AMAMBORONA,1,"mam, akoho",
CHAUFFEUR PATRONAL,1,,chauffeur
DOKERA AO AMIN'NY PORT,1,,
AIDE SOIGNANT,1,,
MPIVAROTRA TRONDROMAINA MANDEHANDEHA,1,"mpi, man, var",
NANASA LAMBA AN OLONA,1,lamba,
MIVAROTRA KETAPOTSY,1,"miv, var",
MIVAROTRA YAOURT MAISON,1,"miv, var",
MANJAITRA GANT,1,man,
MAMBOLY LAISOA SY VOATABIA,1,"mam, mboly",
MPAMBOLY VOATABIA SY HARICOT VERT,1,"mboly, mpam",
MITAONA VATO,1,,
"MAMBOLY VARY, BALAHAZO",1,"mam, var, vary, mboly",
MAMBOLY VARY;BALAHAZO,1,"mam, var, vary, mboly",
MIVAROTRA @EPICERIE,1,"miv, var",
"MAMBOLY VARY , TOMATES",1,"mam, var, vary, mboly",
"MAMBOLY VARY,TOMATES,",1,"mam, var, vary, mboly",
MIBATA ENTA,1,,
GUICHETIER PAYEUR,1,,
CHAUFFEUR KIBOTA MPITATITRA ENTANA,1,"mpi, entana",chauffeur
SARAN'ANTSAHA,1,,
PRESIDENT DE LA COMITE DE LA GESTION COMMUNAUTAIRE,1,,
CHEF MAINTENANCE AMIN'ny hopital,1,,chef
MIVROTRA FIA,1,miv,
MPAMBOATRA LAKA,1,mpam,
MAMPIANATRA AMINY AMBARATONGA FAHAROA,1,"mpi, mam",
MACHINISTE ZONE FRANCE,1,,
OUVRAGE METALLIQUE,1,,
MITOTOVARY AMIN MACHINE,1,"var, vary",
MANATITRA SY MITSENA MPIANATRA,1,"mpi, man",
ELECTRICIEN ET PLOMBIER,1,,"electricien, plombier"
MPAMBOLY MAHOGO,1,"mboly, mpam",
MIVAROTRA TEKATEKA,1,"miv, var",
CONTROLEUR DES AGENT D'INTERVENTION,1,,agent
MPAMBOLY VOANEMBA(lozy),1,"mboly, mpam",
MPANAMPY MANAO GLAGE,1,"man, mpan",
MANAO TOKA GASY,1,man,
CHAUFFEUR BADJAJE,1,,chauffeur
MPAMBPLY LA VANILLE,1,mpam,
MPANBOLY LA VANILLE,1,mpan,
MPANEFY VY MAHALEO TENA,1,mpan,
MANAMBOATRA FATANA MITSITSY,1,man,
MIVAROTRA POULLE DE SEUR,1,"miv, var",
MPIVAROTRA KATSAKA AMORON-DALANA,1,"mpi, var, katsaka",
DOKERA MIBATA ENTANA EO AM STATIONNEMENT,1,entana,
FANAOVANA ASA ANTRANO,1,"trano, rano",
MIANTOKA RONONO VELONA,1,,
RESPONSABLE D'ARCHIVE MINISTER TOURISSMEµ,1,,responsable
MAMBOLY VARY.VOANJO.ANANA,1,"mam, var, vary, mboly",
MPAMBOLY TSARAMASO SY VOANJOBORY ARY MIOMPY AKOHO,1,"akoho, mboly, mpam",
KIBAROA MIHAVA VOANJO,1,,
GERANT MULTISERVICE,1,,
ENSEIGNANT AU PRE PRIMAIRE ET PRIMAIRE,1,,
CHAUFFEUR BAJABJ,1,,chauffeur
MPIVAROTRA TSARAMASO,1,"mpi, var",
MPAMBOLY SY MIVAROTRA VANILLE,1,"miv, var, mboly, mpam",
MPANAO CROCHER MPIASA @ZONE FRANCHE,1,"mpi, mpan",
MITSIMPONA JOROFO,1,,
MIVAOTRA VARY,1,"miv, var, vary",
REDACTRICE WEB,1,,
INSPECTEUR IMPOT,1,,
MIVAROTRA COURGETTE VOATABIA A L'ETALE AO ANTSENA,1,"miv, var",
MIVAROTRA BOMBON COCO MANDENDEHA ANY TANA,1,"man, miv, var",
MIKARAKARA LA VANILLE,1,,
MPIVAROTRA MINE-SAO,1,"mpi, var",
MPIVAROTRA ETAMADINIKA,1,"mpi, var",
MIVAROTRA SOLOMASO,1,"miv, var",
CUISINE,1,,
OUVRIER METALIQUE,1,,ouvrier
MAMBOLY VARY....,1,"mam, var, vary, mboly",
MAMBOLY VARY KATSAKA TSARAMSO,1,"mam, var, vary, katsaka, mboly",
MAMBOLY VARY SONJO TSARAMASO MANGAHAZOSOJA VOANJOL,1,"mam, man, var, vary, mboly",
MPAMB0LY KABARO,1,mpam,
MITONDRA KALESY,1,,
MANAMPY MIVAROTRA LEGIOMA AMBONGADINY,1,"man, miv, var",
MIVAROTRA LEGIOMA AMBONGADINY,1,"miv, var",
MPIVAROTRA HAZO SY BARARATA,1,"mpi, var",
MPIANTOKA HAZO SY BARARATA,1,mpi,
MAMBOLY KABARO,1,"mam, mboly",
MIKARAMA SARAKANTSAHA,1,karama,
MANAO POKETRA,1,man,
MIKARAMA SAKARANO,1,"rano, karama",
MITALY LALOASY,1,,
MANDRADRANA TADY GASY,1,man,
MPANDRARY TAPIS,1,mpan,
MANAMPY MAMBOLY ANANA SY HERICOT VERT,1,"mam, man, mboly",
FAMBOLENA ANANA SY HERICOT VERT,1,famb,
MPANAO PETEKOFEHY,1,mpan,
MIVAROTRA KATELESE NEM PATY,1,"miv, var",
MANGALA RANO,1,"man, rano",
MANOTRA SY MAMPITERAKA,1,"mpi, mam, man",
ASA TANANA,1,,
MIVELY VARY,1,"miv, var, vary",
MIVAROTRA SAKAFO,1,"miv, var",
NAMBOLY VOANJO BE,1,mboly,
KIBAROA NA SARAKANTSAHA,1,,
BABICITAIRE,1,,
MPANERA BAJAJ,1,mpan,
MITSONGO ILANGILANGY,1,,
AIDE MAç0N,1,,
MPAMPIANATRA LANGUE ITALIEN EN LIGNE,1,"mpi, mpam",
MAMPANOFA TAXIE,1,"mam, mpan",
OPERATEUR POLIVALENT,1,,
CONTROLE QUALITE AMIN ZONE,1,,
MPIVAROTRA ENTANA MADINIKA KELY,1,"mpi, var, entana",
KIBAROA MIHAVA TANY,1,tany,
MATRONNE,1,,
MIASA VATO SAROBIDY,1,,
VAROMANDEHA AKANJO CONFECTION,1,"man, var",
MPIVAROKENA KISO SY OMBY,1,"mpi, var, omby",
MAMBOLY TSARAMASO VOANJO KATSAKA,1,"mam, katsaka, mboly",
MAMBOLY TSARAMASO KATSAKA VOANJO,1,"mam, katsaka, mboly",
TALEN-TSEKOLY,1,,
MAMPIANATRA LYCEE,1,"mpi, mam",
MITSIPONA SY MIVAROTRA RAVINA JIROFO,1,"miv, var",
COMTABLE,1,,
"MANETSA, MIAVA VARY",1,"man, var, vary",
"MPAMBOLY VARY,KATSAKA,KAROTY SY HARICOT VERT ARYOV",1,"var, vary, katsaka, mboly, mpam",
MIVAROTRA SY MANERA AKONDRO MANTA ENY ANTSIRABE VI,1,"man, miv, var",
"NANMBOLY VARY,KAROTY,SOJA,VOMANGA,MANGAHAZO,petit",1,"man, var, vary, mboly",
"NAMBOLY VARY,KAROTY,MANGAHAZO,VOMANGA,KATSAKA,SOJA",1,"man, var, vary, katsaka, mboly",
CONTROLEUR ENTANA,1,entana,
CUISINERE AU RESTAURANT,1,,
MPIVAROTRA SAKAFO MASAKA ENY AMORONDALANA,1,"mpi, var",
MPIVAROTRY JUS,1,"mpi, var",
BARMETTE,1,,
MPANAO PHOTOCOPIE,1,mpan,
MIVAROTRA LASOPY MANDEHANDE,1,"man, miv, var",
MANAO MENAKA YLANG YLANG,1,man,
MIVAROTRA RAVISONJO,1,"miv, var",
VOMIERAN NY FOKONTANY,1,tany,
VICE PRESIDENT FOKONTANY,1,tany,
MANADIO KILY,1,man,
MPANAMBOATRA HANIMASAKA MOFO DITE CAFE,1,"mofo, mpan",
MPAMPIANATRA FRAM AMIN NY EPP,1,"mpi, mpam",
MIVAROTRA GARGOTTE SY BAR,1,"miv, var",
MESUREUR DE VANILLE,1,,
VERIFICATEUR DE LA VANILLE,1,,
MIKIRAKIRA LAVANILLE,1,,
MANAMPY MIVAROTRA VOATABIA,1,"man, miv, var",
COMPTABLE AO @ FEDERATION EDVENTISTE,1,,comptable
MOBILE BANKING,1,,
REPARATEUR BATTERIE-TELEPHONE-RADIO-ECRAN,1,,
MPITAIZA ZAZA,1,mpi,
MPANENDY MOFO,1,"mofo, mpan",
DOKERA AMIN'NY MAGAZAY FIVAROTANA,1,var,
MANAMBOATRA SIPETY,1,man,
GERANTE,1,,
MANAMBOATRA GALETTE,1,man,
PROFESSEUR INTERMEDIAIRE DE L'ENSEIGNEMENT PRIMAIR,1,,
MANAMBOATRA VILANY,1,man,
VAROTRA KAREPOKA MANDENDE,1,"man, var",
GUICHETIER WC PUBLIC,1,,
MPANJARY TSIHY,1,mpan,
MANAO TRIAGE GIROFLE,1,man,
MPIVAROTRA FINDAY MIASA AMIN'NY TECHNO,1,"mpi, var",
²MANAMPY NY RENINY AMIN'NY ASA FAMBOLENA,1,"man, famb",
Mamboly vary sy mangahazo,1,"mam, man, var, vary, mboly",
MIVAROTRA AMIN GARGOTTE,1,"miv, var",
MANATITRA MPIANATRA,1,"mpi, man",
MPIHADY VATO SAFIRA,1,mpi,
MAGNIVANA RANONTANY,1,"tany, rano",
MPIVAROTRA BOUSON,1,"mpi, var",
MENUSIER EN BOIS,1,,
MPIVAROTRA VOANKAZO ANTSINJARANY ENY AN-TSENA,1,"mpi, var",
MPAMBOLY VOANJ0,1,"mboly, mpam",
MANAMPY FIANAKAVIANA AMIN FAMBOLENA VOANJO,1,"man, famb",
MANAMY FIANAKAVIANA AMIN FAMBOLENA,1,"man, famb",
MANAMPY FIANAKAVIANA AMIN FAMBOLENA MANGAHAZO,1,"man, famb",
MANAMPY FIANAKAVIANA MANAO FAMBOLENA VARY,1,"man, var, famb, vary",
Manjono Makamba,1,man,
MPAMATOTRA DRAKATRA,1,mpam,
MPIVATRA ENTANA MADINIKA,1,"mpi, entana",
MPANAMBOATRA CLARINNETTE,1,mpan,
RESPONSABLE VOLONTAIREAT,1,,responsable
MAMBOLUY VARY,1,"mam, var, vary",
MPIVAROTRA PUCE,1,"mpi, var",
SOCIO ORGANISATEUR,1,,
AGENT BATIMENT,1,,agent
MIAMBINA ONDRY,1,,
MIAMBINA AOMBY,1,omby,
MIVELI VARY,1,"miv, var, vary",
MANAMPAM-BARY,1,"man, mpam",
CONTROLEUR DE GESTION,1,,
OPERATEUR EN LIGNE,1,,
REDACTEUR WEB,1,,
DISTRIBUTEUR DES PRODUITS ALIMENTAIRE,1,,
MIVAROTRA MATERIELS DE BATIMENTS (CARREAU GRANITE),1,"miv, var",
0RGANISATEUR PETANQUE (CONCOURS),1,,
MPIVAROTRA SAMOSA SY MOFO ANANA,1,"mpi, var, mofo",
MPANARY FAKO,1,mpan,
SECURITE AMINY G4C,1,,
MIKIRAKA INFORMATIQUE,1,,
FIVAROTANA AKOHO AMAN'BORONA,1,"man, var, akoho",
MAMBOLY VARY ANY AMBANIVOHITRA,1,"mam, var, vary, mboly",
MIVAROTRA CACHE BOUCHE SY PATSA MENA,1,"miv, var",
MANOVO CREVETTE AMIN'NY VINANY,1,man,
GUIDE TOURISTIQUE,1,,
MPANANGONA HAZAN-DRANOMASINA,1,"rano, mpan",
MPIVAROTR ELECTROMENAGE,1,"mpi, var",
MPIVAROTRA TSONDRO MAINA,1,"mpi, var",
MIVAROTRA LAPIA,1,"miv, var",
MITONDRA MPIANATRA AMIN POUSY,1,mpi,
MIKARAMA MITAONA TANY,1,"tany, karama",
GARDIEN UGP,1,,
MANAMPY FANAOVANA CHARBON,1,man,
MANAMPY MIVAROTRA EPICERIE,1,"man, miv, var",
REPARATION BRIQUET,1,,
MPIVAROTRA PAISO KELY AMORONDALANA,1,"mpi, var",
MIKARAKARA ZARIDAINA,1,,
AGENT DE SUIVIE,1,,agent
ANIMATEUR,1,,
MPIANDRAIKITRA NY VAKSINY AO CSB2,1,mpi,
MIJIRI-BARY,1,,
MPANAO LAVADRANO,1,"rano, mpan",
MANENTANA ARAMPAHASALAMANA,1,"man, entana",
COURS PARTICULIERS,1,,
NIKARAMA NITSIMPNA TSAKAFOKA,1,karama,
MANOEUVRE AMINY FANAMBOARANA TRANO,1,"man, trano, rano",
FIOMPIANA BITRO,1,mpi,
MAN OEUVRE AMIN'NY FANAOVANA TRANO,1,"man, trano, rano",
MPANDRARY TSIHY SY ARONA,1,mpan,
CHAUFFEUR KUBOTA,1,,chauffeur
MPAMPIANATRA AMY EPP,1,"mpi, mpam",
PAMPIANATRA AMBARATONGA I,1,mpi,
"NAMBOLY VARY,OVY,KATSAKA,VOMANGA,TSARAMASO,MANGAHZ",1,"man, var, vary, katsaka, mboly",
MPAMBOLY GARANA,1,"mboly, mpam",
SERVEUSE AMIN HOTELY,1,,
PIOMPY AKOHO AMAM-BORONA,1,"mam, akoho",
MPIASA ANTRANO KILASY MODY,1,"mpi, trano, rano",
MANAO COMMUSIONS,1,man,
MPAMBOLY VARY SY KATSAKA ARY OVY,1,"var, vary, katsaka, mboly, mpam",
MIASA ENY AMINY SINOA,1,,
FIASANA TANY VARY,1,"var, tany, vary",
MIANTOKA VOAKAZO,1,,
SAGE FEMME BENEVOLE,1,,
SURVEILLANT ECOLE,1,,
MANAO JUS NATUREL,1,man,
CHAUFFEUR NY BAJAJ,1,,chauffeur
"VARY,OVY,MANGAHAZO,KATSAKA,SAONJO,VOANJOBORY,TSARA",1,"man, var, vary, katsaka",
MPITAONA ENTANA AMIN'OMBINTSARETY,1,"mpi, entana",
MITONDRA CYCLO POUUSSE,1,,
"MILA RAVITSARA ,MITANGO RAVITSARA AMIN'NY GONY",1,,
MANAO BOIS CARRE DIA AVY EO AMIDY,1,man,
MIVAROTRA SAMBOS HENA DIA PATY,1,"miv, var",
MIASA LALANA,1,,
"NAMBOLY VARY,OVY,VOMANGA,MANGAHAZO,KATSAKA,SAONJO,",1,"man, var, vary, katsaka, mboly",
MAMPIANATRA SECONDAIRE,1,"mpi, mam",
MAMPIANATRA SEGONDAIRE,1,"mpi, mam",
POMPISTE MIVAROTRA ESSENCE,1,"mpi, miv, var",
MANAMBOTRA CHARBON,1,man,
GERANT DU BAR,1,,
MPITRANDRAKA VOLALENA,1,mpi,
SERVUER,1,,
MIVAROTRA DITE SY MOFO,1,"miv, var, mofo",
MPANDRAFITRA SARETY,1,mpan,
MIKARAMA MONODINA MACHINE FITOTOMBARY,1,karama,
MPIVAROTRA AMINY EPICERIE,1,"mpi, var",
MIASA AO USINE LAMBIKA,1,,
MPITSIPONA RAVINJIROFO,1,mpi,
CHAUFFEUR VOITURE,1,,chauffeur
SECRETAIRE A,1,,secretaire
MIVAROTRA LEGUME AO AN TSENA,1,"miv, var",
MPAMAKY SY MPIVAROTRA VATO,1,"mpi, var, mpam",
"MPANAO PHOTOCOPIE,PLASTIFICATION,GRAVAGE,SCANNER",1,mpan,
MPANADIO FITARATRA,1,mpan,
MPISA ANTRANO,1,"mpi, trano, rano",
MPIANDRY TRANO,1,"mpi, trano, rano",
MIASATADY VOLAMENA ENY AMORONDRANO,1,rano,
MIASA VOLA,1,,
MPIVAROTRA ORANGE,1,"mpi, var",
MANAO SY MIVAROTRA TADY,1,"man, miv, var",
"MAMBOLY MANGAHAZO,KATSAKA,",1,"mam, man, katsaka, mboly",
MAMBOLY BARY MAngahazo sns,1,"mam, man, mboly",
MPAMBOLY JIROFO VANILLE,1,"mboly, mpam",
MPAMBOLY JIROFO CAFE,1,"mboly, mpam",
MAMPIANATRA CLASSE DE 8EME,1,"mpi, mam",
MPAMPIANATRA @ ECOLE PRIVE,1,"mpi, mpam",
MPANAO RETAILLAGE AO ANTRANONY,1,"trano, rano, mpan",
MANAMBOATRA SY MIVAROTRA MOFO AKONDRO,1,"man, miv, var, mofo",
FEMME DU MENAGE,1,,
NIASA VOANJO LAVA,1,,
MIANDRY GISA,1,,
"MANETSA,NIAVA VARY",1,"man, var, vary",
"MAMBOLY MANGAHAZO,VOMANGA,VARY",1,"mam, man, var, vary, mboly",
MIAMBINA LA VANILLE,1,,
"MAMBOLY CAFE, VANILLE",1,"mam, mboly",
MIVAROTRA MOFO KOBA,1,"miv, var, mofo",
MPITATITRA VATO NA BRIQUE,1,mpi,
SECRETAIRE NY EPP,1,,secretaire
MPANAMBOATRA SATROKA,1,mpan,
MPAMBOATRA FIRAVAKA,1,mpam,
MIKARAMA MANAO MOFO,1,"man, mofo, karama",
ESTHETICIENNE A DOMICILE,1,,
MAMPIANATRA AMINY UNIVERSITE,1,"mpi, mam",
MANAPAKY KITAY,1,man,
TRAVAILLEUR DOMESTIQUE,1,,
CONDUCTEUR D ENGIN,1,,
KANTSAHASARA,1,,
MPANAMPY MITRANDRAKA VOLAMENA,1,mpan,
P0MPISTE STATION ESSENCE,1,mpi,
SARAKATSAHA MIBARA BADIKA,1,,
SARAKATSAHA MAGNOMBOTRY HIDIM-BARY,1,,
MPANAMPY MANAO TRANO,1,"man, trano, rano, mpan",
MANAO MOFO AKONDRO SY DITE,1,"man, mofo",
MPANAMPY FIANAKAVIANA @ FAMBOLENA VARY KATSAKA,1,"var, famb, vary, katsaka, mpan",
MPANAMPY FIANAKAVIANA@ FAMBOLENA VARY,1,"var, famb, vary, mpan",
MPANAMBOATRA SATROKA ROFIA,1,mpan,
MACANICIEN,1,,
MANERA PIECE AUTO,1,man,
DOCKEURS,1,,
MIVAROTRA GONA,1,"miv, var",
MIVAROTRA BROCATEUR PLASTIQUE,1,"miv, var",
CHAUFEUR TAXI BROSS2,1,,
MIVARODAMBA,1,"miv, var",
MPANDRARY SY MPIVAROTRA TSIHY,1,"mpi, var, mpan",
MIVAROTRA ANANA ANGIVY RAVITOTO TSARAMASO,1,"miv, var",
MIKARAKARA FIOMPINA KISOA SY AKOHO,1,"mpi, akoho",
MIOPY KISOA AKOHO,1,akoho,
MPIVAROTRA MISAO LASOPY COMPOSE ANATY TRANO,1,"mpi, var, trano, rano",
PRESIDENT SINODA,1,,
MIV1ROTRA MOFO,1,"miv, mofo",
MIVATROTRA MANANASY,1,"man, miv",
SARAKATSARA,1,,
MIANTOKA MANANASY,1,man,
MPAMPIANATRA LYCCE,1,"mpi, mpam",
ASSISTANT TECHNIQUE REGIONAL,1,,assistant
MANADIO JIROFO,1,man,
MAMPIANATRA AMBARATONGA VOLOANY,1,"mpi, mam",
MAMBOLY VARY MAMNGAHAZO SNS,1,"mam, var, vary, mboly",
SURVEILLANTE NY LYCEE,1,,
MPIVAROTRA MOFO DU PAINS,1,"mpi, var, mofo",
MIVAROTRY,1,"miv, var",
NIKARAKARA FAMBOLENA VANILLE,1,famb,
ENQUETEUR AM PROJET CAPSULE,1,,
INFIRMIERE SAGE FEMME,1,,
MIVROTRA CHARBON,1,miv,
CHEF DE DIVISION DE FORMATION,1,,chef
MITONDRA TUCK TUCK,1,,
DOKERA AO @ PORT,1,,
MIJIRIKA VARY,1,"var, vary",
AIDE VENDEUSE,1,,
MANAMPY MAMBOLY VANILE,1,"mam, man, mboly",
MPIANTOKA RONONO MITETY,1,mpi,
COMMERCE,1,,
POLICE COMMUNAL,1,,
MPIASAN'NY CISCO BUREAU,1,mpi,
MPIVAROTRA VANEMBA,1,"mpi, var",
MPITONDRA OLONA SY ENTANA,1,"mpi, entana",
MIVAROTRA JABORAKENA,1,"miv, var",
MPANAMPY MIVAROTRA HENA,1,"miv, var, mpan",
MANAO  MOFO FIRAFIRA SY MOFOSAKAY,1,"man, mofo",
MANAMBOATRA MOFO AKAMBA MOFO ANANA CATLESSE,1,"man, mofo",
MANDRAFITRA FANAKA @ ATELIER,1,man,
MIVAROTRA BOZAKA,1,"miv, var",
MPIVAROTRA AMINY GARGOTY,1,"mpi, var",
MPAMAROTRA,1,mpam,
MIVAROTRA PATY MASAKA SY TSAKITSAKY,1,"miv, var",
MPAMBOLY LOUJY,1,"mboly, mpam",
MPIVAROTRA LOUJY,1,"mpi, var",
MAMBOLY VAEY KATSAKA SNS,1,"mam, katsaka, mboly",
MPANAMBOATRA MOTO SY BICYCLETTE,1,mpan,
MANAMPY FIANAKAVIANA MIVAROTRA POKETRA SY FRIPPERI,1,"man, miv, var",
MPIVAROTRA POKETRA FRIPERIE,1,"mpi, var",
TECHNICIEN FORRESTIERE,1,,technicien
MEDECIN PEDIATRE,1,,
MIKARAMA MIANDRY OMBY MIPETRAKA AMAN'OLONA,1,"man, omby, karama",
MPAMBOLY MADINIKA FA MANAMPY NY VADINY KOA,1,"man, mboly, mpam",
MPABOLY FA MANAMPY NY VADINY,1,man,
ASA ANTSELIKA,1,,
"NAMBOLY VARY,karoty,KATSAKA,HARICOT VERT",1,"var, vary, katsaka, mboly",
"NAMBOLY VARY,KAROTY,KATSAKA,TSARAMASO,HARICO VERT",1,"var, vary, katsaka, mboly",
"NAMBOLY VARY,KAROTY",1,"var, vary, mboly",
"NAMBOLY VARY,KAROTY,HARICOT VERT,ovy,KATSAKA",1,"var, vary, katsaka, mboly",
"MABOLY VARY,KAROTY,HARICOT VERT,OVY,KATSAKA",1,"var, vary, katsaka",
MANAMPY MAMANY MANENDY MOFO,1,"mam, man, mofo",
MPIVAROTRA GARGOTE,1,"mpi, var",
MEDECIN CHEF,1,,chef
AGENT DE QUART,1,,agent
MPAMBOLY VARY/ANANA,1,"var, vary, mboly, mpam",
MPITONDRA CYCLO-POUSSE,1,mpi,
ENSENGANANT AU COLLEGE D'ENSEIGNEMENT GENERAL,1,,
MIVAROTRA COCOMBRE SY ANANA,1,"miv, var",
DEMARCHEUR VATO,1,,
MAMBOLY VONIKAZO,1,"mam, mboly",
MPIVAROTRA LAOKA,1,"mpi, var",
MAHANDRO VANILLE,1,,
MPIVAROTRA KAPA ANY ANTSENA,1,"mpi, var",
MAMBOLY POIREAUX,1,"mam, mboly",
MPANAO ZARIDAINA,1,mpan,
MAMOLY LA VANILLE,1,mam,
NIKAPA VARY ANTANETY,1,"var, vary",
MPANAO MOFO RAVINA,1,"mofo, mpan",
SARAKA TSAHA NIAVA VARY,1,"var, vary",
MITATITRA ENTANA AMIN'NY POSY,1,entana,
MPAMPIANATRA AO @ UNIVERSITE,1,"mpi, mpam",
MANAO BAL BASY,1,man,
MANMBOLY VARY;VOATABIA;SAONJO,1,"man, var, vary, mboly",
MIEVO HARICOT VERT,1,,
MIVAROTRA VEROMANITRA,1,"man, miv, var",
MIVAROTRA LA CLEF,1,"miv, var",
PATRONIER AMINY ZONE FRANCHE,1,,
SECRETAIRE ADMINISTRATIF,1,,secretaire
DISENGNEUR,1,,
SECRETAIRE  ADMISTRATIF,1,,secretaire
MPIVAROTRA ORANA,1,"mpi, var",
MIVAROTRA MAKASAOKA MOFOSAKAY CAFE RANONY,1,"miv, var, rano, mofo",
MANAO SARANKANTSAHA,1,man,
ELECTRICIEN JIRAMA,1,,electricien
MANERA,1,man,
"MPANJAITRA,MPANAO RETAILLAGE",1,mpan,
MPITONDRA CYCLO POUSSY,1,mpi,
IMPRIMERIE TEE SHIRT CARNET,1,,
MANAO ASA TANANA MOMBA NY ROFIA,1,man,
RESPONSABLE LOGISTIQUE MINISTERE ELEVAGE,1,,responsable
TECNICIEN SUPERIEUR EN AGRICULTURE,1,,
SECRETAIRE AO AMIN'NY OPHAM,1,,secretaire
COMPTABLE AO AMIN'NY OPHAM,1,,comptable
MPAMPINATRA,1,"mpi, mpam",
MIVAROTRA BOMBON,1,"miv, var",
MIVAROTRA BROCATEUR,1,"miv, var",
MPAPIANATRA AMINY SECONDAIRE,1,,
MITSABO ENY AMINY CSB2,1,,
MANAO DESSIN,1,man,
MANONDRAKA HARICOT VERT,1,man,
PASTEUR MPANAMPY,1,mpan,
MIOMPY AKOHO SY GANA,1,akoho,
MPAMPIANATRA @COLLEGE PRIVE,1,"mpi, mpam",
MANAMBOATRA BAORITRA,1,man,
JARDINIER ANY AMIN'NY STAM,1,,
MPIVAROTRA PARAKY MITETY TRANO,1,"mpi, var, trano, rano",
CHAUFFEURE MANAO LIVRAISON,1,man,chauffeur
PARAGE DE POISSON (MANDIO TRONDRO),1,man,
MAMAKY VATO(GRAVILLON),1,mam,
MAMBOATRA SY MIVAROTRA KATLESY,1,"mam, miv, var",
CHAUFFEUR TAXI VILLE,1,,chauffeur
MIVAOTR MOBILE MONEY,1,miv,
MPANDRASO SISAL,1,mpan,
MPANDASO FIBRE LALOASY,1,mpan,
COMMISSIONAIRE JIROFO,1,,
MITSIMPONA RAVINJIROFO MAINA,1,,
MANAO TIRIAGE VANILLE,1,man,
MIVAROTRA LEGUME A BAZARY,1,"miv, var",
NIVAROTRA LAMBA,1,"var, lamba",
PREPARATEUR DE VANILLE,1,,
MAMBOLY VEROMANITRA,1,"mam, man, mboly",
MPANJONA TRONDRO,1,mpan,
COIFEUR,1,,
MPAMPIANATRA AO AM EPP,1,"mpi, mpam",
MITSABO LA VANILLE,1,,
MIVAROTRA PIECES TOMOBILE,1,"miv, var",
MIVAROTRA SCOOBIDO,1,"miv, var",
MACHINISTE AO AMINY ZONE,1,,
CONTROLEUR AO AMINY ZONE MACOTEX,1,,
MIAMBINA TSENA,1,,
MIOMPY TRONDRO ANATY DOBO,1,,
MIVAROTRA KIRARO FRIPY,1,"miv, var",
MIVAROTRA FIA,1,"miv, var",
MPANAO SARAKA AN - TSAHA,1,mpan,
GARDIEN NA FIVAROTANA,1,var,
MIKARAKARA VOKATRA VOANEMBA,1,,
MIVAROTRA LEGUMES ENY AMORONDALANA IVELANY TSENA.,1,"miv, var",
ASA TAO VOLO,1,,
MPANDREFY TANY,1,"tany, mpan",
SAGE-EFEMME,1,,
MPANAMBOATRA VOKAVOKA MAHOGO,1,mpan,
MANDAVAKA TANY HAMBOLENA ZANAKAZO(REBOISEMENT),1,"man, tany",
POINTEUR MPIASAN NY SAMBO,1,mpi,
FIKARAKARANA VOKATRA TSARAMASO,1,,
MPANANMPY TOKATRANO @ FAMBOLENA VARY,1,"var, famb, vary, trano, rano, mpan",
MAMBOLY VARY SY KATSAKA ARY MANGAHAZO,1,"mam, man, var, vary, katsaka, mboly",
"MPAMBOLY KATSAKA , TSARAMASO",1,"katsaka, mboly, mpam",
MPIASA TANY FAMBOLENA,1,"mpi, famb, tany",
PERSONNEL ADMINISTRATIF ENY AMNIN NY DREN,1,,
MPAMPIANATRA MALAGASY CEG,1,"mpi, mpam",
MPAMPIANATRA FRANCAIS-ANGLAIS CEG,1,"mpi, mpam",
MIVAROTRA MANAO EPICERIE,1,"man, miv, var",
RECEPTIONISTE DU RESTAURANT,1,,
SLIN BLOC,1,,
MIVAROTRA AMIN NY GARGOTTE,1,"miv, var",
MANAO MULTISERVICES,1,man,
EPECERIE,1,,
EPECERIE MPIVAROTRA,1,"mpi, var",
MAMBOLY ANANDRANO,1,"mam, rano, mboly",
MIVAROTRA ATODY MASAKA,1,"miv, var",
MIVAROTRA COCO RANONY,1,"miv, var, rano",
CHEF DE FERME,1,,chef
MANADIO TSARAMASO KABARO,1,man,
MACHINISTE TRICOTEUSE,1,,
MIVAROTRA AMINA BAR,1,"miv, var",
MPANAMPY MPANAMBOATRA PARPAING,1,mpan,
SURVEILLANT GENERAL,1,,
ENSEIGNANT ECOLE PRIMAIRE,1,,
MAMBOLY TSARAMASO SY VOANJO,1,"mam, mboly",
MPAMBOLY MADINIKA vary,1,"var, vary, mboly, mpam",
SAGE FAMME,1,,
CHAUFEUR AO AM TRANS MIAINA,1,,
MPAMETAKA PARKEX,1,mpam,
MPANJAITRA AO AMIN NY CALIANA,1,mpan,
MPANJAITRA AO AMIN I CALIANA,1,mpan,
PAL FERNIERE NA MPIKARAKARA SOAVALY AO AM CLUB OLI,1,mpi,
MIVAROTRA PATY SY MOFO ANANA,1,"miv, var, mofo",
MANAMPY MANARATO FILAO,1,man,
INSTITUTEUR,1,,
MIVAROTRA VARY SY PARAKY,1,"miv, var, vary",
MPIANTOKA ENTANA OMEN'OLONA AMIDY,1,"mpi, entana",
MPAMBOLY LOJY SY ATSANJY ARY VARY,1,"var, vary, mboly, mpam",
MIVAROTRA RAVINDAMBA,1,"miv, var",
NAMBOLY TONGOLO,1,mboly,
MAMB0LY MANGAHAZO,1,"mam, man",
MTRANDRAKA VOLAMENA,1,,
MAMBOLY VOAMAINA,1,"mam, mboly",
"MAMBOLY VARY,VANILLE",1,"mam, var, vary, mboly",
MPIVAROTRA SAKAFO MIARAKA AMINY MME FARA,1,"mpi, var",
MPIVAROTRA MIARAKA MINY MME FARA,1,"mpi, var",
MPAMBOLY CONCOMBRE,1,"mboly, mpam",
MIHAZA PATSA,1,,
MIHAZA COCOMBRE DE MERE,1,,
MPIVAROTRA KOJAKOJA EN ETALAGE,1,"mpi, var",
ADJOINT TECHNIQUE BTP,1,,
REPARATEUR MATERIEL ELECTRONIQUE ELETRONIQUE,1,,
