metier_original,occurrences,traduction_fr,est_malgache
MAMBOLY VARY,2333,PLANTATION DE RIZ,True
SARAKA ANTSAHA,1996,À MOITIÉ SÉPARÉ,True
MPAMBOLY VARY,1642,RIZICULTEURS,True
SARAKANTSAHA,1607,SARAKANTASAH,True
SARAKATSAHA,1561,SARAKATSAHA,True
MANASA LAMBA,821,LAVER LES VÊTEMENTS,True
MITRANDRAKA VOLAMENA,618,Exploitation minière de l'or,True
MPANASA LAMBA,527,LAVE-LINGE,True
MPITRANDRAKA VOLAMENA,457,MINEUR D'OR,True
MACON,424,Mâcon,True
MANAO SARAKA ANTSAHA,420,MOITIÉ SÉPARÉE,True
GARDIEN,405,TUTEUR,True
SARAK'ANTSAHA,375,SÉPARÉ,True
DOMESTIQUE,350,DOMESTIQUE,True
MPAMBOLY,348,FERMIER,True
MANAO SARAKANTSAHA,338,PARTEZ À L'AVENTURE,True
MAMBOLY,324,PLANTATION,True
MPAMPIANATRA,303,PROFESSEUR,True
CHAUFFEUR,271,CONDUCTEUR,True
MAMBOLY MANGAHAZO,255,PLANTER DES ARBRES,True
MANOEUVRE AGRICOLE,250,MANŒUVRE AGRICOLE,True
MANDRARY TSIHY,247,LE TAPIS FAIT MAL,True
DOKERA,244,MÉDECIN,True
MPANAMPY ANTRANO,241,AUXILIAIRE,True
MPAMBOLY VARY MADINIKA,240,PETITS RIZICULTEURS,True
MAMBOLY ANANA,216,CULTIVER DES LÉGUMES,True
MIOMPY KISOA,216,ÉLEVAGE PORCIN,True
MACHINISTE,214,MACHINIST,True
MIVAROTRA CHARBON,214,CARBONE À VENDRE,True
MECANICIEN,206,MÉCANICIEN,True
SARANKATSAHA,206,CARACTÉRISTIQUES,True
FEMME DE MENAGE,199,FEMME DE MÉNAGE,True
SARAKA AN-TSAHA,196,SÉPARÉ SUR LE TERRAIN,True
MANAMPY MITRANDRAKA VOLAMENA,179,AIDER À CREER L'OR,True
MIASA TRANO,174,DEVOIRS,True
MPIASA ANTRANO,171,AIDE LES TRAVAILLEURS,True
MPANJONO,166,PÊCHEUR,True
MPAMBOLY VANILLE,160,PRODUCTEUR DE VANILLE,True
MAMPIANATRA,159,ENSEIGNEMENT,True
MIVAROTRA TRONDRO,155,VENDRE DU POISSON,True
MAMBOLY VOANJO,154,PLANTATION D'ARACHIDES,True
MIVAROTRA ANANA,153,VENDRE DES LÉGUMES,True
MANOEUVRE,152,MANŒUVRE,True
MIANDRY OMBY,150,EN ATTENDANT LES VACHES,True
MIVAROTRA LEGUME,148,VENDRE DES LÉGUMES,True
MANAO SARAKATSAHA,147,FAIRE LA DIFFÉRENCE,True
DOCKER,144,DOCKER,True
MIVAROTRA,141,VENTE,True
MANJONO,140,PÊCHE,True
SECURITE,138,SÉCURITÉ,True
MANIVANA VOLAMENA,132,LE PIN POUR L'OR,True
MANDRARY,131,Ça fait mal,True
MPIANDRY OMBY,131,ÉLEVEUR DE VACHES,True
EPICERIE,130,MAGASIN ÉPIQUE,True
MAMBOLY VANILLE,129,CULTIVER LA VANILLE,True
MPANAO SARAKANTSAHA,129,VOYAGEUR,True
MAMBOLY TONGOLO,128,PLANTEZ DES PLANTES,True
MIVAROTRA EPICERIE,128,VENDRE UN MAGASIN ÉPIQUE,True
MPANAO SARAKA ANTSAHA,123,FABRICANT DE SÉPARATION,True
MPANAMPY FIANAKAVIANA @ FAMBOLENA VARY,115,AIDE FAMILIALE @ FAMBOLENA VARY,True
MIVAROTRA PPN,115,VENDRE des PPN,True
MAMBOLY KATSAKA,114,PLANT DU MAÏS,True
COMPTABLE,114,RESPONSABLE,True
MANAMPY MAMBOLY VARY,113,AIDEZ À PLANTER LE RIZ,True
MIASA ANTRANO,113,AIDE AU TRAVAIL,True
GENDARME,109,GENDARME,True
MPIVAROTRA TRONDRO,106,VENDEUR DE POISSON,True
MPAMBOLY LA VANILLE,104,PRODUCTEUR DE VANILLE LA,True
MIVAROTRA VOANKAZO,103,VENDRE DES LÉGUMES,True
MAMBOLY VARY SY MANGAHAZO,102,PLANTATION DE RIZ ET RÉCOLTE,True
MAçON,101,Mâcon,True
SARAN-KATSAHA,99,FRAIS DE TERRAIN,True
MIOMPY OMBY,96,BÉTAIL DE RACE,True
MANAO SARAK'ANTSAHA,95,FAIRE LA DIFFÉRENCE,True
MIARAMILA,94,SOLDAT,True
MPAMBOLY MANGAHAZO,94,AGRICULTEUR D'ARBRES,True
Maçon,94,Maçon,True
MIOMPY AKOHO,94,ÉLEVER LE POULET,True
MPAMBOLY VOANJO,93,PRODUCTEUR D'ARACHIDES,True
FAMBOLENA,93,PLANTATION,True
FAMBOLENA VARY,91,CULTURE DU RIZ,True
MPANDRARY,90,PEINTRE,True
MPAMBOLY MADINIKA (VARY),89,PETITS AGRICULTEURS (RIZ),True
JARDINIER,88,JARDINIER,True
MPIVAROTRA,88,VENDEUR,True
MIVAROTRA VARY,86,VENDRE DU RIZ,True
LA BONNE,86,LE BON,True
SAGE FEMME,85,SAUGE FEMELLE,True
MPIVAROTRA EPICERIE,84,ÉPICERIE,True
MPIVAROTRA KITAY,84,Négociant en bois,True
CHAUFFEUR BAJAJ,84,BAJAJ CHAUFFEUR,True
ASA VOLAMENA,84,TRAVAIL D'OR,True
MIVAROTRA LAMBA,84,VENTE DE TISSU,True
MPANJONO TRONDRO,84,PÊCHEUR,True
MPAMPIANATRA EPP,83,ENSEIGNANT PPE,True
MPANDRARY TSIHY,82,PEINTRE DE TAPIS,True
AIDE CHAUFFEUR,80,ASSISTANT CHAUFFEUR,True
MPIVAROTRA CHARBON,80,REVENDEURS DE CARBONE,True
MIVAROTRA KITAY,79,VENDRE DU BOIS DE CHAUFFAGE,True
SERVEUSE,79,SERVEUR,True
SARAKATSAHY,79,SARAKASATHY,True
MAMPIANATRA AMIN'NY EPP,78,ENSEIGNEMENT EN EPP,True
MPANJAITRA,78,TAILLEUR,True
MPIOMPY KISOA,78,ÉLEVEURS DE PORCS,True
MPITARIKA POSY,78,Un conducteur de pousse-pousse,True
MANAO TENINA,77,FAIRE DES MOTS,True
MIVAROTRA SAKAFO MASAKA,77,VENDRE DES ALIMENTS CUISINÉS,True
MPANAO TRANO,77,CONSTRUCTEURS DE MAISONS,True
MANARATO,77,PÊCHE,True
GARGOTTE,73,GARGOTTE,True
MPIASA TRANO,72,TRAVAILLEURS MÉNAGERS,True
AGENT DE SECURITE,71,AGENT DE SÉCURITÉ,True
MANAO CHARBON,71,FAIRE DU CARBONE,True
MITARIKA POSY,71,CONDUIRE UN Pousse-pousse,True
MPIASA AN-TRANO,71,TRAVAILLEURS DOMESTIQUE,True
MPANAMPY AN-TRANO,69,AIDE MENAGERE,True
MANIVA VOLAMENA,69,DÉFINIR L'OR,True
SECRETAIRE,68,SECRÉTAIRE,True
MANAO TRANO,68,CONSTRUIRE UNE MAISON,True
MPIVAROTRA ANANA,67,VENDEUR DE LÉGUMES,True
MPANAMPY,66,AUXILIAIRE,True
MPIVAROTRA VARY,65,VENDEUR DE RIZ,True
MPAMBOLY VOANEMBA,65,PRODUCTEUR DE POMMES DE TERRE,True
MPANJONO ANDRANOMASINA,65,PÊCHEUR EN MER,True
MPAMBOLY KATSAKA,64,PRODUCTEURS DE MAÏS,True
MANJAITRA,62,COUTURE,True
MAMBOLY VARY...,62,PLANTATION DE RIZ...,True
MANAO EPICERIE,62,CRÉER UN MAGASIN ÉPIQUE,True
DOKER,60,"ERREUR: the JSON object must be str, b",True
JOURNALIER,60,JOURNALISTE,True
MPIVAROTRA LAMBA,59,MARCHAND DE TISSUS,True
NAMBOLY VARY,59,RIZ PLANTÉ,True
MIVAROTRA FRIPERIE,58,VENTE DE FRITERIES,True
CHAUFFEUR TAXI BROUSSE,57,CHAUFFEUR DE TAXI À BRUXELLES,True
DEMARCHEUR,56,DEMARCHEUR,True
MPAMBOLY ANANA,56,PRODUCTEUR DE LÉGUMES,True
MPANDRAFITRA FANAKA,56,CHARPENTIER DE MEUBLES,True
MPANJONO AN-DRANOMASINA,56,PÊCHEUR EN MER,True
CHAUFFEUR CAMION,56,CHAUFFEUR DE CAMION,True
FIVAROTANA,55,VENTES,True
MAMBOLY TSARAMASO,54,CULTURE DU SUCRE,True
MIASA TANY,53,TRAVAIL SUR LA TERRAIN,True
MANJONO TRONDRO,53,PÊCHE,True
MPIVAROTRA VOAMAINA,53,Négociant en grains,True
ELECTRICIEN,53,ÉLECTRICIEN,True
MAMBOLY VARY SY KATSAKA,52,CULTURE DU RIZ ET DU MAÏS,True
KIBAROA,52,KIBARA,True
MATSAKA RANO,52,BEAUCOUP D'EAU,True
MANAMBOATRA TRANO,52,RÉPARER UNE MAISON,True
MPANAO CHARBON,51,FABRICANT DE CARBONE,True
MIAVA VARY,51,MIA VARIER,True
MPAMBOLY VARY SY KATSAKA,51,PRODUCTEURS DE RIZ ET DE MAÏS,True
MPIVAROTRA LEGUME,51,COMMERÇANTS DE LÉGUMES,True
MANJAITRA AKANJO,51,VÊTEMENTS DE COUTURE,True
MPANAMPY AN TRANO,50,AIDE À DOMICILE,True
MIVAROTRA HENA,50,VENDRE DE LA VIANDE,True
MAMBOLY VOMANGA,50,PLANTER DES POMMES DE TERRE,True
MANDRAFITRA TRANO,49,PLANIFIER UNE MAISON,True
MANAO SARAKA,49,SÉPARÉ,True
MAMBOLY OVY,49,PLANTER DES POMMES DE TERRE,True
MIVAROTRA VARY FOTSY,49,VENDRE DU RIZ BLANC,True
MANJAITRA LAMBA,48,COUDRE DES TISSUS,True
MPAMPIANATRA AMIN'NY EPP,48,ENSEIGNANT PPE,True
MPIVAROTRA SAKAFO MASAKA,48,REVENDEUR DE PRODUITS CUISINES,True
MPANAMPY ATRANO,47,ASSISTANT,True
MPAMBOLY MADINIKA,47,PETITS AGRICULTEURS,True
MAMBOLY GIROFLE,46,PLANTATION de clous de girofle,True
MAGASINIER,46,REVUE,True
MANAO SOUDURE,46,SOUDAGE,True
MANJONO ANDRANOMASINA,45,PÊCHE EN MER,True
MIVAROTRA RONONO,45,VENDRE DU LAIT,True
MPAMPIANATRA PRIMAIRE,45,ENSEIGNANT PRIMAIRE,True
MANAMPY NY VADINY MAMBOLY,45,IL AIDE LE MARI À PLANTER,True
MIVAROTRA MOFO,44,VENDRE DU PAIN,True
Mamboly vary,44,Planter du riz,True
MAMAKY VATO,44,LIRE LES PIERRES,True
MANAMBOATRA CHARBON,43,FABRICATION DE CHARBONE,True
MPAMAKY VATO,43,LECTEUR DE PIERRE,True
MPANAO SARAKATSAHA,43,DIFFÉRENTS TRAVAILLEURS,True
MIVAROTRA VOAMAINA,43,VENDRE DES GRAINS,True
CUISINIER,43,CUISINER,True
MPANAMBOATRA TRANO,42,CONSTRUCTEUR DE MAISON,True
MIHADY VATO,42,CREUSER DES PIERRES,True
MANAMPY MAMBOLY MANGAHAZO,42,AIDEZ À PLANTER DES ARBRES,True
MANAMBOATRA TOAKA GASY,42,FABRICATION D'ALCOOL GAZEUX,True
SARAKANTSAHA AMINY TOKANTRANO MARO2,42,2,True
PREPARATEUR DE FIBRE DE SISAL,42,PRÉPARATEUR DE FIBRE DE SISAL,True
MPANARATO,42,PÊCHEUR,True
MPABOLY VARY,41,RIZICULTEUR,True
PANJONO,41,PÊCHE,True
MAMBOLY CACAO,41,CULTURE DU CACAO,True
MANDRAFITRA,40,PLANIFICATION,True
MPANAMPY FIANAKAVIANA,40,AIDE FAMILIALE,True
MANAMBOATRA SARIBAO,40,FABRICATION DU CHARBON,True
POLICE,40,POLICE,True
MIVAROTRA CONFECTION,40,VENDRE DES CONFECTIONS,True
MPAMBOLY JIROFO,40,PRODUCTEUR DE CÉLÉBRATION,True
PASTEUR,39,PASTEUR,True
MIVAROTRA TRONDRO MAINA,39,VENTE DE POISSON SEC,True
MPAMPIANATRA @ EPP,39,ENSEIGNANTE @ EPP,True
CHAUFFEUR TAXI,39,CHAUFFEUR DE TAXI,True
MIASA VOLAMENA,39,TRAVAUX D'OR,True
MPAMPIANATRA SECONDAIRE,39,ENSEIGNANT SECONDAIRE,True
SARAKAN-TSAHA,39,CHAMPS SÉPARÉS,True
MACONS,39,Mâconnais,True
MPIKAPOKA VATO,39,BATEURS DE PIERRE,True
MIJINJA VARY,39,RÉCOLTE DU RIZ,True
MIASA AN-TRANO,39,TRAVAILLER À LA MAISON,True
SARAKA ATSAHA,39,SÉPARÉMENT,True
MIVAROTRA MOFO GASY,38,VENDRE DES CUISSES AU GAZ,True
MITONDRA POSY,38,CONDUIRE UN Pousse-pousse,True
MANAO SATROKA,38,PORTEZ UN CHAPEAU,True
MIVAROTRA LEGUMES,38,VENDRE DES LÉGUMES,True
MPIOMPY AKOHO,38,ÉLEVEURS DE POULET,True
MPIVAROTRA FRIPERIE,38,CONCESSIONNAIRE FRIEFIER,True
MPIVAROTRA RANO,38,REVENDEUR D'EAU,True
MPANOTRA,38,FOURNISSEURS,True
MANBOLY VARY,38,PLANTATION DE RIZ,True
MAMBOLY LEGUME,37,CULTIVER DES LÉGUMES,True
MIVAROTRA RAKETA,37,VENTE DE RAQUETTES,True
MAMBOLY VARY SY LAVANILA,37,CULTURE DU RIZ ET DE LA VANILLE,True
MANJONO TRONDRO ANDRANOMASINA,36,PÊCHE EN MER,True
MPANAO SARAKA AN-TSAHA,36,FABRICANT DE TERRAIN,True
MITONDRA CYCLO POUSSE,36,DRIVE CYCLO POUSSE,True
MIVAROTRA CAFE SY MOFO,36,VENDRE DU CAFÉ ET CUIRE,True
MANAMBOATRA TSIHY,36,FABRICATION DE TAPIS,True
MPANDRAFITRA,36,DESIGNER,True
MITOTO VARY,35,MOULER LE RIZ,True
MANERA AKOHO,35,MANÉRA DE POULET,True
FEMME DE CHAMBRE,35,DAME DE CHAMBRE,True
MPANTSAKA RANO,35,POMPE À EAU,True
MPITRANDRAKA VATO,35,MINEURS DE PIERRE,True
MIVAROTRA FRIPE,35,VENDRE DES FRITES,True
MPIOMPY OMBY,35,ÉLEVEURS DE BOVIN,True
MANDRAFITRA FANAKA,35,DISPOSITION DES MEUBLES,True
MIVAROTRA RANO,34,VENDRE DE L'EAU,True
MPAMBOLY LENTILLES,34,PRODUCTEURS DE LENTILLES,True
MAMBOLY BALAHAZO,34,PLANTER DES ARBRES,True
MPANERA,34,MEMBRE,True
MANAO SARAKASAHA,34,FAIRE LES DÉTAILS,True
MANETSA,34,TRICHERIE,True
MPIVAROTRA @ EPICERIE,34,VENDEUR @ EPICERIE,True
MITRANDRAKA VATO,34,PIERRES DE PLONGÉE,True
MPIVAROTRA TRONDRO FRITE,34,VENDEUR DE POISSON FRIT,True
MANAO SY MIVAROTRA CAFE SY MOFO,33,FABRIQUER ET VENDRE DU CAFÉ ET CUIRE,True
MANEFY VY,33,FER À FORGER,True
MPIVAROTRA CAFE SY MOFO,33,REVENDEUR DE CAFÉ ET BOULANGERIE,True
MIKARAMA MANETSA,33,EMBAUCHE MANETA,True
MPAMBOLY VARY SY MANGAHAZO,33,RIZICULTEURS ET PRODUCTEURS DE RIZ,True
MIASA KARIERA,33,CARRIÈRE PROFESSIONNELLE,True
MIVAROTRA TELEPHONE,32,VENDRE DES TÉLÉPHONES,True
MPAMBOLY LOJY,32,PRODUCTEUR D'HÉBERGEMENT,True
MAMBOLY BAGEDA,32,PLANTATION DE BAGÉDA,True
MIVAROTRA FRIPPE,32,VENDRE FRIPPE,True
MANAO SARANKATSAHA,32,FAIRE UN truc,True
NIAVA VARY,32,LE RIZ ÉTAIT CASSÉ,True
MITAONA HAZO,32,TIRER DU BOIS,True
MIVAROTRA LAMBA FRIPERIE,32,VENDRE DES TISSUS,True
KARAMAN'ANDRO,31,SALAIRE QUOTIDIEN,True
MIOMPY GANA,31,CANARDS D'ÉLEVAGE,True
MIKARAMA MANAO CHARBON,31,EMBAUCHE POUR FAIRE DU CHARBON,True
MIKARAMA MIKAPOBATO ENY @CARRIERE,30,EMBAUCHE MIKAPOBATO CHEZ @CARRIERE,True
MPATSAKA RANO,30,FORAGE À EAU,True
ASA ANTRANO,30,ŒUVRE DE CHARITÉ,True
MIVAROTRA AMIN'NY EPICERIE,30,VENDU CHEZ LES ÉPICERIES,True
MPAMPIANATRA PRESCOLAIRE,30,ENSEIGNANTE PRÉSCOLAIRE,True
MAMBOLY LEGUMES,30,CULTIVER DES LÉGUMES,True
CHAUFEUR,30,CONDUCTEUR,True
INFIRMIER,30,INFIRMIÈRE,True
MIVAROTRA AKOHO,30,VENDRE DU POULET,True
MIKARAMA MANASA LAMBA,30,LOCATION D'UNE LAVE-LINGE,True
MPIARAKANDRO,29,PROFESSEUR,True
VAROTRA,29,VENTES,True
MIKARAMA MAMBOLY,29,PLANTATION EN LOCATION,True
MPAMBOLY BALAHAZO,29,PRODUCTEUR D'ARBRES,True
VENDEUSE,29,VENDEUR,True
MANAO GARGOTTE,29,FAIRE UNE GARGOTTE,True
CHARPENTIER,29,MENUISIER,True
SARAKATSA,28,SÉPARÉ,True
CAISSIER,28,CAISSIER,True
maçon,28,maçon,True
MABOLY VARY,28,PLANTATION DE RIZ,True
CHAUFFEUR TAXI BE,28,GRAND CHAUFFEUR DE TAXI,True
MIHAZA,28,CHASSE,True
MAMBOLY LA VANILLE,27,CULTIVER LA VANILLE,True
DOKOTERA,27,MÉDECIN,True
AIDE VENDEUR,27,ASSISTANT VENDEUR,True
MANAO SY MIVAROTRA SAKAFO MASAKA,27,FABRIQUER ET VENDRE DES ALIMENTS CUISINÉS,True
MAMBOLY VARY ANATY RANO,27,CULTURE DU RIZ DANS L'EAU,True
MAMPIANATRA AMIN'NY CEG,27,ENSEIGNER AU CEG,True
Manao sarakantsaha,27,Faire une blague,True
MITAIZA ZAZA,27,Élever des enfants,True
MIOPY KISOA,27,ÉLEVEZ DES COCHONS,True
AGENT DE POLICE,27,AGENT DE POLICE,True
MIVAROTRA OMBY,27,VENDRE DU BÉTAIL,True
MPAMBOLY CACAO,27,LES PRODUCTEURS DE CACAO,True
CHEF ZAP,27,CHEF ZAP,True
MPIVAROTRA RAKETA,27,VENDEUR DE RAQUETTE,True
MPIHADY SAPHIRE,26,Creuseurs de saphir,True
MPANAO KIBAROA,26,UN CHARPENTIER,True
MIVAROTRA AM EPICERIE,26,VENDRE CHEZ EPICERS,True
MPAMPIANATRA AMIN EPP,26,ENSEIGNANT PPE,True
MANASALAMBA,26,BONNE CHANCE,True
SOUDEUR,26,SOUDEURS,True
MPAMPIANATRA AMIN'NY CEG,26,ENSEIGNANTE AU CEG,True
MIVAROTRA KAPA,25,VENDRE DES CHAUSSURES,True
MAMBOLY FARY,25,CULTURE DE LA CANNE À SUCRE,True
BOUCHER,25,BOUCHER,True
ASA AN-TRANO,24,DEVOIRS,True
MENAGERE,24,DIRECTEUR,True
MANAO SOBIKA,24,FAIRE UN PANIER,True
MANAO JOURNIER SARAKATSAHA,24,FAITES UN VOYAGE DIFFÉRENT,True
MPAMBOLY TSARAMASO,24,Producteurs de sucre,True
MPIKARAMA MIAVA,24,EMPLOYÉ SANS FIL,True
COIFFEUSE,24,COIFFEUR,True
MANAMBOATRA HARONA,24,FABRICATION DE PANIERES,True
MIVAROTRA ENTA-MADINIKA,24,VENDRE DES BIENS AU DÉTAIL,True
MAMBOLY TABOARA,24,PLANTATION DE TABUARA,True
MPANJAITRA LAMBA,24,TAILLEUR DE TISSU,True
RECEVEUR,24,RÉCEPTEUR,True
MIOMPY OMBY VAVY BE RONONO,23,Des vaches reproductrices avec beaucoup de lait,True
MIVAROTRA TOAKA GASY,23,ALCOOL VENDU,True
MPAMPIANATRA AMINY CEG,23,ENSEIGNANTE CEG,True
MPAMBOLY ANTSOROKO,23,AGRICULTEURS D'ÉPAULE,True
MPAMPIANATRA CEG,23,ENSEIGNANTE CEG,True
MIVAROTRA AKONDRO,23,VENDRE DES BANANES,True
MANAMPY MIKARAKARA LA VANILLE,23,AJOUTER LA VANILLE,True
MPANAO SOUDURE,23,SOUDEURS,True
MITARIKA POUSSE,23,PUSSE DE PLOMB,True
MANAO SARAKAN-TSAHA,23,FAIRE LA DIFFÉRENCE,True
MIVAROTRA PARAKY,23,VENDRE DU TABAC,True
INFORMATICIEN,23,IL,True
MPANEFY VY,22,FORGERON DE FER,True
PASITERA,22,PASTEUR,True
CHEF DE CHANTIER,22,CHEF DE SITE,True
MITONDRA BAJAJ,22,CONDUIRE UN BAJAJ,True
GUICHETIER,22,GUICHETIER,True
MPAMBOLY MADINIKA(VARY),22,PETITS AGRICULTEURS (RIZ),True
MPAHANDRO SAKAFO,22,CUISINER LES ALIMENTS,True
MAçONS,22,Maçons,True
CUISINIERE,22,CUISINER,True
MIVAROTRA SIRA,22,VENDRE DU SEL,True
COIFFURE,22,COIFFURE,True
MPAMBOLY VOMANGA,22,PRODUCTEUR DE POMMES DE TERRE,True
MIOMPY,21,RACE,True
POMPISTE,21,POMPISTE,True
MPIBATA ENTANA,21,TRANSPORTEUR DE MARCHANDISES,True
MPANJAITRA AKANJO,21,TAILLEUR DE VÊTEMENTS,True
MPANETY VOLO,21,COIFFEUR,True
MPIVAROTRA HANIMASAKA,21,VENDEUR POUR ACHETER,True
MIHADY SAPHIR,21,À LA RECHERCHE DU SAPHIR,True
MPANDRAFITRA TRANO,21,CONCEPTEUR DE MAISON,True
MAMBOLY PARAKY,21,CULTURE DU TABAC,True
MIOMPY SY MIVAROTRA AKOHO,21,ÉLEVAGE ET VENTE DE POULET,True
MANOEUVRE BATIMENT,21,MANŒUVRE BATIMENT,True
MPANASA LAMBAN'OLONA,21,LAVE-LINGE POPULAIRE,True
MANAMBOATRA FASANA,21,RÉPARER UN CIMETIÈRE,True
MIVAROTRA HANIMASAKA,21,VENDRE POUR ACHETER,True
MPANAO MOFO,21,MACHINE À PÂTISSERIE,True
MPIVAROTRA TOAKA GASY,21,REVENDEUR D'ALCOOL GAZ,True
MPAMBOLY FARY,21,PRODUCTEURS DE CANNE À SUCRE,True
FAMBOLENA MANGAHAZO,21,PLANTATION DE BOIS,True
TAXI MOTO,21,MOTO-TAXI,True
MPIVAROTRA MOFO,21,VENDEUR DE PÂTE,True
MPAMPIANATRA FRAM,20,ENSEIGNANT FRAM,True
MIOMPY AKOHO GASY,20,ÉLEVAGE DE POULET AU GAZ,True
MPITONDRA POSY,20,conducteur de pousse-pousse,True
MIOPY OMBY,20,ÉLEVAGE DE VACHES,True
"FAMBOLENA TSAKO,VOATANGO",20,"PLANTATION DE LÉGUMES, RÉCUPÉRÉS",True
MANAMPY FIANAKAVIANA,20,AIDE LA FAMILLE,True
MANARATO TRONDRO,20,PÊCHE,True
FIOMPIANA,20,AGRICULTURE,True
MPAPIANATRA,20,PROFESSEUR,True
MANDRARY HARONA,20,LE PANIER FAIT MAL,True
ADJOINT FOKOTANY,20,DÉPARTEMENT ADJOINT,True
fambolena,20,agriculture,True
MPIVAROTRA CAFE,20,VENDEUR DE CAFÉ,True
MAMBOLY VOATABIA,20,PLANTATION DE TOMATES,True
MIBATA ENTANA,20,TRANSPORTER DES MARCHANDISES,True
DOCTEUR,19,MÉDECIN,True
MANDRARY SOBIKA,19,DOULEUR À L'ÉPAULE,True
MPAMBOLY MADINIKA FA MANAMPY NY VADINY,19,UN PETIT AGRICULTEUR QUI AIDE SA FEMME,True
MANAO JOURNEE,19,FAIRE UN VOYAGE,True
MITRANDRAKA SY MIVAROTRA VOLAMENA,19,EXTRAIT ET VENTE DE L'OR,True
SARAKA,19,SÉPARÉ,True
MAMBOLY VARY SY BALAHAZO,19,CULTURE DU RIZ ET BARBIER,True
MAKA RANO,19,OBTENIR DE L'EAU,True
MPANAO SARAK'ANTSAHA,19,FABRICANT INDÉPENDANT,True
MAMBOATRA FIBRE LALOASY,19,PRODUCTION DE FIBRES DE SALADE,True
MPIVARO-KENA,19,BOUCHER,True
MANAMPY MAMBOLY VANILLE,19,AIDEZ À CULTIVER LA VANILLE,True
MPITOTO VARY,19,MOULIN À RIZ,True
MIVAROTRA AKOHO VELONA,19,POULET VIVANT À VENDRE,True
MPAMAFA TRANO,19,ESSUIE-GLACE MAISON,True
FIOMPIANA KISOA,19,ÉLEVAGE DE PORCS,True
MIVAROTRA TRONDRO ENDASINA,19,VENDRE DU POISSON FRIT,True
MIOPY AKOHO,19,ÉLEVER LE POULET,True
MPANAMBOATRA FIBRE FANAMBOARANA TADY,18,FABRICANT DE CORDES DE RÉPARATION EN FIBRES,True
MPITARIKA POUSSE,18,CHEF DE POUSSE,True
MPIVAROTRA BOZAKA,18,REVENDEUR D'HERBE,True
MITATITRA RANO,18,RAPPORT EAU,True
MAMBOLY HARICOT VERT,18,PLANTATION HARICOT VERT,True
MPIVAROTRA KAFE SY MOFO,18,REVENDEUR DE CAFÉ ET BOULANGERIE,True
MIVAROTRA KIRARO,18,VENDRE DES CHAUSSURES,True
EPI-BAR,18,EPI-BAR,True
MPAMBOLY JOROFO,18,UN PRODUCTEUR DE MAÏS,True
GENDARMERIE,18,GENDARMERIE,True
MANOSIKA VARAMBA,18,POUSSER LA PORTE,True
PREPARATEUR DE SISAL,18,PRÉPARATEUR DE SISAL,True
MANOEUVRE MACON,18,MANŒUVRE À MACON,True
MAçon,17,MAÇON,True
OMBIASA,17,OMBIASA,True
MPANIVANA VOLAMENA,17,PLONGEURS D'OR,True
MANJONO AN-DRANOMASINA,17,PÊCHE EN MER,True
MPAMPIDITRA HIRA,17,ANIMATEUR DE CHANSON,True
MPANAO HANIMASAKA,17,FABRICANT HANIMASKA,True
MPANARATO TRONDRO,17,PÊCHEUR,True
GARDIENAGE,17,JARDINAGE,True
MIVAROTRA SACHET,17,VENTE DE SACHETS,True
INFIRMIERE,17,INFIRMIÈRE,True
MIVAROTRA MOFO AKONDRO,17,VENDRE DU PAIN À LA BANANE,True
MIVAROTRA KAFE SY MOFO,17,VENDRE DU CAFÉ ET CUIRE,True
MPITONDRA CYCLO POUSSE,17,POUSSE CYCLISTE,True
"NAMBOLY VARY,KATSAKA,VOMANGA,POMA",17,"RIZ, MAÏS, POMMES DE TERRE, POMMES PLANTÉS",True
MIVAROTRA COMPOSE,17,VENTE DE COMPOSÉS,True
MPIVAROTRA YAOURT,17,VENDEUR DE YAOURT,True
MPAMBOLY LEGUME,17,PRODUCTEUR DE LÉGUMES,True
MPIVAROTRA TELEPHONE,17,REVENDEUR DE TÉLÉPHONE,True
VENDEUR,17,FOURNISSEUR,True
MIHADY VOLAMENA,17,À LA RECHERCHE DE L'OR,True
DEUXIEME ADJOIN AU MAIRE,17,DEUXIEME ADJOIN AU MAIRE,True
PLOMBIER,17,PLOMBIER,True
GERANT,16,GARANTIE,True
MPIVAROTRA VOANKAZO,16,VENDEUR DE LÉGUMES,True
MANAO MOFO GASY,16,FAIRE DES CUISSON AU GAZ,True
MIASA AN TRANO,16,TRAVAILLER À LA MAISON,True
MPANAO SARANKATSAHA,16,FABRICANT PROFESSIONNEL,True
MIASATRANO,16,TRAVAIL,True
LIVREUR,16,BIBLIOTHÈQUE,True
MPAMBOLY ANTSOROROKA,16,AGRICULTEURS D'ÉPAULE,True
PANAMPY ANTRANO,16,ASSISTANCE,True
MIKARAMA MANAO TOKA,16,LOCATION POUR EN FAIRE UN,True
MAMBOLY SY MIOMPY,16,PLANTATION ET ÉLEVAGE,True
SARAKANTSAHA NA KIBAROA,16,SARAKANTASAHA OU KIBORA,True
MIVAROTRA VORONA,16,VENDRE DES OISEAUX,True
MAMBOLY VARY SY VOANJOBORY,16,CULTURE DU RIZ ET DU MAÏS,True
MPAMPIANATRA AMBARATONGA VOALOHANY,16,ENSEIGNANT PRIMAIRE,True
MIVAROTRA FRIPY,16,VENDRE DES PUCES,True
MANEOUVRE AGRICOLLE,16,MANŒUVRE AGRICOLE,True
MANJAITRA KIRARO,16,CHAUSSURES À COUDRE,True
MIVAROTRA ENTANA MADINIKA,16,VENDRE DES BIENS AU DÉTAIL,True
MPAMBOLY VARY SY VOANJO,16,PRODUCTEURS DE RIZ ET DE MAÏS,True
MANAMPY MAMBOLY,16,AIDE À PLANTER,True
SARANKANTSAHA,16,PRINCIPAL,True
OPERATEUR DE SAISIE,16,OPÉRATEUR DE SAISIE,True
TECHNICIEN,16,TECHNICIEN,True
MAMBOLY TSAKO SY KABARO,16,CULTURE DE LÉGUMES ET KABARO,True
AIDE MACON,16,AIDE MACON,True
MITARIKA SARETY,16,TRAÎNE UN WAGON,True
MAMBOLY BALAHAZO SY VOANJO,16,SACS DE CULTURE ET ARACHIDES,True
MPANJONO FILAO AN-DRANOMASINA,15,PÊCHE EN MER,True
MANAO SY MIVAROTRA MOFO,15,FABRIQUER ET VENDRE DU PAIN,True
MPIVAROTRA KIRARO,15,REVENDEUR DE CHAUSSURES,True
MABOLY MANGAHAZO,15,CULTURE DES PLANTES,True
MIVAROTRA VOANJO,15,VENDRE DES ARACHIDES,True
MANAMPY ANTRANO,15,PORTION,True
MANOEUVRE TRANO,15,MAISON DE MANŒUVRE,True
MIKARAKARA TOKATRANO,15,CHERCHE UNE MAISON,True
MPANAMPY FIANAKAVIANA MAMBOLY VARY,15,AIDE FAMILIALE PLANTANT DU RIZ,True
MIVAROTRA QUINCAILLERIE,15,QUINCAILLERIE À VENDRE,True
MPANDRARY TSIHY SY HARONA,15,FABRICANTS DE TAPIS ET DE PANIERS,True
PRODUCTEUR DU PEPINIERE,15,PRODUCTEUR DE PÉPINIÈRE,True
MPANAMBOATRA TOAKA GASY,15,FABRICANT DE GAZ ALCOOL,True
MECANICIEN MOTO,15,MÉCANICIEN MOTO,True
MPIVAROTRA AMIN'NY EPICERIE,15,REVENDEUR EN ÉPICÉRIES,True
MANAO FANAKA,15,FAIRE DES MEUBLES,True
TECHNICIEN AGRICOLE,15,TECHNICIEN AGRICOLE,True
MAMBOLY VARY MANGAHAZO VOMANGA,15,PLANTATION DE POMMES DE TERRE POUR LA CULTURE DU RIZ,True
MPANJONO TRONDRO ANDRANOMASINA,15,PÊCHE EN MER,True
MPIOMPY AKOHO AMAM-BORONA,15,ÉLEVEURS DE POULET À LA VOLAILLE,True
MAMBOATRA TRANO,15,CONSTRUIRE UNE MAISON,True
SASA LAMBA,15,LAVAGE DES VÊTEMENTS,True
MPAMBOLY JIROFO SY VANILLE,15,PRODUCTEURS DE CARVANCE ET DE VANILLE,True
MPIVAROTRA AKOHO,15,VENDEUR DE POULET,True
MIVAROTRA TRAKA,15,VENDRE DES PISTES,True
MITONDRA CYCLOPOUSSE,15,CONDUIRE UN CYCLOPOUSE,True
MIVAROTRA ENTA MADINIKA,15,VENDRE DES BIENS AU DÉTAIL,True
MANAMBOATRA YAOURT,15,FAIRE DU YAOURT,True
REPARATEUR TELEPHONE,15,RÉPARATION DE TÉLÉPHONE,True
MPANASALAMBA,15,SALVATORE,True
MPIVAROTRA LASOPY,15,VENDEUR DE SOUPE,True
MPAMBOLY LEGUMES,15,PRODUCTEUR DE LÉGUMES,True
MAMBOLY VOANJOBORY,15,PLANT DU MAÏS,True
MANAMBOATRA TOAKA,15,FABRICATION D'ALCOOL,True
MIGOZA FIBRE SISAL,15,RUPTURE DE FIBRE DE SISAL,True
MITSANDRAKA VOLAMENA,15,ESSAYEZ L'OR,True
MPIVAROTRA SAKOA,15,VENDEUR DE CHICAGO,True
MPIVAROTRA COMPOSE,15,REVENDEURS DE COMPOSITES,True
PAMBOLY VARY,14,RIZICULTEURS,True
MIVAROTRA RAOKANDRO,14,VENDRE DES HERBES,True
MPITANDRO FILAMINANA,14,AGENT DE LA PAIX,True
MAMPIANATRA FRAM,14,CADRE D'ENSEIGNEMENT,True
CAISSIERE,14,CAISSIER,True
MANAMBOATRA MOFO SY CAFE,14,FAIRE DU PAIN ET DU CAFÉ,True
MIVAROTRA FRIP,14,VENDRE FRIP,True
MIARAKANDRO OMBY,14,VÊTEMENTS DE VACHE,True
PAMBOLY MANGAHAZO,14,AGRICULTEURS DE JARDIN,True
MAMBOLY TONGOLO GASY,14,USINES À GAZ EN CROISSANCE,True
MIVIDY SY MIVAROTRA OSY VELONA,14,ACHETER ET VENDRE DES CHÈVRES VIVANTES,True
MITONDRA TUC TUC,14,CONDUIRE UN TUC TUC,True
MPITSARA,14,JUGE,True
MAMPIANATRA AMIN'NY LYCEE,14,ENSEIGNEMENT AU LYCEE,True
MACON MPANAO TRANO,14,CONSTRUCTEURS Mâconnais,True
PEINTRE,14,PEINTRE,True
MPIVAROTRA CONFECTION,14,REVENDEUR DE CONFISERIE,True
MPANDRAFITRA HAZO,14,CHARPENTIER EN BOIS,True
MPIANTOKA POMME,14,ASSUREUR DE POMMES DE TERRE,True
MPAMBOATRA CHARBON,14,FABRICANT DE CARBONE,True
"MPAMBOLY VARY,KATSAKA,MANGAHAZO",14,"PRODUCTEUR DE RIZ, MAÏS, JARDIN",True
MANDRAFITRA FANAKA VITA @ HAZO,14,CONCEPTION DE MEUBLES EN BOIS,True
MIVAROTRA PLANCHE,14,PLANCHES À VENDRE,True
MACHON,14,MACHON,True
MPIVAROTRA PPN,14,VENDEUR DE PPN,True
MPANJONO TRONDRO AN-DRANOMAMY,14,PÊCHEUR D'EAU DOUCE,True
MIVAROTRA POKETRA,14,VENTE DE SACS À MAIN,True
MANDRARY SY MIVAROTRA TSIHY,14,MALADE ET VENDRE DES TAPIS,True
MIVAROTRA FRIPPERIE,14,VENDRE FRIPPERIE,True
MPIVAROTRA TRAKA,14,CONCESSIONNAIRE DE CAMIONS,True
MIOMPY TRONDRO,14,AQUACULTURE,True
KARAMAINA MANAMBOATRA CHARBON,14,SALAIRE DANS LA FABRICATION DE CHARBONE,True
MAMBOLY VARY MANGAHAZO SNS,14,PLANTER DU RIZ POUR CULTIVER DU SNS,True
MIVAROTRA SARIBAO,14,VENDRE DU CHARBON,True
MPAMBOLY GIROFLE,14,PETITE AMIE PRODUCTEUR,True
MPITONDRA BAJAJ,14,CONDUCTEUR BAJAJ,True
MITATITRA ENTANA,14,DÉCLARATION DE MARCHANDISES,True
SARAKATRAHA,13,SARAKATRAHA,True
MITSIMPONA KARETSIKA,13,RÉCUPÉREZ NOS VOITURES,True
MPIAVA TANIMBOLY,13,VOYAGEUR DE JARDIN,True
MPIHADY SAFIRA,13,Creuseurs de saphir,True
MANADIO TANANA,13,NETTOYEZ VOS MAINS,True
MANAO BAR,13,FAIRE UNE BARRE,True
MPANAO SARAKATSA,13,FABRICANT INDIVIDUEL,True
"MAMBOLY VARY,KATSAKA",13,"CULTURE DU RIZ, DU MAÏS",True
MANASA LAMBAN'OLONA,13,LAVAGE DES VÊTEMENTS DES GENS,True
"MPAMBOLY VARY, MANGAHAZO",13,"RIZICULTEURS, RÉCOLTEUR",True
MPANDOKO TRANO,13,PEINTRE EN MAISON,True
MITSIMPONA TSAKAFOKA,13,Cueillette de nourriture,True
SASALAMBA,13,BONNE CHANCE,True
MITRANDRAKA SAFIRA,13,SAPHIR MINIER,True
MIKARAMA MANETSA VARY,13,CUISEUR À RIZ EN LOCATION,True
MAMBOLY PETIT POIS,13,PLANTE PETIT POIS,True
OUVRAGE METALIQUE,13,TRAVAUX METALLIQUES,True
CASH POINT,13,POINTE D'ARGENT,True
MANAMPY MIVAROTRA,13,AIDE À VENDRE,True
MPANAO SARAK'ATSAHA,13,DIFFÉRENTS FABRICANTS,True
MECANICIEN AUTOMOBILE,13,MÉCANICIEN AUTOMOBILE,True
BARMAN,13,BARMAN,True
MITAONA BIRIKY,13,CONSTRUIRE DES BRIQUES,True
MPANAMBOATRA CHARBON,13,FABRICANT DE CARBONE,True
CHAUFFEUR TAXIBROUSSE,13,CHAUFFEUR DE TAXI BRUXELLES,True
MAMBOATRA TOAKA,13,FABRICATION D'ALCOOL,True
MEDECIN GENERALISTE,13,MÉDECINE GÉNÉRALE,True
MPIVAROTRA VARY FOTSY,13,VENDEUR DE RIZ BLANC,True
MANAO CASH POINT,13,FAIRE DES CASH POINTS,True
MPANAMPY AO ANTRANO,13,AIDE À DOMICILE,True
MANAO SARAK'ANTSAHY,13,FAIRE DES DEMI-ROBES,True
MPITSABO NENTIMPAHARAZANA,13,MÉDECIN EXPÉRIMENTÉ,True
AGENT PENITENTIAIRE,13,AGENT PÉNITENCIAIRE,True
CHAUFEUR TAXI BE,13,GRAND CHAUFFEUR DE TAXI,True
MPANAO SARAKASAHA,13,GÉRANT INDIVIDUEL,True
FITRANDRAHANA VOLAMENA,13,Exploitation minière de l'or,True
PITATITRA TOAKA,13,RAPPORT D'ALCOOL,True
MIVAROTRA KATSAKA,13,VENDRE DU MAÏS,True
MANOEUVRE BTP,13,MANŒUVRE BTP,True
PECHEUR,13,PÊCHEUR,True
MIVAROTRA TRONDRO MANDEHANDEHA,13,VENDRE DU POISSON EN VOYAGE,True
MPIVAROTRA PARAKY,13,REVENDEUR DE TABAC,True
MPIVAROTRA KATY,13,KATHY CONCESSIONNAIRE,True
TRESSE DES NATTES,12,TRESSE DES NATTES,True
MIADY FATSAKANA,12,BIEN COMBATTRE,True
MPAMBOLY VOAGNEMBA,12,AGRICULTEURS DE VOAGNEMBA,True
MPISIVANA VOLAMENA,12,FILTRE DORÉ,True
MPIVAROTRA PARAKY GASY,12,REVENDEUR DE TABAC À GAZ,True
MIVAROTRA JUS SY CLARNETTE,12,VENDRE JUS ET CLARNETTE,True
MPIVAROTRA HENA,12,COMMERÇANTS DE VIANDE,True
FIASANA TANY,12,TRAVAIL DU TERRAIN,True
MITSIPONA KABARO,12,MISPONA KABARO,True
MPANAMOATRA FANAKA,12,FABRICANT DE MEUBLES,True
MPANAO SARIBAO,12,FABRICANT DE CHARBON,True
AGENT COMMERCIAL,12,AGENT COMMERCIAL,True
MPITONDRA SARETY,12,CONDUCTEUR DE WAGON,True
SOUDURE,12,SOUDAGE,True
MENUISIER,12,MENUISEUR,True
MAMPIANATRA AMBARATONGA VOALOHANY,12,ENSEIGNEMENT PREMIER DIPLÔMÉ,True
MAMPIANATRA AMIN'NY AMBARATONGA VOALOHANY,12,ENSEIGNEMENT AU PREMIER NIVEAU,True
MIVAROTRA VOATABIA,12,VENDRE DES TOMATES,True
MIVAROTRA TRONDRO LENA,12,VENDRE DU POISSON HUMIDE,True
MPANJONO AN-DRANOMAMY,12,PÊCHEUR D'EAU DOUCE,True
MAMBOLY VARY SY FARY,12,CULTURE DU RIZ ET DU SUCRE,True
MAMBOLY SY MIVAROTRA VANILLE,12,CULTURE ET VENTE DE VANILLE,True
MIVAROTRA LAMBA CONFECTION,12,VENTE DE TISSUS DE CONFECTION,True
COMMERCIAL,12,COMMERCIAL,True
MANAO SARAKATSA,12,FAIRE QUELQUE CHOSE,True
COLLECTEUR VANILLE,12,COLLECTEUR DE VANILLE,True
MANETSA VARY,12,CUISSON DU RIZ,True
MIVAROTRA FANAKA,12,MEUBLES À VENDRE,True
ENSEIGNANT,12,PROFESSEUR,True
CHAUFFEUR TAXI MOTO,12,CHAUFFEUR DE TAXI MOTO,True
MIVAROTRA PARAKY GASY,12,VENTE DE GAZ DE TABAC,True
MPIVAROTRA ENTAMADINIKA,12,ÉPICERIE,True
AIDE MENAGERE,12,DIRECTEUR ADJOINT,True
MIANDRY 0MBY,12,EN ATTENDANT PLUS,True
MAMBOLY BALAHAZO SY KATSAKA,12,CULTURE DU BOIS ET DU MAÏS,True
MPITONDRA FIVAVAHANA,12,DIRIGEANTS RELIGIONS,True
MPIVAROTRA CONFITURE,12,REVENDEURS CONFIRMÉS,True
MAMBOLY TOMATE,12,PLANTATION DE TOMATES,True
MPIVAROTRA LAMBA FRIPERIE,12,MARCHAND DE TISSUS,True
MPAMBOLY MADINIKA (ovy),12,PETITS AGRICULTEURS (pommes de terre),True
MANEFY VOLAMENA,12,GAGNER L'OR,True
Mamboly vary sy katsaka,12,Cultivez du riz et du maïs,True
OUVRIER AGRICOLE,12,OUVRIER AGRICOLE,True
CHAUFFEUR SERVICE PATRON,12,CHAUFFEUR DE SERVICE PATRON,True
FAMPIANARANA,12,ÉDUCATION,True
MANAO TSIHY,12,FAIRE UN TAPIS,True
MITARIKA POSSY,12,Diriger un possy,True
MAMBOLY JOROFO,12,CORNE DE PLANTATION,True
MIVAROTRA HAZO,12,VENDRE DU BOIS,True
PANAMPY TRANO,12,ACCESSOIRES MAISON,True
FIVAROTANA KITAY,12,MAGASIN DE BOIS DE CHAUFFAGE,True
MANAMBOATRA SOBIKA,12,RÉPARER UN PANIER,True
MIVAROTRA KAFE MANDEHANDEHA,12,VENDRE DU CAFÉ EN DÉPLACEMENT,True
MPAMPIANATRA AMIN NY EPP,12,ENSEIGNANT PPE,True
MANAO SARA-KATSAHA,12,FAIRE SARA-KATSAHA,True
COMMISSIONNAIRE,12,COMMISSAIRE,True
Manjono trondro andranomasina,12,Pêche en mer,True
AIDE BOUCHERS,12,AIDE BOUCHERS,True
MPITATITRA ENTANA,12,TRANSPORTEUR DE FRET,True
MPIVAROTRA FRIPE,12,REVENDEUR FRIP,True
MPAMILY FIARA,12,CONDUCTEUR DE VOITURE,True
MPIVAROTRA LAMBA CONFECTION,12,REVENDEUR DE TISSUS DE CONFECTION,True
MANOTRA,12,MASSAGE,True
ELECTRICIEN BATIMENT,12,ÉLECTRICIEN DU BÂTIMENT,True
Mamboly vary sy Akondro,12,Planter du riz et des bananes,True
MIKARAMA MAMBOLY VOMANGA,12,CULTURE DE POMMES DE TERRE À LOCATION,True
CONDUCTEUR BICYCLETTE,12,CONDUCTEUR DE VÉLO,True
MIVAROTRA YAOURT,12,VENDRE DU YAOURT,True
MPANARATO TRONDRO AN-DRANOMASINA,12,PÊCHEUR EN MER,True
POLICE NATIONAL,12,POLICE NATIONALE,True
MPITSABO,12,MÉDECIN,True
MIVAROTRA KATY,12,À VENDRE,True
MAKA RANON OLONA,12,OBTENEZ DE L'EAU HUMAINE,True
NIAVA VOANJO,12,LE NOYER A ÉTÉ CASSÉ,True
MIOMPY POULET DE CHAIRE,12,POULET CHAISE DE RACE,True
AIDE BOUCHER,12,AIDE BOUCHER,True
MIVAROTRA FOTSIMBARY,12,VENTE DU VENDREDI,True
"MAMBOLY VARY,VOASARY,SAKOA,AKONDRO",12,"CULTURE DU RIZ, CONCOMBRE, CHICAGO, BANANES",True
MIVAROTRA GLACE,12,VENDRE DE GLACE,True
FAMBOLENA VANILLE,12,PLANTATION DE VANILLE,True
REVENDEUR DE TOAKA GASY,12,REVENDEUR D'ALCOOL GAZ,True
MAMBOLY LA VANILLE SY VARY,12,CULTIVEZ LA VANILLE ET LE RIZ,True
MIAVA MANGAHAZO,12,VENEZ LE RÉCUPÉRER,True
MPIVAROTRA AKONDRO,12,VENDEUR DE BANANE,True
KARAKATSAHA,12,DESSIN,True
DÖKERA,12,MÉDECIN,True
MANJONO HAZANDRANOMAMY,12,PÊCHE DU POISSON DOUX,True
MIKAPOKA VATO,12,FRAPPER UNE PIERRE,True
MANAMBOATRA SY MIVAROTRA LASOPY,12,FABRICATION ET VENTE DE SOUPE,True
MANAMBOATRA SY MIVAROTRA MOFO SY KAFE,12,FABRIQUER ET VENDRE DU PAIN ET DU CAFÉ,True
MANAMBOATRA SY MIVAROTRA KAFE SY MOFO,12,FABRIQUER ET VENDRE DU CAFÉ ET DU PAIN,True
CHAUFFEUR TAXI-BROUSSE,12,CHAUFFEUR DE TAXI À BRUXELLES,True
MAMBOLY KAJAHA,12,PLANTATION DE KAJAHA,True
MPANDISA VATO,12,COUPE-PIERRE,True
MPITSABO NENTIPAHARAZANA,12,MÉDECIN PRATIQUE,True
MIVAROTRA FIA ANDRANOMASINA,12,VOITURES ANDRANOSINAM À VENDRE,True
MPIANTOKA AKOHO,12,ASSUREUR DU POULET,True
MIVAROTRA ENTAMADINIKA,12,VENDRE DES PRODUITS D'ÉPICERIE,True
"MAMBOLY VOANJO,TSIASISA,BALAHAZO",12,"PLANTATION D'ARACHIDES, POMMES DE TERRE, BALAJAS",True
MANAO MOFO SY CAFE,11,FAIRE DU PAIN ET DU CAFÉ,True
MPAMBOLY PARAKY,11,LES PRODUCTEURS DE TABAC,True
MANOEUVRE DE BATIMENT,11,MANŒUVRE DE CONSTRUCTION,True
SARAKATSAHA MIJINJA VARY,11,SARAKATSAHA RÉCOLTE DU RIZ,True
CHAUFFEUR VOITURE PRIVE/CHAUFFEUR@ KARANY,11,CHAUFFEUR DE VÉHICULE PRIVÉ/CHAUFFEUR @ CASH,True
AIDE MECANICIEN,11,ASSISTANT MÉCANICIEN,True
MPIVAROTRA HANINA MASAKA,11,REVENDEUR DE PRODUITS CUISINES,True
MAMBOATRA CHARBON,11,FABRICATION DU CARBONE,True
MIOMPY POULET DE CHAIR,11,CHAISE DE FERME POULET,True
MITONDRA POUSSE,11,Apportez un coup de pouce,True
CUISINER,11,CUISINER,True
MIVAROTRA POULET DE CHAIRE,11,POULET SUR CHAISE À VENDRE,True
MIVARO BARY,11,ACHETER DU BLÉ,True
MAMBOLY VARY MADINIKA,11,CULTURE DE PETIT RIZ,True
COLLECTEUR DE VANILLE,11,COLLECTIONNEUR DE VANILLE,True
MANAO DOKERA,11,MÉDECIN,True
MAMBOLY VARY KATSAKA,11,PLANTATION DE RIZ,True
CALL CENTER,11,CENTRE D'APPELS,True
MANOTRA OLONA,11,PERSONNES DE MASSAGE,True
MIKARAMA MANAO TRANO,11,LOCATION POUR CONSTRUIRE UNE MAISON,True
CONSEILLER CLIENT,11,CONSEILLER CLIENTÈLE,True
CHAUFFEUR BUS,11,CHAUFFEUR D'AUTOBUS,True
MAMPIANATRA @ EPP,11,ENSEIGNEMENT @ EPP,True
COUPEUSE SISAL,11,COUPEUSE SISAL,True
MAMBOLY PETSAY,11,PLANTATION DE PETSAY,True
MPITORY NY FILAZANTSARA,11,PRÉDICATEUR DE L'ÉVANGILE,True
MPIVAROTRA DITE SY MOFO,11,REVENDEUR DE THÉ ET DE Pâtisseries,True
MPAMPIANATRA AMIN'NY LYCEE,11,PROFESSEUR DE LYCÉE,True
MAMBOLY OVY MADINIKA,11,CULTURE DE PETITES POMMES DE TERRE,True
MAMBOLY VARY SY TSARAMASO,11,CULTURE DU RIZ ET DU SUCRE,True
MPIVAROTRA MANGAHAZO,11,VENDEUR RECHERCHÉ,True
MIVAROTRA FOURNITURE DE BUREAU,11,VENTE DE MOBILIER DE BUREAU,True
MAMBOLY KATY,11,PLANTATION DE KATY,True
MPIVAROTRA LETCHI,11,VENDEUR LETCHI,True
MIVAROTRA ENTA-MAJINIKA,11,VENTE D'ÉQUIPEMENT MÉCANIQUE,True
MPIOMPY AKOHO AMAMBORONA,11,ÉLEVEURS DE POULET,True
MIVAROTRA MOFO SY CAFE,11,VENDRE DU PAIN ET DU CAFÉ,True
MAMBOLY JIROFO SY VANILLE,11,CULTIVER CARVANCE ET VANILLE,True
MPAMBOLY KABARO,11,AGRICULTEUR KABARO,True
MPITARIKA POSSY,11,CHEF DE POSSY,True
MPAMPIANATRA LYCEE,11,PROFESSEUR DE LYCÉE,True
MPAMBOLY VARY SY LEGUMES,11,PRODUCTEURS DE RIZ ET DE LÉGUMES,True
"NAMBOLY VARY,KATSAKA,VOMANGA,OVY,POMA",11,"RIZ PLANTÉ, MAÏS, POMMES DE TERRE, POMMES DE TERRE, POMMES",True
NANAMPY NY TOKANTRANO NAMBOLY,11,IL A AIDÉ LA PLANTE MÉNAGÈRE,True
MBAMBOLY VARY,11,CULTURE DU RIZ,True
MIKARAMA MIASA TANY,11,Embauche pour travailler sur la terre,True
MPANERA CHARBON,11,PRESSE À CARBONE,True
MPINTRANDRAKA VATO,11,MINEURS DE PIERRE,True
MPAMBOLY SY MPIOMPY,11,AGRICULTEURS ET ÉLEVEURS,True
DEMARCHEUR SAPHIR,11,SAPHIR DEMARCHEUR,True
BOULANGERIE,11,BOULANGERIE,True
FAMBOLENA FARY,10,PLANTATION DE SUCRE,True
MANAO KIBAROA,10,FAIRE DES ENFANTS,True
MAINTENANCE,10,ENTRETIEN,True
AIDE MENAGE,10,AIDE MENAGERE,True
RECEPTIONNISTE,10,RÉCEPTIONNISTE,True
MPIVAROTRA TOAKA,10,Marchand d'alcool,True
MPITATITRA PAOMA AMIN'NY SARETIN'OMBY,10,PORTEUR DE POMMES PAR OX WAGON,True
AGENT DE CREDIT,10,AGENT DE CRÉDIT,True
MIVAROTRA PARAKY KOSOKA,10,VENDRE DU TABAC BROYÉ,True
MPANETY,10,Coiffeur,True
COIFFEUR,10,COIFFEUR,True
DEPANNEUR ELECTRONIQUE,10,DÉPANNAGE ÉLECTRONIQUE,True
MPITONDRA POUSSY,10,CHAUFFEUR D'AUTOBUS,True
MIVAROTRA KOBA VARY,10,VENDRE DE LA FARINE DE RIZ,True
MANAMBOATRA HUILE ESSENTIELLE,10,FABRIQUER DES HUILES ESSENTIELLES,True
MIVAROTRA TOMATE,10,VENDRE DES TOMATES,True
MANAMBOATRA JIRO KAPOAKA,10,FAIRE DES LUMIÈRES DE CANETTES,True
CONSEILLER PEDAGOGIQUE,10,CONSEILLER PÉDAGOGIQUE,True
MPIVAROTRA GARGOTTE,10,CONCESSIONNAIRE GARGOTTES,True
MAMBOLY TSAKO,10,CULTURE DE LÉGUMES,True
MPANIVA VOLAMENA,10,PLONGEURS D'OR,True
MIVAROTRA MOFO MENAKA,10,VENDRE DU PAIN AU BEURRE,True
MANJONO ANDRANOMAMY,10,PÊCHE À L'ANDRANOMAMIE,True
MANAO MOFO CROISSANT,10,FAIRE DU PAIN CROISSANT,True
MPANABE,10,PROFESSEUR,True
MANAMBOATRA SY MIVAROTRA MOFO,10,FABRICATION ET VENTE DE PAIN,True
MANAMBOATRA BICYCLETTE,10,RÉPARATION DE VÉLOS,True
MPANERA TRANO SY TANY ARY ENTANA,10,"CONSTRUCTEURS, TERRAINS ET BIENS",True
COLLECTEUR,10,COLLECTIONNEUR,True
MANARATO TRONDRO ANDRANOMAMY,10,PÊCHE ET POISSONS D'RANOMAMIE,True
MPANJONO MADINIKA,10,PETITS PÊCHEURS,True
MPIVAROTRA AMIN'NY EPICERIE AMORON-DALANA,10,VENDEUR DANS UNE EPICECERIE EN BORD DE ROUTE,True
MITARY POUSSY,10,CHATTE MITAIRE,True
MPIANDRY OMBIN'OLONA,10,BERGER HUMAIN,True
MPAMBOLY LOJY SY VOANJO,10,PRODUCTEURS DE LOGO ET D'ARACHIDES,True
MIVAROTRA FIRAVAKA,10,VENDRE DES BIJOUX,True
MANAPAKA HAZO,10,COUPE DU BOIS,True
MPAMBOLY CAFE,10,PRODUCTEURS DE CAFÉ,True
MAMBOLY VARY LEGUME,10,PLANT DE LÉGUMINEUSES DE RIZ,True
MANAO SY MIVAROTRA MOFO GASY SY KAFE,10,FABRIQUER ET VENDRE DU PAIN ET DU CAFÉ AU GAZ,True
PRESIDENT FOKONTANY,10,PRÉSIDENT DU VILLAGE,True
MANJONO HAZANDRANOMASINA,10,PÊCHE DU POISSON DE MER,True
MPANAO JOURNEE,10,CRÉATEUR DE VOYAGE,True
MACHINISTE AO @ ZONE,10,MÉCANISTE AO @ ZONE,True
MANAO ASA AN TRANO,10,TRAVAILLER À LA MAISON,True
MIVAROTRA MANGA,10,VENDRE BLEU,True
MPIKARAMA ISANANDRO,10,EMPLOYÉ AU QUOTIDIEN,True
MPAMBOLY VARY SY VOATABIA,10,PRODUCTEURS DE RIZ ET DE TOMATES,True
MANDOKO TRANO,10,Peindre une maison,True
MPANAO PLANCHE,10,FABRICANT DE PLANCHES,True
"Mamboly vary,vanille,café,haricot",10,"Plantez du riz, de la vanille, du café, des haricots",True
MIVAROTRA VARY MANTA,10,VENDRE DU RIZ BRUT,True
MIVAROTRA FANAFODIM-BYBY,10,VENDRE DES MÉDICAMENTS ANIMAUX,True
ELEVER DE VOLLAILE,10,ASCENSEUR DE VOLLEYBALL,True
MANAO SY MIVAROTRA MOFO SY KAFE,10,FABRIQUER ET VENDRE DU PAIN ET DU CAFÉ,True
MPANETSA VARY,10,LANCEUR DE RIZ,True
MPIKARAMA MANETSA VARY,10,CUISEUR À RIZ,True
MANASA FIARA,10,LAVAGE DE VOITURE,True
FIASANA TANIM-PARAKY,10,TRAVAIL DU TABAC,True
EPICIER,10,PLUS ÉPICIER,True
PROSTITUTION,10,PROSTITUTION,True
MPAMBOLY TONGOLO SY VARY,10,Producteurs de légumes et de riz,True
MPAMBOLY VONEMBA,10,AGRICULTEUR VONEMBA,True
MIVAROTRA ENTANA MANDINIKA,10,VENDRE DES MARCHANDISES,True
MPAMPIVELONA,10,SAGES-FEMMES,True
MIVAROTRA PIECE DETACHE,10,A VENDRE PIÈCES DE RECHANGE,True
GARDIEN @OLO-TSOTRA,10,GARDIEN @OLO-TSOTRA,True
SARIKANTSAHA,10,DESSIN ANIMÉ,True
MPIKARAMA SARAKANTSAHA,10,EMPLOYÉ INDÉPENDANT,True
MIVAROTRA KOJAKOJA,10,VENTE D'ACCESSOIRES,True
MAMPIANATRA PRIMAIRE,10,ENSEIGNANT PRIMAIRE,True
"NAMBOLY VARY,OVY,MANGAHAZO,KATSAKA",9,"J'AI PLANTÉ DU RIZ, DES POMMES DE TERRE, DES MANGAS, DU MAÏS",True
MPANDRARY TSIHY SATRANA,9,PEINTRE DE TAPIS SATRANA,True
MITANTANA ORINASA KELY MPANAMBOATRA TOAKA GASY,9,DIRECTION D'UNE PETITE ENTREPRISE DE FABRICATION D'ALCOOL GAZEUX,True
MIOMPY KISOA SY ANKOHO,9,ÉLEVAGE DE COCHON ET DE POULET,True
SECRETAIRE COMMUNALE,9,SECRÉTAIRE MUNICIPAL,True
MAMBOLY ANTSOROKO,9,PLANTER MON ÉPAULE,True
MIVAROTRA KISOA VELONA,9,COCHONS VIVANTS À VENDRE,True
"MAMBOLY VARY,HANIKOTRANA",9,"PLANTATION DE RIZ, JARDINAGE",True
VARY SY MANGAHAZO,9,RIZ ET LÉGUMES,True
SERVEUR,9,SERVEUR,True
"MAMBOLY VARY,OVY,KATSAKA",9,"PLANT DU RIZ, DES POMMES DE TERRE, DU MAÏS",True
MPANGADY VOLAMENA,9,CHERCHEURS D'OR,True
KATEKISTE,9,CATECHISTE,True
RESPONSABLE LOGISTIQUE,9,RESPONSABLE LOGISTIQUE,True
BAR,9,BAR,True
MPIVAROTRA HAZO,9,Négociant en bois,True
MAMBOLY VARY(MADINIKA),9,CULTURE DU RIZ (PETIT),True
MANAMBOARA YAOURT,9,FAIRE DU YAOURT,True
MAMBOLY VARY MANGAHAZO VOMANGA HARICOT VERT,9,PLANTATION DE RIZ CULTURE DE POMMES DE TERRE HARICOT VERT,True
MPIVAROTRA APOMBO,9,VENDEUR DE TABAC,True
PANAMPY ATRANO,9,AIDE À DOMICILE,True
MIVAROTRA FASIKA,9,VENDRE DU SABLE,True
MIVAROTRA FITAOVANA AN-DAKOZIA,9,VENDRE DU MATERIEL À DOCLAND,True
MPIVAROTRA SARIBAO,9,Négociant en charbon,True
MPANARATO AMBONY SAMBO,9,PÊCHEUR EN BATEAU,True
MPAMPIANATRA SEKOLY PRIVEE SECONDAIRE,9,PROFESSEUR D'ÉCOLE SECONDAIRE PRIVÉE,True
MAMBOLY PETITS POIS,9,PLANTATION DE PETITS POIS,True
MIKARAMA MIANDRY OMBY,9,Embauche de troupeaux de bovins,True
MIANTOKA CHARBON,9,GARANTIE CARBONE,True
KARAMAINA MANAO CHARBON,9,FAIRE DU CHARBONE PAYER,True
MIKARAKARA BIBY FIOMPI AKOHO,9,À LA RECHERCHE D'ANIMAUX D'ÉLEVAGE DE POULETS,True
GARDIEN PARC,9,GARDIEN DU PARC,True
MPAMBOLY LOJY SY ATSANJY,9,JARDINIÈRES ET LÉGUMES,True
PANJAFITRA FANAKA,9,CONCEPTION DE MEUBLES,True
DOCKERA,9,DOCKER,True
GARDIEN NY COMMUNE,9,GARDIEN DE LA COMMUNAUTÉ,True
MIKARAKARA TRONDRO,9,À LA RECHERCHE DU POISSON,True
MIVAROTRA TOAKA,9,VENDRE DE L'ALCOOL,True
MPITARIKA SARETY,9,CONDUCTEUR DE WAGON,True
MANAO HANIMASAKA,9,FAIRE HANIMASKA,True
COUPEUR DE SISAL,9,COUPE-SISAL,True
GARGOTE,9,GARGOT,True
MPAMPIANATRA AMINY LYCEE,9,PROFESSEUR DE LYCÉE,True
AGENT D'ACCEUIL,9,AGENT D'ACCEUIL,True
MAMBOLY VARY MANGAHAZO,9,CULTURE DU RIZ,True
MPIVAROTRA OMBY,9,Négociant de bétail,True
PANASA LAMBA,9,LAVE-TISSU,True
MPANAMBOATRA BISIKILETA,9,FABRICANT DE VÉLOS,True
COURSIER,9,COURSIER,True
CONSEILLER COMMUNAL,9,CONSEILLER MUNICIPAL,True
PORTEUR,9,PORTER,True
MPIASA TSELIKA,9,TRAVAILLEURS DU COMMERCE,True
MITRANDRAKA SAPHIR,9,SAPHIR MINIER,True
MIHADY SAPHIRE,9,À LA RECHERCHE DU SAPHIR,True
MAMBOLY VARY SY MANGAZO ARY VOMANGA SY KATSAKA,9,PLANTATION DE RIZ ET DE MAÏS ET DE POMMES DE TERRE ET DE MAÏS,True
MPIVAROTRA ENTA-MADINIKA,9,REVENDEUR AU DÉTAIL,True
MANJAITRA CONFECTION,9,COUTURE CONFECTION,True
MPIVAROTRA  FANAFODY RAVINKAZO SY TAPAKAZO,9,REVENDEUR DE FEUILLES ET MEDICAMENTS COUPANTS,True
LAPIDAIRE,9,LAPIDAIRE,True
MANAMPY MAMBOLY SY MIARAKANDRO ARY MATSAKA RANO,9,"AIDE À LA PLANTATION, AU TRAITEMENT ET À L'ARROSAGE",True
MANAMBOATRA BASSIN,9,CONSTRUIRE UN BASSIN,True
MPAMBOATRA SARETY,9,FABRICANTS DE WAGONS,True
MIAVA VOLY MIKARAMA,9,LOCATION À LOUER,True
MANAMBOATRA TELEPHONE,9,RÉPARATION DE TÉLÉPHONES,True
OUVRIER,9,TRAVAILLEUR,True
MPAMPIANATRA @ LYCEE,9,ENSEIGNANTE AU LYCEE,True
MPAMBOLY HARICOT VERT,9,HARICOT VERT AGRICULTEURS,True
FAMBOLENA LEGUME,9,PLANTATION DE LÉGUMES,True
MEDECIN,9,MÉDECINE,True
MPANERA TAXI BROUSSE,9,OPÉRATEUR DE TAXI BROUSSE,True
AIDE CHAUFFEUR CAMION,9,ASSISTANT-CONDUCTEUR DE CAMION,True
MPAMAFA BIRAO SOSIETE EXPORTATEUR FIBRE DE SISAL,9,ENTREPRISE EXPORTATEUR DE FIBRE DE SISAL,True
MANAO GARDIEN,9,FAIRE UN GARDIEN,True
MPAMILY BAJAJ,9,CONDUCTEUR BAJAJ,True
TRANSITAIRE,9,TRANSIT,True
PAMAFA TRANO,9,NETTOYEUR DE MAISON,True
"MAMBOLY VARY, VOANJIBORY, TSARAMASO, KATSAKA",9,"PLANT DU RIZ, DU MAÏS, DU SUCRE, DU MAÏS",True
CONSULTANT,9,CONSULTANT,True
MIAVA VOANJOBORY,9,IMPLIQUEZ-VOUS,True
NAMBOLY VOANJO,9,CULTURE D'ARACHIDES,True
MITARIKA POSIPOSY,9,PLOMB POSITIF,True
FIVAROTANA VOANJO,9,MAGASIN D'ARACHIDES,True
MIVAROTRA VOANJO MANDEHA SY AMORON DALANA,9,VENDRE DES ARACHIDES AU BORD DE LA ROUTE,True
MPIVAROTRA MANDEHA,9,REPRÉSENTANT DE COMMERCE,True
MIVAROTRA VILANY,9,POT À VENDRE,True
CHAUFFEUR MECANICIEN,9,CHAUFFEUR MÉCANICIEN,True
RESPONSABLE ADMINISTRATIF ET FINANCIER,9,RESPONSABLE ADMINISTRATIF ET FINANCIER,True
MANAO DOCKER,9,Docker Docker,True
MPIAMBINA OMBY,9,GARDE-BÉTAIL,True
MPAMBOLY RAVIMBOMANGA,9,PRODUCTEUR DE FRUITS,True
MPIASA LALANA,9,"ERREUR: the JSON object must be str, b",True
MPANAO SOBIKA,9,FABRICANT DE PANIER,True
MIKARATAKA,9,RECHERCHE,True
MANOEUVRE MPANAO TRANO,9,MANŒUVRE DE FABRICANT DE MAISON,True
MAMBOATRA ANTSY BE SY FANGALY,9,FABRICATION DE GRANDS COUTEAUX ET PRESSONS,True
MANAO SY MIVAROTRA LASOPY,9,FABRIQUER ET VENDRE DE LA SOUPE,True
MIVAROTRA MOFOGASY,9,VENDRE DES MOFAGAS,True
FAMBOLENA JIROFO SY VANILLE,9,Plantation de clous de girofle et de vanille,True
MPIVAROTRA EPICERIE ENTANA MADINIKA,9,REVENDEUR DE MARCHANDISES AU DÉTAIL,True
MAMBOLY KAZAHA,9,PLANTATION DE GRAINES,True
MIHAZA SY MIVAROTRA VALALA,9,CHASSE ET VENTE D'ÉPICERIE,True
MANAMBOATRA SY MIVAROTRA CAFE SY MOFO,9,FABRIQUER ET VENDRE DU CAFÉ ET DU PAIN,True
MIKARAKARA FAMBOLENA VANILLE,9,À LA RECHERCHE D'UNE PLANTATION DE VANILLE,True
EPICIERIE,9,ÉPICERIE,True
"Mamboly vary,tsaramaso,tongolo",9,"Plantez du riz, des haricots, des oignons",True
MAMBOLY ZANAKAZO ARTIMEZIA,9,PLANTATION DE PLANTES D'ARTIMESIA,True
MPAMBOATRA FIBRE FANAOVANA TADY GASY,9,FABRICANT DE FIBRE DE CÂBLE DE GAZ,True
MIKARAMA MIAVA,9,Embaucher tôt,True
SARAN-KANTSAHA,9,FRAIS DE TERRAIN,True
AGENT COMMUNAUTAIRE,9,AGENT COMMUNAUTAIRE,True
MIVAROTRA MANGAHAZO,9,VENDRE ACHETER,True
MITRANDRAKA CHROME,8,HABILLAGE CHROMÉ,True
MIHETY VOLO,8,COUPE DE CHEVEUX,True
MPANAMBOATRA LAMAKA,8,FABRICANT DE LINGE,True
"Mamboly vary,voanjo,akondro",8,"Plantez du riz, des cacahuètes, des bananes",True
SARAKATSAHA MANAO VARY,8,SARAKATSAHA FAIT DU RIZ,True
MANAMBOATRA SY MIVAROTRA MENAKA PALMIER,8,FABRICATION ET VENTE D'HUILE DE PALME,True
MAMBOLY BOKALA,8,PLANTATION DE BOKALA,True
MIKARAMA MANTSAKA RANO,8,LOCATION POUR VERSER L'EAU,True
"MAMBOLY VARY,VOANJO",8,"CULTURE DU RIZ, DU MAÏS",True
VOLY TRAKA,8,VOLY TRAKA,True
NIAVOKETSA,8,ENREGISTRÉ,True
MIVAROTRA BAR,8,VENTE DE BARRES,True
CHAUFFEUR CAMION MPITONDRA ENTANA,8,CHAUFFEUR DE CAMION,True
MANARATO FIA,8,TROUVER UN VÉHICULE,True
SURVEILLANT,8,SURVEILLANT,True
MANAMPY MAMBOLY LEGUMES,8,AIDEZ À PLANTER DES LÉGUMES,True
MPAMBOATRA HUILLE DE RICIN,8,FABRICANT D'HUILE DE RICIN,True
MAIRE,8,MAIRE,True
MIOMPY DOKOTRA,8,ÉLEVAGE MÉDECIN,True
manao travail(mamboly amin'olona),8,faire du travail,True
PRESIDENTS FOKONTANY,8,PRÉSIDENTS DE VILLAGE,True
MAMBOLY COCOMBRE,8,CULTIVER LE CONCOMBRE,True
MPITATITRA ENTANA AMINY SARETY,8,PORTEUR AVEC UN WAGON,True
ENTREPRENEUR,8,ENTREPRENEUR,True
NAMBOLY SAONJO,8,SAONJO PLANTÉ,True
FEMME DOMESTIQUE,8,FEMMES DOMESTIQUE,True
FANAOVANA SOLI-BOANIO,8,ACHAT DE SOLI-BONIO,True
MIOMPY KISOA SY AKOHO,8,ÉLEVAGE DE COCHON ET DE POULET,True
MPIVAROTRA APPAREIL ELECTRONIQUE,8,REVENDEUR D'APPAREILS ÉLECTRONIQUES,True
RECEPTIONISTE,8,RÉCEPTIONNISTE,True
MANAO GARGOTE,8,FAIRE UNE GARGOTE,True
MAMPANOFA BAJAJ,8,LOCATION BAJAJ,True
MANAMPY MAMPANOFA BAJAJ,8,AIDE LOCATION BAJAJ,True
MPIAMBINA TRANON'olona,8,GARDES DE MAISON,True
MIVAROTRA KILALAO,8,VENDRE DES JOUETS,True
MANATSOFA HAZO AMIN'NY MASININA,8,MACHINE À SCIER LE BOIS,True
AIDE DOKERA,8,ASSISTANT DU MÉDECIN,True
MIASA TANIN'OLONA,8,TRAVAILLER SUR LA TERRE POPULAIRE,True
MPIAMBINA TRANON'OLONA,8,GARDE À DOMICILE,True
MIHAZA FIA,8,VOITURES DE CHASSE,True
NANDRAFITRA TRANO,8,PLANIFIÉ UNE MAISON,True
MAMPIANATRA CEG,8,ENSEIGNEMENT CEG,True
MANAMBOATRA TRANO VATO,8,RÉPARER LES MAISONS EN PIERRE,True
TAXI BICYCLETTE,8,VÉLO-TAXI,True
MIVAROTRA TONDRO,8,CONSEILS DE VENTE,True
MPIAVAROTRA VOAMAINA,8,Négociant en grains,True
SARAKA TSAHA,8,CHAMPS SÉPARÉS,True
SURVEILLANTE,8,SUPERVISEUR,True
MIVAROTRA VOAN-KAZO,8,VENDRE DES NOIX,True
MIVAROTRA HOLATRA,8,VENDRE DES CHAMPIGNONS,True
MANANGONA VOA NIMO,8,RÉCOLTE DES FRUITS NIMO,True
MANAMBOATRA JUS NATUREL,8,FABRICATION DE JUS NATURELS,True
MIKARAMA MANAO SARAKA ANTSAHA,8,EMBAUCHE POUR FAIRE SÉPARATION,True
MPANJAITRA KILAOTIN-JAZAKELY,8,CHEVALIER TAILLEUR,True
ASA TRANO FIASANA AANTRANO,8,TRAVAIL MAISON TRAVAIL ÉCOLE,True
DOKERA CAMION PITONDRA ENTANA,8,MÉDECIN CHAUFFEUR DE CAMION,True
PAMPIDITRA HIRA,8,INTRODUCTION DE LA CHANSON,True
MIVAROTRA COCO,8,VENDRE DU CACAO,True
MITAIZA,8,AUGMENTER,True
"MAMBOLY PETSAY,TOMATE,TONGOLO",8,"CULTIVER PETSAY, TOMATES, TONGOLO",True
MIARAKANDRO,8,ENSEMBLE,True
"SARANKATSAHA MIASA TANY,MIAVA VARY SNS",8,"SPÉCIALISTES TRAVAILLANT DANS LA TERRE, DISPONIBLES DU RIZ SNS",True
MPIVAROTRA JUS,8,REVENDEUR JUS,True
NANDRAFITRA VARAVARANA,8,CASSER LA PORTE,True
MIVAROTRA LASOPY,8,VENDRE DE LA SOUPE,True
MPITARIM POSY,8,CHAUFFEUR DE BILLETS,True
FANJONOANA AN-DRANOMASINA,8,PÊCHE EN MER,True
MIKARAMA MAMBOLY VARY SY MANGAHAZO (KARAMA TAPAKA),8,PAIEMENT POUR PLANTER DU RIZ ET HARVEY (FAUX SALAIRE),True
MANAMBOATRA CHARRETTE,8,CONSTRUIRE UNE CHARRETTE,True
MPAMPIANATRA AMBARATONGA FAHAROA,8,ENSEIGNANT DE DEUXIÈME NIVEAU,True
MAPIANATRA AMIN'NY EPP,8,ENSEIGNER EN EPP,True
COLLECTEUR VARY,8,COLLECTEUR DE RIZ,True
OLO BE,8,BEAUCOUP DE GENS,True
DELEGUE,8,DÉLÉGUER,True
DOCTEUR PRIVE,8,MÉDECIN PRIVÉ,True
MPANAMPY ANTOKATRANO,8,AIDE MENAGERE,True
MPANAMPY ANTRANO (La bonne),8,HELPER (La bonne),True
MPAMBOLY VARY SY MPIOMPY OMBY,8,RIZICULTEURS ET ÉLEVEURS,True
MPAMBOLY MANGAHAZO SY VOATAVO SY CONCOMBRE,8,"PRODUCTEUR DE LÉGUMES, CITROUILLES ET CONCOMBRES",True
"MANDRARY TSIHY,TSAHORY",8,"Ça fait mal, soyez prudent",True
sarakatsaha,8,occupé,True
MANAMBOTRA TRANO,8,ACHETER UNE MAISON,True
MIVAROTRA TSARAMASO MAINA,8,VENDRE DU SUCRE SEC,True
MANJONO TRONDRO ANDRANOMAMY,8,PÊCHE ET POISSONS D'RANOMAMIE,True
MIVAROTRA ANANA SY VOANKAZO,8,VENDRE DES LÉGUMES ET LÉGUMES,True
MANAMBOATRA SY MIVAROTRA CHARBON,8,FABRICATION ET VENTE DE CHARBONE,True
MANAMPY MANAMBOATRA MOTO,8,AIDE À RÉPARER LES MOTOS,True
SOUS OFFICIERS,8,SOUS-OFFICIERS,True
MAMBOLY VARY MANGAHAZO...,8,CULTURER UN RIZ QUI Pousse...,True
MPANARATO ANDRANOMAMY,8,PÊCHEUR ANDRANOMAMIE,True
MPIKARAMA MANJONO AN-DRANOMASINA,8,MARCHAND DE PÊCHE EN MER,True
MANASA LAMBAN OLONA,8,LAVAGE DES VÊTEMENTS DES GENS,True
MIVAROTRA RONONO SOJA SY MOFO,8,JE VEND DU LAIT ET DU PAIN DE SOJA,True
MPANETANA ARAM-PAHASALAMANA,8,PRESTATAIRE DE SANTÉ,True
SARAK'ATSAHA,8,DIFFÉRENT,True
MPIVAROTRA TAMBAVY,8,REVENDEUR EN GROS,True
"NAMBOLY VARY,OVY,KATSAKA,VOMANGA,MANGAHAZO",8,"RIZ PLANTÉ, POMMES DE TERRE, MAÏS, POMMES DE TERRE, MANGUE",True
MPIVAROTRA KOJAKOJA MANDEHADEHA,8,REVENDEUR DE PIÈCES DE VOYAGE,True
MPAMPIANATRY,8,PROFESSEUR,True
MPABOLY LA VANILLE,8,PRODUCTEUR DE VANILLE,True
MPANJONO HAZAN-DRANOMASINA,8,PÊCHEURS DE POISSONS DE MER,True
PANERA FIARA,8,PANNEAUX DE VOITURE,True
MANAMPY TOKANTRANO HAFA,8,AJOUTER UN AUTRE MÉNAGE,True
MPIVAROKENA,8,VENDEUR,True
MISIVANA VOLAMENA,8,FILTRE DORÉ,True
BISCUITERIE,8,BISCUITERIES,True
CHAUFFEUR PERSONNEL,8,CHAUFFEUR DE PERSONNEL,True
MIOMPY OSY,8,RACE DE CHÈVRES,True
MANAMPY MIVAROTRA FRIPERIE,8,AIDE À VENDRE FRIPERIE,True
MITANTITRA ENTANA,8,EXPÉDITION,True
"Mamboly vary,vanille,cacao,café,poivre noir",8,"Riz végétal, vanille, cacao, café, poivre noir",True
PERSONNEL ADMINISTRATIF,8,PERSONNEL ADMINISTRATIF,True
PISIVANA VOLAMENA,8,FILTRE DORÉ,True
MITSIPONA VATOSOA,8,CÉLECTION DE GEMMES,True
MANEFY ANTSY FAMAKY,8,FORGER UN COUTEAU,True
SARAKANKANTSAHA,8,CARACTÉRISTIQUES,True
MPANERA MADINIKA,8,PETITS OPÉRATEURS,True
AIDE FAMILIALE,8,AIDE FAMILIALE,True
MPIVAROTRA LEGUMES,8,COMMERÇANTS DE LÉGUMES,True
"NAMBOLY VARY,KATSAKA,OVY,VOMANGA,SAONJO",8,"RIZ PLANTÉ, MAÏS, POMMES DE TERRE, POMMES DE TERRE, SAUMON",True
CHAUFFEUR AMIN'NY ONG,8,CHAUFFEUR D'UNE ONG,True
DEMARCHEUR VARY,8,DEMARCHEUR VARIER,True
MPANAMPY MAMBOLY VARY,8,AIDE À LA PLANTATION DE RIZ,True
MANAO HOTELY,8,FAIRE UN HÔTEL,True
MPIDRANDRAKA VOLAMENA,8,MINEUR D'OR,True
MPAMPIANATRA @ CEG,8,ENSEIGNANTE @ CEG,True
MPAMBOLY VANILLE SY GIROFLE,8,AGRICULTEURS DE VANILLE ET DE Clou de Girofle,True
MAMBOLY CAROTTE.VARY,8,PLANTATION DE CAROTTES. RIZ,True
AIDE DE MÉNAGE ET NETTOYEUSE DOMESTIQUE,8,ERREUR: The read operation timed out,True
MIVAROTRA BROCANTEUR,8,ERREUR: The read operation timed out,True
MPANAPAKA SISAL,8,ERREUR: The read operation timed out,True
MANAMBOATRA TADY,8,ERREUR: The read operation timed out,True
MIKARAMA MIADY VOANJOBORY,8,ERREUR: The read operation timed out,True
MPAMBOLY VOANJOBORY,8,PRODUCTEURS DE MAÏS,True
MPIZARA TICKET HABANTSENA,8,DISTRIBUTEURS DE BILLETS HABANTSENA,True
ASA KARIERA,8,TRAVAIL DE CARRIÈRE,True
MIVAROTRA VARY SY MANGAHAZO,8,VENDRE DU RIZ ET DES CÉRÉALES,True
MANDISA VARY,8,RIZ BOUILLANT,True
MANAMPY NY TOKANTRANO MAMBOLY,8,AIDER LES MÉNAGES À CROÎTRE,True
PASTEUR JESOSY MAMONJY,8,LE PASTEUR JÉSUS SAUVE,True
MAMBOLY KATRAKA,8,PLANTATION DE KARAKA,True
MPAKA MPIANATRA,8,RECRUTEMENT D'ÉTUDIANTS,True
MIVAROTRA MENAKA COCO,8,VENDRE DE L'HUILE DE CACAO,True
MAMBOLY VARY SY LA VANILLE,8,CULTURE DU RIZ ET DE LA VANILLE,True
MIOTY JIROFO,8,CHOISIR des clous de girofle,True
"NAMBOLY VARY,OVY,PARAKY,KATSAKA,MANGAHAZO,SAONJO",8,"J'AI PLANTÉ DU RIZ, DES POMMES DE TERRE, DU TABAC, DU MAÏS, DU MANGAGA, DU SAONJA",True
MPIVAROTRA TRONDRO MAINA,8,Négociant de poisson séché,True
ASA-trano,8,Ménage,True
MANATSOFA HAZO,8,VOIR LE BOIS,True
AIDE CHAUFFEUR CANNOTTE,8,ASSISTANT CHAUFFEUR CANNOTTE,True
MPIVAROTRA KATSAKA,8,Négociant en maïs,True
MPANAO ASAN-TANANA VITA AMIN'NY ROFIA,8,ARTISANAT EN ROPHIA,True
MPAMILY FIARAKODIA,8,CONDUCTEUR DE VOITURE,True
MAKA RANO OLONA,8,LES GENS OBTENENT DE L'EAU,True
BOULANGER,8,BOULANGER,True
TRANSPORT BICYCLETTE,8,TRANSPORT DE VÉLOS,True
MAMPIANTRA,8,Éduquer,True
MIASA TANIMBARY,8,TRAVAILLER DANS LES CHAMPS,True
MIVAROTRA KIRARO FRIPERIE,8,VENTE DE CHAUSSURES FRIPERIE,True
CONDUCTEUR D'ELEVATEUR DE CONTENEUR,8,CONDUCTEUR D'ASCENSEUR À CONTENEURS,True
FAMBOLENA£,8,PLANTATION£,True
MAPIANATRA,8,PROFESSEUR,True
"NAMBOLY VARY,KATSAKA,OVY,VOMANGA,POMA",8,"RIZ PLANTÉ, MAÏS, POMMES DE TERRE, POMMES DE TERRE, POMMES",True
CHAUFEUR CAMION,8,CHAUFFEUR DE CAMION,True
MANAO SARIBAO,8,FABRIQUER DU CHARBON,True
MAPIANATRA FRANCAIS,8,PROFESSEUR DE FRANÇAIS,True
MPAMPIDITRA HIRA SY FILM,8,CHANSON ET COLLABORATEURS DE FILM,True
"MAMBOLY VARY,KATSAKA,SOJA,VOMANGA,MANGAHAZO",8,"CULTURE DU RIZ, MAÏS, SOJA, POMMES DE TERRE, MANGUE",True
MIVAROTRA MOFO SY JUS,8,VENDRE DU PAIN ET DES JUS,True
MATELOT,8,MATELOT,True
VOLY VARY,7,RÉCOLTE DE RIZ,True
MPIKARAKARA TOKANTRANO,7,HOMME D'AFFAIRES DE MÉNAGE,True
MAPANAO COURS DE FRANçAIS AO ATRANO,7,NOUS PROPOSONS DES COURS DE FRANÇAIS CHEZ TRANO,True
TALE NY EPP,7,DIRECTEUR DU PPE,True
MAMPIANATRA @ CEG,7,ENSEIGNER AU CEG,True
MIVAROTRA LEGUME MIPETRAKA ANY AMINY BAZARY BE,7,VENDRE DES LÉGUMES PLANTÉS AU BAZAR,True
MIVAROTRA LEGUME MIPETRAKA AO AMINY BAZARY BE,7,VENDRE DES LÉGUMES PLANTÉS AU BAZAR,True
MPIVAROTRA FIA,7,CONCESSIONNAIRE AUTOMOBILE,True
MPANERA ENTANA,7,EXPÉDITEUR,True
RESPONSABLE COMMERCIAL,7,RESPONSABLE COMMERCIAL,True
SUPERVISEUR,7,SUPERVISEUR,True
MPIOMPY DOKITRA,7,DOCTEUR ÉLEVEUR,True
MIVAROTRA PATY MASAKA SY JUIS CITRON,7,VENDRE DES PÂTES CUITES ET DU JUS DE CITRON,True
MPIVAROTRA MOFO GASY,7,VENDEUR DE CUISSON AU GAZ,True
VANILLE,7,VANILLE,True
MPAMBOLY KATY,7,KATY AGRICULTEUR,True
MANARY FAKO,7,ÉLIMINATION DES DÉCHETS,True
MITSABO NETIMPAHARAZANA,7,TRAITER NETIMPHARAHAZANA,True
MANAMBOATRA TELE SY RADIO SIMBA,7,RÉPARATION DE TÉLÉVISION ET RADIO ENDOMMAGÉES,True
MIVAROTRA BIDON JAUNE,7,BIDON JAUNE À VENDRE,True
LA BONE,7,L'OS,True
GARDIEN DE NUIT,7,GARDIEN DE NUIT,True
MPAMBOLYµ,7,AGRICULTEURµ,True
MPAMAFA BUREAU AO @ BFV,7,ESSUYAGE DE BUREAU @ BFV,True
MPANAMPY FIANAKAVIANA MIOMPY OMBY,7,AIDE FAMILIALE ÉLEVANT DES BOVINS,True
MIVAROTRA SY MANAO LASOPY,7,VENDRE ET PRÉPARER DE LA SOUPE,True
MITRANDRAKA RUBIS,7,RUBIS MINIERS,True
MITANGO TSARAMASO,7,PORTER LA SÉCURITÉ,True
MPAMBOLY VOAMAINA,7,Producteurs de céréales,True
INSTITUTEUR DE L'ENSEIGNEMENT PRIMAIRE,7,INSTITUT D'ENSEIGNEMENT PRIMAIRE,True
CYBER,7,CYBER,True
CHAUFFEUR TRACTEUR,7,CONDUCTEUR DE TRACTEUR,True
MIVAROTRA HEN OMBY,7,VENDRE DU BOEUF,True
PAMPIANATRA NY EPP,7,ENSEIGNANT D'EPP,True
MANAMPY MAMBOLY TSARAMASO,7,AIDEZ À PLANTER LE SUCRE,True
MAMBOLY TSARAMASO KATSAKA CORGETTE,7,CULTURE DU SUCRE DE MAÏS CORGETTE,True
MAMBOLY HANANA,7,CULTIVER DES LÉGUMES,True
DOMESTIQUE SALARIE,7,SALAIRE DOMESTIQUE,True
MIANTOKA OMBY,7,ASSURER LA VACHE,True
FAMME DE MENAGE,7,FAMILLE DE MÉNAGE,True
MPANAMBOATRA MOTO,7,FABRICANT DE MOTOS,True
MAMBOLY VARY MANAMPY FIANAKAVIANA,7,CULTIVER DU RIZ POUR SOUTENIR LA FAMILLE,True
MAKA VILONA,7,ALIMENTATION,True
MIKAPA HAZO,7,COUPE DU BOIS,True
MITAONA ENTANA,7,CHARGEMENT DE CHARGES,True
MPAMPIANATRA @ PRIVEE,7,ENSEIGNANT @ PRIVÉ,True
PDG ASCE,7,PDG de l'ASCE,True
MANAMPY NY RAY AMANDRENNINY MITAIZA NY ZANDRINY RE,7,IL AIDE SON GRAND-PÈRE À élever SES ENFANTS,True
MANAO SARAKATSAHA MANGOMBOTRA DIMBARY,7,FAIRE LE DIMBARY DE SARAKATSAHA MANGOBOR,True
MANOEUVRE AGRICO,7,MANŒUVRE AGRICOLE,True
DODOM,7,DODOM,True
MANAMPY,7,AIDE,True
MPAMBOLY VOANJO SY VARY,7,PRODUCTEURS DE MAÏS ET DE RIZ,True
OPERATRICE DE SAISIE,7,OPÉRATEUR DE SAISIE,True
MITARIKA POUSSE-POUSSE,7,POUSSE-POUSSE EN PLOMB,True
CAPITONNEUR,7,CAPITONNEUR,True
PECHEUR MARITIME,7,PÊCHEUR MARITIME,True
MPIAMBINA TANANA,7,GARDES DE LA VILLE,True
MPIVAROTRA EN MAGASIN (grossiste PPN),7,VENDEUR EN MAGASIN (Grossiste PPN),True
SERVEILLANT MANGASIN ET MANGASINIER DE TABAC,7,SERVEILLANT MANGASIN ET MANGASINIER DE TABAC,True
3EME ADJOINT MAIRE,7,3ÈME ADJOINT AU MAIRE,True
PIOMPY KISOA SY AKOHO,7,ÉLEVAGES DE PORCS ET DE POULETS,True
PANDRAFITRA,7,PLANIFICATION,True
MPAMPIANATRA KILASY DE 4 EME,7,PROFESSEUR DE 4ÈME CLASSE,True
CAPORALE(CHEF DES MANOEUVRES AGRI,7,CAPORALE (CHEF DES MANŒUVRES AGRI,True
MANAMPY MANAO RARAHA AO ANTRANO,7,AIDE À FAIRE DES SOINS À DOMICILE,True
MIANDRY KIDAN'OLONA,7,EN ATTENDANT LES GENS,True
EPICIERE,7,ÉPICIÈRE,True
MANAO TAXI BISKILETA,7,FAIRE UN VÉLO TAXI,True
MPITONDRA BISIKILETA,7,CHAUFFEUR DE VÉLO,True
MAMBOATRA MOFO,7,FAIRE DU PAIN,True
PATISSIER,7,PÂTISSERIE,True
MAMBOLY LAVANILA,7,PLANTEZ LA VANILLE,True
MAMMBOLY VARY,7,CULTURE DU RIZ,True
MPAMPIANATRA FRAM @ EPP,7,ENSEIGNANT FRAM @ EPP,True
MIANTOKA TRONDRO,7,POISSON GARANTI,True
MIVAROTRA CREDIT,7,VENDRE DU CRÉDIT,True
DEMARCHEUR AKOHO,7,DÉMARCHEUR DE POULET,True
MIHADY VOVO,7,CREUSER LA POUSSIÈRE,True
MAMBOLY SAONJO,7,PLANTATION DE SAONJO,True
MITONDRA POUSSY,7,CONDUIRE UNE POUSSE,True
AGENT COMPTABLE,7,AGENT COMPTABLE,True
MPAMPIANATRA @ AMBARATONGA FAHAROA @ PRIVEE,7,ENSEIGNANT @ DEUXIÈME ÉTAGE @ PRIVEE,True
SARAKANTSAHA AMINY TOKATRANO MARO2,7,BEAUCOUP DE COURS,True
FAMBOLENA ANANA,7,CULTURE DE LÉGUMES,True
M1VAROTRA TRONDRO,7,M1 COMMERCE DU POISSON,True
MIVAROTRA JUS CITRON,7,VENDRE DU JUS DE CITRON,True
MENERA VATO BERIL,7,MÉNÈRE DE PIERRE DE BERYL,True
MANAMBOATRA SY MIVAROTRA SAKAFO MASAKA,7,PRODUCTION ET VENTE DE PRODUITS CUISINÉS,True
NIASA TANY,7,TRAVAILLÉ SUR LA TERRAIN,True
AGENT COMMERCILE,7,AGENT COMMERCIAL,True
C0NSULTANT,7,CONSULTANT,True
MAJAITRA LAMBA,7,TAILLEUR DE TISSU,True
MANAMBOTRA TELEPHONE,7,DÉCROCHEZ LE TÉLÉPHONE,True
MAMBOLY TSAKO SY BALAHAZO,7,CULTURE DE LÉGUMES ET LÉGUMES,True
MITADY VOAMADILO,7,À LA RECHERCHE D'UN COMPTE,True
ELECTRONICIEN,7,ÉLECTRONIQUE,True
SECRETAIRE DE DIRECTION,7,SECRÉTAIRE EXÉCUTIF,True
MIVAROTRA CATLESY,7,BÉTAIL À VENDRE,True
MAMPIANATRA AMINY EPP,7,ENSEIGNEZ-LUI EPP,True
MPANAO FANAKA,7,FABRICANT DE MEUBLES,True
MIVAROTRA EPI-BAR,7,VENDRE EPI-BAR,True
MIVAROTRA VARY SY KATSAKA,7,VENDRE DU RIZ ET DU MAÏS,True
MPIAMBINA SEKOLY,7,GARDE SCOLAIRE,True
MPANEFY,7,FORGERON,True
MANAMBOATRA MOFO,7,FAIRE DU PAIN,True
MICHARGE TELEPHONE,7,TÉLÉPHONE MICHARGE,True
MANAO ASA ANTRANO,7,FAIRE UN TRAVAIL CARITATIVE,True
MIVAROTRA FANAFODY,7,VENDRE DES DROGUES,True
MANAO MOBILE MONEY,7,GAGNER DE L'ARGENT MOBILE,True
MIVAROTRA VOAKAZO,7,VENDRE DES POTERIES,True
SARAKA ANTRSAHA,7,SÉPARATION INDIVIDUELLE,True
MPIVAROTRA FRIPPE,7,VENDEUR DE FRIPPES,True
COLECTEUR,7,COLLECTIONNEUR,True
MIVAROTRA HENAN'OSY,7,VENTE DE VIANDE DE CHÈVRE,True
MAMBOLY VARY SY VANILLE,7,CULTURE DU RIZ ET DE LA VANILLE,True
"MAMBOLY VARY,ARACHIDE",7,"CULTURE DU RIZ, DES ARACHIDES",True
GARGIEN UNIVERSITE,7,UNIVERSITÉ GARDIENNE,True
SERVICE PERSONNEL,7,SERVICE DU PERSONNEL,True
AVOCAT,7,AVOCAT,True
MANAO SALLE DE JEUX,7,Aménager une salle de jeux,True
MIVAROTRA BETSA,7,VENDRE BEAUCOUP,True
MAMBOLY CITRON,7,PLANTER DES CITRONS,True
MITRANDRAKA VOLKAMENA,7,VOLCAN MINIER,True
MIVAROTRA TSAKITSAKY,7,VENDRE DES COLLATIONS,True
MPIVAROTRA KATSAKA SY KABARO MAINA,7,REVENDEUR DE MAÏS ET KABARO SÉCHÉ,True
MPANAMBOATRA ANTSY,7,FABRICANT DE COUTEAUX,True
SECRETAIRE AMINY FOKOTANY TSARAMANDROSO,7,SECRÉTAIRE DU FOKOTANY TSARAMANDROSO,True
AGENT OPERATEUR,7,AGENT D'EXPLOITATION,True
MPANENDY PARAKY,7,ROULEAU À TABAC,True
MPIVAROTRA AMIN NY EPICERIE,7,VENDEUR À L'EPICIERIE,True
INFIRMIER GENERALISTE,7,INFIRMIÈRE GÉNÉRALE,True
RECEVEUR TAXI BE,7,GRAND RÉCEPTEUR DE TAXI,True
AGENT SECURITE,7,AGENT DE SÉCURITÉ,True
MIVAROTRA MOKARY,7,À VENDRE,True
MPANAMPY AO TRANO,7,AIDE MENAGERE,True
MIAMBINA TRANO,7,CORPS DE GARDE,True
VAROTRA HANIMASAKA,7,À VENDRE,True
MIVAROTRA HANI-MASAKA,7,VENDRE DE LA NOURRITURE,True
MACHINISTE AMIN NY ZONE FRANCHE,7,MACHINISTES EN ZONE FRANÇAISE,True
MPIVAROTRA ENTA MADINIKA,7,REVENDEUR AU DÉTAIL,True
MANTSAKA RANO,7,VERSER DE L'EAU,True
NIKAPA YLANG YLANG,7,COUPER L'YLANG-YLANG,True
MPANJONO ANDRANOMAMY,7,PÊCHEUR ANDRANOMAMIE,True
MANDAVAKA CANAL AM ANGADY,7,CREUSER UN CANAL AVEC UNE CHARRUE,True
MAMAKY HAZO,7,BRISER UN BOIS,True
MIVAROTRA LEGUIME,7,VENDRE DES LÉGUMES,True
MIBATA SY MITATITRA ENTANA,7,TRANSPORT ET TRANSPORT DE MARCHANDISES,True
NANASA LAMBA,7,LAVAGE DES VÊTEMENTS,True
CONDUCTEUR ENGIN AO AMIN'NY SEMS,7,CONDUCTEUR MOTEUR EN SEMS,True
MANOEUVRE DU BATIMENT,7,MANŒUVRE DU BATIMENT,True
MPANAMPY MPITRANDRAKA VOLAMENA,7,ASSISTANT COMMERCIAL D'OR,True
MPANAO SARAKA AN TSAHA,7,MANAGER SUR LE TERRAIN,True
MIKARAKARA FIOMPIANA,7,CHERCHE UNE FERME,True
MPISIVANA SAPHIRA,7,FILTRE SAPHIR,True
ADJOINT PRESIDENT FOKONTANY,7,VICE-PRÉSIDENT,True
MPAMPIANATRA INFORMATIQUE,7,PROFESSEUR D'INFORMATIQUE,True
MPIVAROTRA LEGUME MANDEHANDEHA,7,VENDEUR DE LÉGUMES ITINÉRANT,True
MPAMPIANATRA ENY @ EPP,7,ENSEIGNANTE À L'EPP,True
MIANNDRY OMBY,7,EN ATTENDANT UNE VACHE,True
MAMPIANATRA ANY AMIN NY ECOLE PRIVE,7,ENSEIGNER DANS UNE ÉCOLE PRIVÉE,True
MANOFA HAZO,7,A LOUER DU BOIS,True
MPIVAROTRA QUINQELLERIE,7,CONCESSIONNAIRE QUINQELLERIE,True
MIVAROTRA GARGOTTE,7,VENDRE GARGOTTE,True
MANAO MACON,7,FAIRE LE MâCON,True
MIANDRY OMBY SY MAMBOLY,7,TROUPEAU DE BÉTAIL ET DE PLANTES,True
MAHAKA SY MIVAROTRA BOZAKA,7,ACHETER ET VENDRE DE L'HERBE,True
AGENT MICRO FINANCE,7,AGENT DE MICRO FINANCE,True
MPAMBOLY SY MANAO SARAKATSAHA,7,AGRICULTEURS ET FABRICANTS,True
MANAO TRIAGE CACAO,7,TRIAGE DU CACAO,True
MAMPIANATRA AMN EPP,7,ENSEIGNER AMN EPP,True
MAMPIANATRA AMIN NY EPP,7,ENSEIGNEMENT EN EPP,True
MIVAROTRA TONGOLO,7,VENDRE TONGOLO,True
MPAMPIANATRA AMIN'NY PRIVEE,7,PROFESSEUR Particulier,True
MPITONDRA CYCLOPOUSSE,7,CONDUCTEUR DE CYCLOPOUSE,True
MPITRANDRAKA,7,ENTREPRENEURS,True
MPANERA OMBY,7,Conducteur de bétail,True
MPIANDRY OSY,7,ÉLEVEUR DE CHÈVRES,True
MANUNTATIONNAIRES(MPIASA RAIKITRA),7,MANUNTATIONNAIRES (EMPLOYÉ INSCRIT),True
MIVAROTRA FARY,7,VENDRE CANNE,True
MIVAROTRA ZAVAPISOTRO,7,VENDRE DES BOISSONS,True
MPITAONA VATO,7,COUPE-PIERRE,True
MANOEUVRE  AGRICOLE,7,MANŒUVRE AGRICOLE,True
MPIVAROTRA TOTOKENA,7,REVENDEUR AUTORISÉ,True
MPIVAROTRA RAVIKAZAHA,7,VENDEUR FEMME,True
MPAMBOLY ANANDRANO,7,AGRICULTEUR ANANDRANO,True
MAMOVO,7,FLORAISON,True
MIVAROTRA LASOPY SY COMPOSE,7,VENTE DE SOUPE ET COMPOSÉ,True
TELEOPERATRICE,7,TÉLÉOPÉRATEUR,True
MPITENDRY BATERA NY ARTISTE,7,L'ARTISTE EST UN BATTEUR,True
VENTE EN LIGNE,7,VENDU EN LIGNE,True
MPIVAROTRA LASOPY SY COMPOSE,7,REVENDEUR DE SOUPES ET COMPOSÉS,True
PLATON,7,PLATON,True
MPAMPIANATARA @ T2,7,ENSEIGNANT @ T2,True
DEVELOPPEUR INFORMATIQUE,7,DÉVELOPPEUR INFORMATIQUE,True
MPAMBOLY VARY SY LEGUME,7,PRODUCTEURS DE RIZ ET DE LÉGUMES,True
MAMBOLY VOANEMBA,7,PLANTATION DE LÉGUMES,True
MIKARAMA MANOTO FARY,7,BROYAGE DU SUCRE EN LOCATION,True
MANOTO FARY,7,BROYAGE SAIN,True
INSTITUTEURS DE L'ENSEIGNEMENT SECONDAIRE,7,INSTITUTS D'ENSEIGNEMENT SECONDAIRE,True
INSTITUTEURS DE L'ENSEIGNEMENT PREPRIMAIRE,7,INSTITUTS D’ENSEIGNEMENT PRÉ-PRIMAIRE,True
KIBAROA(MANAO INSTALLATION JIRO),7,KIBAROA (INSTALLATION DES LUMIÈRES),True
MANJAITRA SY MIVAROTRA ZAITRA,7,COUTURE ET VENTE DE COUTURE,True
C0MPTABILITE,6,COMPATIBILITÉ,True
MIVAROTRA PETROLE,6,VENDRE DU PÉTROLE,True
MIVAROTENA,6,VENTE,True
MPAMBOLY IHANY KOA FA MANAMPY NY VADINY,6,IL N'EST QU'UN AGRICULTEUR MAIS IL AIDE SA FEMME,True
MPIANDRY TANANA,6,SERVEUR DE VILLE,True
MANDRAFITRA VARAVARANA,6,FIXATION DE LA PORTE,True
MANAO SARAKA ATSAHA,6,OBTENIR SÉPARÉMENT,True
MPANAMPY FIANAKAVIANA @ FAMBOLENA VARY SY KATSAKA,6,AIDE FAMILIALE À LA PRODUCTION DE RIZ ET DE MAÏS,True
MPANAMPY @ FAMBOLENA VARY,6,ASSISTANT @ PLANTATION DE RIZ,True
MIAMBINA VOKATRA,6,GARDER LES RÉSULTATS,True
MPITARIKA POUSSE-POUSSE,6,CHAUFFEUR DE POUSSE-POUSSE,True
MANUTENTIONNAIRE,6,RESPONSABLE DE L'ENTRETIEN,True
MAMPIANATRA AMIN'ny EPP,6,ENSEIGNER EN EPP,True
"NAMBOLY VARY,OVY,KAROTY,TSARAMASO,VOMANGA",6,"JE PLANTES DU RIZ, DES POMMES DE TERRE, DES CAROTTES, DES SUCRERIES, DES POMMES DE TERRE",True
MPIASA MASINANA FITOTOAM-BARY,6,Ouvrier d'usine,True
Mpihaza produits de Mer,6,Chasseur de fruits de mer,True
MIBARA AKATA,6,MIBARA AKATA,True
MPANAO CREPE,6,CRÉPIÈRE,True
MIKARAKARA TANY LA VANILLE,6,REGARDEZ LA VANILLE,True
SECRETAIRE PERSONNELLE,6,SECRÉTAIRE DU PERSONNEL,True
MANAMBOATRA SAMBOSY,6,BÂTIMENT DE SAMBOSY,True
DEMARCHEUR AMIN'NY FITATERANA VATO SY BIRIKY SY FA,6,DEMARCHEUR POUR LE TRANSPORT DE PIERRE ET DE BRIQUES ET DE BOIS,True
MANAO FANAKA VITA @ HAZO,6,FABRIQUER DES MEUBLES EN BOIS,True
MPANARATO AO AMIN'NY PECHE EXPORT,6,PÊCHEURS À LA PÊCHE EXPORTATION,True
MANJONONA ANATY RANOMASINA,6,POISSON DANS LA MER,True
MIVAROTRA AMORONDALANA,6,VENDRE AUTOUR,True
MAç0N,6,MAç0N,True
MPAMBOATRA TRANO,6,CONSTRUCTEUR DE MAISON,True
MAMBOLY LOJO,6,PLANTATION DE LOJO,True
MIVAROTRA CD,6,VENDRE des CD,True
ANNIMATEUR,6,ANIMATEUR,True
ENSEIGNANTE,6,PROFESSEUR,True
Manao sarakantsaha(miava baibo),6,Faire un sarakantasa,True
MANAO SARAKANTSAHY,6,FAIRE UN DESSIN,True
MIOMPY AKOHO AMAM-BORONA,6,Élever du poulet avec de la volaille,True
NIASA MANGAHAZO,6,TRAVAILLÉ POUR L'OBTENIR,True
MIKARAKARA HARICOT VERT,6,RECHERCHE HARICOT VERT,True
SECURITER,6,SÉCURITÉ,True
CARRELAGE,6,CARRELAGE,True
MANJONO HAZAN-DRANOMASINA,6,POISSON DE MER,True
CHAUFFEUR NA CAMION @ ORINASA,6,CHAUFFEUR OU CAMION @ ENTREPRISE,True
MANAMBOATRA RHUM ARANGE,6,FAIRE DU RHUM À L'ORANGE,True
"NAMBOLY VARY,KATSAKA,VOMANGA,MANGAHAZO,SAONJO",6,"J'AI PLANTÉ DU RIZ, DU MAÏS, DES POMMES DE TERRE, DES MANGAGAHAS, SAONJO",True
"NAMBOLY VARY,KATSAKAnVOMANGA,MANGAHAZO,SAONJO",6,"J'AI PLANTÉ DU RIZ, DU MAÏS, DES POMMES DE TERRE, DU MANGAHA, DU SAONJO",True
MITARIKA CYCLOPOUSSE,6,CONDUIRE UN CYCLOPOUSSE,True
MPAMBOLY VARY/VOANJO/TSARAMASO/MANGAHAZO,6,PRODUCTEUR DE RIZ/MAÏS/SUCRE/CULTURE,True
MAMPIHADY SAPHIRE,6,A VENDRE SAPHIR,True
MANIVANA VATO,6,PIERRES FILTRANTES,True
MIHADY VATOSOA,6,Creusez des pierres précieuses,True
DEMARCEUR VIANDE DE BOEUF,6,VIANDE DE BŒUF DEMARCEUR,True
JARDINNIER,6,JARDINIER,True
SECRETAIRE COMMUNE,6,SECRÉTAIRE COMMUNAUTAIRE,True
VOLY LA VANILLE,6,PLANTE DE VANILLE,True
MAMBOLY SY MIVAROTRA KATTY,6,CULTURE ET VENTE DE KATTY,True
MPANDRARY HARONA SY TSIHY,6,FABRICANTS DE PANIERS ET DE TAPIS,True
MPANAO SY MPIVAROTRA MOFO SY DITE,6,FABRICANTS ET REVENDEURS DE BOULANGERIE ET ​​DE THÉ,True
PANJAITRA LAMBA,6,AIGUILLE À TISSU,True
GARDIEN CEG,6,GARDIEN DU CEG,True
BISNESS SAPHIR,6,AFFAIRES SAPHIR,True
COMMERCIALE,6,COMMERCIAL,True
MPIVAROTRA EPI-BAR,6,REVENDEUR EPI-BAR,True
MANAO MOFOGASY,6,FAIRE DES MUGAS,True
FIVAROTANA TONGOLO,6,BOUTIQUE TONGOLO,True
SERVEUSE GARGOTTE,6,SERVEUSE GARGOTTE,True
"MAMBOLY VARY,VOANJO,KATSAKA",6,"CULTURE DU RIZ, DU MAÏS, DU MAÏS",True
"MAMBOLY VARY,VOANJO ,KATSAKA",6,"CULTURE DU RIZ, DU MAÏS, DU MAÏS",True
SARAN KATSAHA,6,SARAN KATSAHA,True
MAMBOLY VOATANGO,6,PLANTATION DE POMMES DE TERRE,True
MAMPIANATRA µ,6,ENSEIGNER µ,True
FAMBOLENA VARY SY MANGAHAZO,6,CULTURE DU RIZ ET DE LA VIANDE,True
REGISSEUR,6,DIRECTEUR,True
MPANAMPY FIANAKAVIANA MAMBOLY VARY SY ANANA,6,AIDE FAMILIALE PLANTANT DU RIZ ET DES LÉGUMES,True
VETERINAIRE,6,VÉTÉRINAIRE,True
MPANEFY VI,6,ROSE NOIRE VI,True
MPANERA HUILE ESSENTIEL DE JIROFLE,6,SPOILER HUILE ESSENTIELLE DE CERISE,True
MANAO SARAKATRAHA,6,FAIRE LE SARAKATRAHA,True
GUIDE,6,GUIDE,True
MANAPAKY HAZO,6,COUPE DU BOIS,True
MIVAROTRA TAOVANKENA,6,VENTE D'ORGANES,True
MPIVARTRA VATOSOA,6,REVENDEUR DE GEMMES,True
Mivarotra PPN sy LAMBAHOANY,6,Vente de PPN et de VÊTEMENTS,True
CHAUFEUR CAMION BELO-ANTSIRARAKY,6,CHAUFFEUR DE CAMION BELO-ANTSIRAKY,True
TRANSPORTEUR,6,TRANSPORTEUR,True
MIKARAMA MANANGONA PRODUITS LOCAUX,6,LOCATION POUR COLLECTER LES PRODUITS LOCAUX,True
MPITATITRA ANDRANOMAMY,6,JOURNALISTE ANDRANOMAMIE,True
CHAUFEUER,6,CONDUCTEUR,True
TRIAGE LA VANILLE,6,TRIAGE VANILLE,True
MPAJONO ANDRANOMASINA,6,PÊCHEUR EN MER,True
"MPAMBOLY VARY,KATSAKA,MANGAHAZO,VOANJO",6,"PRODUCTEUR DE RIZ, MAÏS, LÉGUMES, MAÏS",True
FEMME DEMENAGE,6,DÉMENAGE FÉMININE,True
MIVAROTRA VARY SY VAOMAINA,6,VENDRE DU RIZ ET DES CÉRÉALES,True
IRAKIRAKA MIBATA ENTANA,6,MESSAGER D'EXPÉDITION,True
MIASA ANTRANO AMIN OLONA,6,TRAVAILLER POUR AIDER LES GENS,True
MITOTO VARY AMINY MACHINE,6,MOULER LE RIZ AVEC UNE MACHINE,True
PANDRAFITRA FANAKA,6,CONCEPTEUR DE MEUBLES,True
MPAMBOLY ZANAKAZO,6,PRODUCTEUR POUR ENFANTS,True
MPISA ATRANO,6,COMPTEUR COMPTEUR,True
MIVAROTRA VARY MASAKA,6,VENDRE DU RIZ CUIT,True
"NAMBOLY VARY,OVY,MANGAHAZO,PARAKY,MANGAHAZO,KATSAK",6,"CULTURE DU RIZ, POMMES DE TERRE, MANGAHA, TABAC, MANGAHA, KATSAK",True
MANAMBOATRA KOFAFA,6,FAIRE DU PAIN,True
DODOME,6,DODÔME,True
PRESIDENT N FOKOTANY,6,PRÉSIDENT N FOKOTANY,True
MPIVAROTRA VOAMAIGNA,6,REVENDEUR DE MARCHANDISES,True
MIVAROTRA ATODY SY VORONA,6,VENDRE DES OEUFS ET DE LA VOLAILLE,True
ENVIRONNEMENTALISTE,6,ENVIRONNEMENTALISTE,True
mpamboly,6,fermier,True
CONDUCTEUR D'ELEVATEUR POUR CONTENEUR,6,CONDUCTEUR D'ASCENSEUR POUR CONTENEURS,True
MIADY VATO,6,COMBATTRE LES PIERRES,True
MARKETING PUBLICITAIRE,6,PUBLICITÉ MARKETING,True
MPIVAROTRA FRUIT DE MER MAINA,6,VENDEUR DE FRUITS DE MER SECS,True
MIVAROTRA PRODUIT COSMETIQUE,6,VENDRE DES PRODUITS COSMÉTIQUES,True
"MAMBOLY VARY,OVY,VOMANGA",6,"PLANT DU RIZ, DES POMMES DE TERRE, DES POMMES DE TERRE",True
"NAMBOLY VARY,OVY,VOMANGA",6,"RIZ PLANTÉ, POMMES DE TERRE, POMMES DE TERRE",True
"MAMBOLY VARY,VOMANGA,KATSAKA",6,"CULTURE DU RIZ, DES POMMES DE TERRE, DU MAÏS",True
MANAO MANOEUVRE,6,FAIRE DES MANŒUVRES,True
SERVEUSE @ GARGOTTE,6,SERVEUR @ GARGOTTE,True
MIKAPOBATO,6,MIKAPOBATO,True
MITARIKA SARETY TANANA,6,CONDUIRE UN CHARIOT À MAIN,True
MAKA RANON'OLONA,6,OBTENEZ DE L'EAU HUMAINE,True
MANAO RARY,6,C'EST DOULOUREUX,True
MANDRAFITRA HAZO,6,SCULPTURE DU BOIS,True
MAMPIANATRA @ AMBARATONGA FOTOTRA,6,ENSEIGNEMENT @ AMBARATONGA FONDAMENTAUX,True
"MAMBOLY VARY,FARY",6,"CULTURE DU RIZ, DU SUCRE",True
FANARATOANA FIAN -DRANOMASINA,6,PÊCHE EN MER,True
MPANOFY VOAMADILO,6,UN RÊVEUR,True
MPANERA KISOA,6,BEURRE DE PORC,True
MPITRANDRKA VOLAMENA,6,MINEUR D'OR,True
DIRECTEUR,6,DIRECTEUR,True
MAMBOLY CAFE,6,CULTURE DU CAFÉ,True
SARAKANTSAHA NANETSA VARY,6,RIZ SARKANTASA SALÉ,True
SARAKANTSAHA NIASA TANIM BARY,6,SARAKANTSAHA A TRAVAILLÉ DANS LES CHAMPS DE VIGNE,True
MANAMBOATRA VOVO FAMANDRIANA TRONDRO,6,FABRICATION DE POUDRE DE POISSON,True
MPANAO ASA TSELIKA,6,TRADITIONNEUR,True
FAMBOLENA MADINIKA (ovy),6,PETITE AGRICULTURE (pommes de terre),True
fambolena madinika (ovy),6,petite culture (pommes de terre),True
MPIVAROTRA TARETRA,6,REVENDEUR COMMERCIAL,True
MPITAONA ENTANA,6,CHARGEUR,True
KARIERA,6,CARRIÈRE,True
NANAPA-BARY,6,COUPER LE BLÉ,True
"MAMBOLY VARY, KATSAKA",6,"PLANT DU RIZ, DU MAÏS",True
MPIVAROTRA SAKAFO MANTA,6,REVENDEURS DE PRODUITS CRUS,True
PATISSIERE,6,PÂTISSIÈRE,True
MIKARAMA MANAMPY AN'IZY MIVADY AMIN'NY FIVAROTANA,6,SE FAIRE ENGAGER POUR L'AIDER À SE MARIER EN SHOPPING,True
MPIASA BIRAO AO @ CISCO BESALAMPY,6,EMPLOYÉ DE BUREAU @ CISCO BESALAMPY,True
MANADIO,6,NETTOYER,True
MAMPIANATRA COURS,6,COURS D'ENSEIGNEMENT,True
MPANEFY ANGADY,6,UN FRÈRE DE CHARRUE,True
MAMBOLY YLANG YLANG,6,PLANTE D'YLANG-YLANG,True
MANOEUVRE FANAMBOARANA TRANO,6,MANŒUVRE DE CONSTRUCTION DE MAISON,True
MPAMILY CAMION,6,CHAUFFEUR DE CAMION,True
MANAMBOTRA TRANO maçon,6,CONSTRUIRE UNE MAISON EN MAÇONNERIE,True
"MAMBOLY TSAKO,BELE,BALAHAZO",6,"CULTURE DE LÉGUMES, LÉGUMES, BALAHAZO",True
MAMBOLY POIVRE,6,POIVRE PLANT,True
ANIMATRICE @CROIX ROUGE,6,ANIMATRICE @CROIX ROUGE,True
MPIVAROTRA VY BROKATERA,6,COURTAGE DE REVENDEURS DE FER,True
MITRANDRAKA VATOSOA,6,Exploitation minière de pierres précieuses,True
MIVAROTRA VOTABIA,6,VENDRE ÉPICERIE,True
MAKA FOZA ORANA TRONDRO PIRINA,6,OBTENIR DU POISSON PIRINA CRABE DE PLUIE,True
MIVAROTRA RANONA CAFE,6,VENDRE DE L'EAU DE CAFÉ,True
MPANAO TRILLAGE FIBRE DE SISAL,6,FABRICANT DE TRILLAGE EN FIBRE DE SISAL,True
MIVAROTRA HANIMASAKA SY LEGUME,6,VENTE DE POISSON ET LÉGUMES,True
CHAUFFEUR CITERNE,6,CONDUCTEUR DE RÉSERVOIR,True
VAROTRA HANIMASAKA SY LEGUME,6,COMMERCE DE FRAIS ET LÉGUMES,True
MPIASA TANY,6,TRAVAILLEURS TERRAINS,True
MANJAITRA ANKAJO,6,COUDRE À DROITE,True
MPANAPY ATOKATRANO,6,CHAUFFAGE INTÉRIEUR,True
MANAO SARAKA AN-TSAHA,6,SÉPARATION DE CHAMP,True
MIKARAMA MIVARO-KENA,6,embaucher un boucher,True
MIVAROTRA PASTEQUE,6,VENDRE DES Pastèques,True
MIVAROTRA ZAVA PISOTRO,6,VENDRE DES PRODUITS POUR PISTOLETS,True
RARY,6,RARY,True
MPANERA VY,6,FONDATEUR DE FER,True
MANEFY FATAPERA,6,FIXER UNE LIMITE,True
CAHUFFEUR TAXI BROUSSE,6,CAHUFFEUR TAXI BRUSSE,True
MPIVAROTRA FANAKA,6,REVENDEUR DE MEUBLES,True
MPANAO VOLAMENA,6,FABRICANT D'OR,True
SEFO FOKONTANY,6,CHEF DE VILLAGE,True
MPIVAROTRA SAKAFO MASAKA @ GARGOTTE,6,VENDEUR DE PRODUITS CUISINÉS @ GARGOTTE,True
MPANAO YAOURT,6,Yaourtière,True
MANDIO SIRA,6,SEL DE NETTOYAGE,True
MANADIO SIRA,6,SEL NETTOYANT,True
MIVARITRA LETCHIS,6,VENDRE DES LETCHIS,True
SURVELLANT GENERALE,6,SUPERVISEUR GÉNÉRAL,True
MITSIMPONA LOJY ANY AMIN NY ENTREPRISE,6,RÉCUPÉRER LES JOURNAUX DE L'ENTREPRISE,True
MPAPIANATRA LYCEE TECHNIQUE,6,ENSEIGNANTE AU LYCEE TECHNIQUE,True
MIVAROTRA ZANANKAZO,6,VENDRE DES ENFANTS,True
MANAMBOATRA PARPAINS,6,FABRICATION DE PARPAINS,True
MITSIMPONA RAVINA GIROFLE,6,COLLECTION DE FEUILLES DE PETITE AMIE,True
MITONDRA SARETY,6,CONDUIRE UN WAGON,True
MPAMAKY VATOKELY,6,UN LIVRE DU LECTEUR,True
DOMESTIQUES,6,DOMESTIQUE,True
MARKETING,6,COMMERCIALISATION,True
MPANAPY,6,CHAUFFAGES,True
MANAO SARAKANTSA,6,FAIRE DU PLAISIR,True
MIANDRY FONJA,6,ATTENDRE EN PRISON,True
MANAMPY AMIN'NY FANAOVANA SARAKA ANTSAHA,6,AIDE AVEC DES PRATIQUES SÉPARÉES,True
MANAMPY MANAO SARAKA ANTSAHA,6,AIDER À SÉPARER LA MOITIÉ,True
GARDIEN TRANOMBAROTRA,6,GARDIEN TRANOMBAROTRA,True
FAMBOLENA SY FIVAROTANA LA VANILLE,6,AGRICULTURE ET COMMERCE LA VANILLE,True
ASA ABDRO,6,TRAVAIL ABDRO,True
MPIVAROTRA RAVINDRAKETA,6,Marchand de disques,True
MIVAROTRA RAVINDRAKETA,6,VENDRE DES DOSSIERS,True
PRODUCTION PEPINIERE JIROFO,6,PRODUCTION EN PÉPINIÈRE,True
MANAMPY NY VADINY MIVAROTRA VOAMAINA,6,IL AIDE SA FEMME À VENDRE DES GRAINS,True
PÖLISY,6,POLICE,True
EXPLOITANT ET VENDEUR D'OR,6,EXPLOITANT ET VENDEUR D'OR,True
MPAMBOLY VOATABIA,6,PRODUCTEUR DE TOMATES,True
MACON MIASA AMIN OLONTSOTRA,6,MACON TRAVAILLE AVEC LES GENS,True
MANOEUVRE MAMANPY NY DADANY,6,MANOEUVRE AIDE SON PÈRE,True
"MAMBOLY VARY,CITRON",6,"CULTURE DU RIZ, DES CITRONS",True
MPIHAZA,6,CHASSEUR,True
MANOEUVRE DE CHANTIER,6,MANŒUVRE DE CHANTIER,True
MAMATOTRA ENTANA,6,CONDITIONNEMENT,True
MITARIKA POUSSY,6,Mener une poussée,True
MIVAROTRA ANANA ANY ATSENA,6,VENDRE DES LÉGUMES AU MARCHÉ,True
MIVAROTRA ANANA ANY ANTSENA,6,VENDRE DES LÉGUMES AU MARCHÉ,True
MANAMBOATRA TRANO maçon,6,CONSTRUIRE UNE MAISON EN MAÇONNERIE,True
MPIVAROTRA DIVAY SY TOAKA,6,REVENDEURS DE VIN ET ALCOOLS,True
MANAMPY FIANAKAVIANA AMIN FAMBOLENA,6,AIDER LES FAMILLES À FAMBING,True
MANATITRA ZAZA ANY ANTSEKOLY AMINNY BICYCLETTE,6,METTRE LES ENFANTS À L'ÉCOLE À VÉLO,True
MPAMBOLY SY MPIOMPY MADINIKA,6,AGRICULTEURS ET PETITS ÉLEVEURS,True
MIVAROTRA MOFO GASY SY DITé,6,VENDRE DU PAIN ET DU THÉ AU GAZ,True
MPAMBOTRA TRANO,6,CONSTRUCTEUR DE MAISON,True
MIKARAMA MANAO CANAL NY VARY,6,LOCATION DE CANAUX DE RIZ,True
MIADY CANAL,6,CANAL DE COMBAT,True
FIVAROTANA BROCANTEUR,6,BOUTIQUE BROCANTEUR,True
ZAITRA,6,COUTURE,True
MARIN,6,MARIN,True
MAMBOATRA SY MIVAROTRA CHARBON,6,FABRICATION ET VENTE DE CHARBON,True
MILITAIRE,6,MILITAIRE,True
MPANAMBOATRA BISCUIT GASY,6,FABRICANT DE BISCUITS AU GAZ,True
MIVAROTRA FILAO,6,VENDRE FILAO,True
MANAMBOATRA BISCUIT GASY,6,FABRICATION DE BISCUITS AU GAZ,True
MAMBOLY SAKAY,6,PLANTATION DE CHIPPIES,True
MAMBOLY LEGUME SY VARY,6,PLANTEZ DES LÉGUMES ET DU RIZ,True
MAKA SARY,6,PRENDRE UNE PHOTO,True
PROSTITUE,6,PROSTITUER,True
PROSTITUER,6,PROSTITUER,True
MIVAROTRA PRODUITS COSMETIQUES,6,VENDRE DES PRODUITS COSMÉTIQUES,True
CHEF FOKOTANY,6,CHEF FOKOTANY,True
MIOMPY POULET DE CHAIR SY AKOHO GASY,6,POULET SUR CHAISE DE RACE ET POULET À GAZ,True
MPIVAROTRA ENTA MADINIKA AMIN NY EPICERIE,6,VENDEUR DE PRODUITS AU DÉTAIL DANS LE MAGASIN EPIC,True
MIARAMILA (MONITEUR PARACHUTISTE),6,MILITAIRE (MONITEUR PARACHUTISTE),True
AUDITEUR,6,AUDITEUR,True
MANAO CAFE SY MOFO ARY LASOPY SY COMPOSE,6,"FAIRE DU CAFÉ, DU PAIN ET DE LA SOUPE ET COMPOSER",True
MPANAMBOATRA TRANO maçon,6,CONSTRUCTEURS MAÇONS,True
GREFFIER,6,REGISTRE,True
MIAMBINA LAKORO,6,GARDER LA ROUTE,True
MIKARAMA MANAO VATO ENY @CARRIERE,6,EMBAUCHE POUR FAIRE DE LA PIERRE CHEZ @CARRIERE,True
MIASA VATO @ CARRIERE,6,TRAVAIL DE LA PIERRE @ CARRIÈRE,True
MATSAKAN OLONA,6,OBTENEZ DES PERSONNES,True
MANAO BRICOLAGE,6,FAIRE DU BRICOLAGE,True
KIBARO,6,KIBARO,True
MPANAO CONFECTION,6,CONFISEUR,True
REPARATEUR ELECTRONIQUE,6,RÉPARATION ÉLECTRONIQUE,True
VAROTRA PPN,6,VENTES DE PPN,True
MANAMPY MANASA LAMBA,6,AIDE À LAVER LES VÊTEMENTS,True
DOCEURE,6,MÉDECIN,True
CHAFFEUR,6,CHAFEUR,True
MPAMBOLY VOAMANGA,6,FERMIER DE MANGAS,True
MAMBOLY VARY MANGAHAZO LEGUMES,6,PLANTATION DE LÉGUMES POUR LA CULTURE DU RIZ,True
INGENIEUR INFORMATIQUE,6,INGÉNIEUR INFORMATIQUE,True
AGENCE DE CONSEIL DE LA SANTE,6,AGENCE CONSEIL DE SANTÉ,True
MPANJAHITRA,6,PÊCHEUR,True
MIVAROTRA VOMANGA SY MANGAHAZO ARY TSARAMASO,6,"VENDRE POMMES DE TERRE, MANGAGES ET SUCRE",True
MANAMBOATRA SY MIVAROTRA TOKA,6,FABRIQUER ET VENDRE UNIQUEMENT,True
MIVAROTRA BOISSON,6,VENDRE DES BOISSONS,True
RECEVEUR BUS,6,RÉCEPTEUR D'AUTOBUS,True
MANAO TOAKA,6,BOIRE DE L'ALCOOL,True
MPAMPIANANTRA,6,PROFESSEUR,True
MANEUVRE MACON,6,MANŒUVRE DE MACON,True
MANAMBOTRA FROMAGE,6,RAMASSER LE FROMAGE,True
MIANDRY CACAO,6,EN ATTENDANT LE CACAO,True
GARDIEN (COLLEGE PRIVE),6,GARDIEN (COLLÈGE PRIVÉ),True
MANAO MANOEUVRE (RESAKA TRANO),6,FAIRE DES MANŒUVRES (TACHE MAISON),True
MPANDRAFITSE,6,MENUISIER,True
NAMBOTRA CHARBON,6,EMBALLAGE DE CHARBON,True
Mpamboly vary,6,Producteur de riz,True
MANAMBOTRA FIARA,6,ACHETER UNE VOITURE,True
MPAMIANATR ENY @EPP AMBALAHONKO,6,ENSEIGNANTE À @EPP AMBALAHONKO,True
MITATITRA ENTANA @ SARETY,6,ERREUR: The read operation timed out,True
MPANERA @ PARQUAGE,6,MPANER @ PARQUAGE,True
MANAMPY MAMBOLY VARY MADINIKA,6,AIDE À PLANTER DU PETIT RIZ,True
MIVAROTRA PRODUIT DE MER,6,VENDRE DES PRODUITS DU MARCHÉ,True
MIARAK'ANDRO,6,ENSEMBLE,True
MIKARAMA MIVAROTRA LAMBA,6,Embauche pour vendre du tissu,True
saraka antsaha,6,complètement séparé,True
AGENT PENITENCIER,6,AGENT PÉNITENCIAIRE,True
MPIVAROTRA AKORA AMPIASAINA @ FAMBOLENA,6,VENDEUR D'INGRÉDIENTS USAGÉS @ FAMBOLENA,True
MAMBOLY JIROFO,6,PLANTE de clous de girofle,True
MIVAROTRA ANAMAMY,6,VENDRE ANAMAMY,True
MISANGOTRA JIROFO,6,TENIR UNE LUMIÈRE,True
MAMPIANATRA EPP,6,ENSEIGNER LE PPE,True
MIAMBINA OMBY,6,GARDEZ LA VACHE,True
"MAMBOLY VARY,MANGAHAZO",6,"PLANT DU RIZ, RÉCOLTE",True
LIVREUER,6,BIBLIOTHÈQUE,True
MPIVAROTRA VOAKAZO,6,VENDEUR,True
MASSEUSE,6,MASSEUSE,True
MANAO SY MIVAROTRA YAOURT,6,FABRIQUER ET VENDRE DU YAOURT,True
MPIVAROTRA TOAKA MANDENDEHA,6,Marchand d'alcool ambulant,True
MPIVAROTRA KOJAKOJA,6,REVENDEUR DE PIÈCES,True
MIVAROTRA NEM,6,VENDRE NEM,True
MIKARAKARA KARAMA NY MPIASA,6,LES TRAVAILLEURS REÇOIVENT UN SALAIRE,True
MPANDRAFYTRA FANAKA,6,CHARPENTIER DE MEUBLES,True
MIVAROTRA ROFIAGNE,6,A VENDRE ROFIAGNE,True
MAMAROTRY TOAKY,6,VENDRE DE L'ALCOOL,True
MACONNERIE,6,MAÇONNERIE,True
MIAVAROTRA CHARBON,6,VENDRE DU CARBONE,True
MIV1ROTRA CHARBON,6,MIV1ROTRA CARBONE,True
MPIANTOKA CHARBON,6,ASSUREUR CARBONE,True
SUIVI DES DOSSIER ENVOYER PAR COURRIER ET FACTEUR,6,SUIVI DES DOSSIER ENVOYER PAR COURRIER ET FACTEUR,True
MIVAROTRA MOFO SY KAFE,6,VENDRE DU PAIN ET DU CAFÉ,True
MPIVAROTRA TRONDRO LENA,6,VENDEUR DE POISSON HUMIDE,True
MIVAROTRA VONIKAZO,6,VENDRE DES FLEURS,True
MPAMPIANATRA AMINY ECOLE PRIMAIRE,6,ENSEIGNANT DU PRIMAIRE,True
DIRECTEUR D ECOLE PRIMAIRE PUBLIC,6,DIRECTEUR D'ÉCOLE PRIMAIRE PUBLIQUE,True
"Mivarotra trondro maina,patsa,makamba,voamaina",6,"Vente de poisson séché, crevettes, crevettes, céréales",True
MAMAO SARAKA ANTSAHA,6,MAMA MOITIÉ SÉPARÉE,True
AGENT PORTEFEUILLE,6,AGENT DE PORTEFEUILLE,True
MANARATO ANDRANOMASINA,6,PÊCHE EN MER,True
MANDRARY LAFIKA,6,MAL DE DOS,True
ASSISTANT ADMINISTRATIF,6,ADJOINTE ADMINISTRATIVE,True
VOLY LAISO,6,RÉCOLTE DE CHOU,True
MANAO CROCHET,6,CROCHETER,True
CROCHET,6,CROCHETER,True
MIVAROTRA SY MANDRARY TSIHY,6,MAT VEND ET DÉCHARGE,True
PIVAROTRA ANANA,6,VENTE DE LÉGUMES,True
MIARALILA SOUS OFFICIERS,6,OFFICIERS DE MIARALILA NICE,True
CHAUFFEUR TAX BROUSSE,6,Chauffeur fiscal bruxellois,True
CAICIER,6,CAICIER,True
ADJOINT ADMINISTRATIF,6,ADJOINT ADMINISTRATIF,True
MPAMPIANATRA PRIMAIRE PUBLIC,6,ENSEIGNANT PRIMAIRE PUBLIC,True
MAçons,6,Maçons,True
"NAMBOLY VARY,VOMANGA,KATSAKA,TSARAMASO,POMA,OVY",6,"RIZ PLANTÉ, POMMES DE TERRE, MAÏS, SUCRERIES, POMMES, POMMES DE TERRE",True
"NANMBOLY VARY,OVY,KATSAKA,POMA,TSARAMASO,VOMANGA",6,"J'AI PLANTÉ DU RIZ, DES POMMES DE TERRE, DU MAÏS, DES POMMES, DU SUCRE, DES POMMES DE TERRE",True
MANJAITRA HARONA,6,PANIERS À COUDRE,True
MANAO TADY,6,FAIRE UNE CORDE,True
MAMBOATRA TADY,6,CONSTRUIRE UNE CORDE,True
MPAMBOLY LOJY SY VARY,6,GLOBE ET RIZICULTEURS,True
MANOEUVRFE,6,MANOEUVRE,True
MPAMPIANATRA FRANCAIS,6,PROFESSEUR DE FRANÇAIS,True
MIASA MANGAHAZO,6,TRAVAILLER POUR GAGNER,True
MITATITRA ENTANA AMIN'NY SARETY,6,TRANSPORTER DES CHARGES,True
MPITONDRA FIANGONANA,6,CHEF D'ÉGLISE,True
SURVEILLANT DE CEG  (ECOLE),6,SUPERVISEUR DE CEG (ÉCOLE),True
MPOMPISTE,6,POMPISTES,True
MPAMBOLY VOMANGA MANGAHAZO,6,PRODUCTEUR DE POMMES DE TERRE,True
MIVARO-DAMBA,6,MAGASIN DE TISSUS,True
MPAMBOLY MADINIKA ( VARY),6,PETITS AGRICULTEURS (RIZ),True
FIASANA TANY FAMBOLENA,6,TRAVAIL DES TERRES AGRICOLES,True
MANAMBOATRA BICYCLETE,6,RÉPARATION DE VÉLOS,True
MPANAMBOATRA ANGADY,6,FABRICANT DE CHARRUE,True
MPAMBOLY VARY ANKORAKA SY ANTANETY,6,RIZICULTEURS EN LIGNE ET EN LIGNE,True
MPANAMPY FIANAKAVIANA @ FIVAROTANA TRONDRO,6,AIDE FAMILIALE @ POISSONS,True
MIVAROTRA AKOHO AMAMBORONA,6,ACHETER DU POULET À VENDRE,True
MIVAROTRA VOANKAZO SY FIA SALY,6,VENTE DE LÉGUMES ET PLANTES DE SALY,True
MPANARATO ANDRANOMASINA,6,PÊCHEUR EN MER,True
MIPIKO JIROFO,6,LA LUMIÈRE CLIGNOTE,True
MPIVAROTRA MOFO GASY SY MOFO SIRA,6,REVENDEUR DE CUISSON AU GAZ ET AU SEL,True
CONSEILLER,6,CONSEILLER,True
ELECTRICIEN MIASA TENA,6,ÉLECTRICIEN INDÉPENDANT,True
MPIVAROTRA ZAVAM-PISOTRO,6,REVENDEUR DE BOISSONS,True
EMPLOYE DE BUREAU (ORGANISATEUR DES VOYAGES),6,EMPLOYÉ DE BUREAU (ORGANISATEUR DE VOYAGES),True
DOCKEUR,6,DOCKER,True
MPIOMPY BITRO,6,ÉLEVEURS DE LAPIN,True
MIKARAMA MATSAKA RANO,6,LOUER BEAUCOUP D'EAU,True
FAMBOLENA PETSAY,6,FAMBAY PETSAY,True
MANADIO THON,6,PROPRE THUN,True
MANERA AMIN'NY TAXI BROUSSE,6,ARRIVER EN TAXI BRUSSE,True
MAKA BARARATA,6,PRENEZ UNE CANNE,True
MAKA SY MIVAROTRA FANDREHITRA,6,SOLUTIONS D'ACHAT ET DE VENTE,True
MANOMANA TANY KABARO,6,PRÉPARER LA TERRE DE KABARO,True
"MAMBOLY VARY,TSARAMASO,ANGIVY",6,"CULTURE DU RIZ, DU SUCRE, DE L'ANGIVIE",True
Mamboly vary sy café,6,Cultivez du riz et du café,True
MAGASINIER EN QUINQUAILLERIE,5,MAGAZINIER EN QUINQUAILLERIE,True
Mampianatra@EPP,5,Enseignement@EPP,True
MANAO SAISIE,5,FAIRE UN ESSAI,True
MPIVAROTRA FRIPPERIE,5,REVENDEURS FRIPPERIE,True
MPIVAROTRA CHARBON SY VOAMAINA,5,Négociants en carbone et en grains,True
"NAMBOLY VARY,OVY,KAROTY,KATSAKA,VOMANGA,MANGAHAZO",5,"JE PLANTES DU RIZ, DES POMMES DE TERRE, DES CAROTTES, DU MAÏS, DES POMMES DE TERRE, DE LA MANGUE",True
"NAMBOLY VARY,KATSAKA,KAROTY,OVY,VOMANGA,MANGAHAZO,",5,"CULTURE DU RIZ, DU MAÏS, DES CAROTTES, DES POMMES DE TERRE, DES POMMES DE TERRE, DES MANGES,",True
MPANJONO ANDRANOMAMY MADINIKA,5,PETIT PÊCHEUR ARC-EN-CIEL,True
"MPIVAROTRA DIVAY, TOAKA GASY,RAKENA",5,"VENDEUR DE VIN, Fizzy Spirits, RAKENA",True
MANANGONA RONONO,5,COLLECTE DU LAIT,True
MPITONDRA POUSSE POUSSE,5,POUSSE POUSSE CONDUCTEUR,True
MPIARAKA OMBY,5,AMIS VACHE,True
MANAMBOATRA PANIER,5,CONSTRUIRE UN PANIER,True
MAMAKY KAKAZO,5,CAFÉ DE LECTURE,True
TECHNICIEN DE LABORATOIRE,5,TECHNICIEN DE LABORATOIRE,True
MAMBOLY VARY.MANGAHAZO,5,PLANTATION DE RIZ,True
MIVAROTRA LETCHI,5,VENDRE LETCHI,True
RESPONSABLE TRANSITE,5,RESPONSABLE DU TRANSPORT,True
MAMPIANATRA AMIN'NY UNIVERSITE,5,ENSEIGNEMENT À L'UNIVERSITÉ,True
PHARMACIENNE,5,PHARMACIE,True
CONTROLEUR QUALITE,5,CONTRÔLEUR QUALITÉ,True
MPIASA BIRAO,5,EMPLOYÉ DE BUREAU,True
FIOPINA OMBY,5,ÉLEVAGE BOVIN,True
CHEF D'EQUIPE,5,CHEF D'ÉQUIPE,True
AGENT DE CHANTIER,5,AGENT DE CONSTRUCTION,True
MPANAMPY FIANAKAVIANA @ FAMBOLENA VARY SY MANGAHAZ,5,AIDE FAMILIALE @ FAMBOLENA VARY ET MANGAHAZ,True
ELECTROTECHNICIEN,5,TECHNICIEN ÉLECTRIQUE,True
DIRECTRICE @ COLLEGE PRIVVE,5,DIRECTEUR @ COLLÈGE PRIVÉ,True
MPANOTRA OLONA TAPAKA TAOLANA,5,VISITEURS DES OS CASSÉS,True
MPIVAROTRA KOJAKOKO FIHAINGO VEHIVAVY,5,REVENDEUR DE BIJOUX POUR FEMMES,True
MIKARAMA MPANASA LAMBA,5,LOCATION D'UNE LAVE-LINGE,True
AIDE MENUSIEUR,5,ASSISTANT MENUSIEUR,True
MITONDRA TAXI,5,CONDUIRE UN TAXI,True
MPANAO ARINA,5,FABRICANT DE CHARBON,True
MPAMPIANATRA MALAGASY,5,PROFESSEUR D'ANGLAIS,True
MANAO SY MIVAROTRA MOFO GASY,5,FABRIQUER ET VENDRE DES CUISSON AU GAZ,True
MPANAO SIRA,5,SELIÈRE,True
DEMARCHEUR VOLAFOTSY,5,DÉMARCHEUR BLANC,True
MPIVARO-KEN'OMBY ENY@TSENA AMORONDALANA,5,VENDEUR DE BOEUF ENY@TSENA AMORONDALANA,True
MPIVAROTRA ANANA SY LEGUME AMORON DALANA,5,VENDEUR DE LÉGUMES ET LÉGUMES RUE AMORON,True
NAMBOLY VOAMANGA,5,MANGUES PLANTÉES,True
MANAO GATEAUX,5,FABRICATION DE GATEAUX,True
MANAO SARAKA ANTSAH,5,SÉPARÉ EN PARTIE,True
MANAMBOATRA MOTO,5,RÉPARATION DE MOTOS,True
MITAONA ENTANA AMIN KIBOTA,5,CHARGEMENT DE CHARGES À KIBOTA,True
MPIVAROTRA MOFO SY CAFE,5,BOULANGERIE ET ​​COMMERCE DE CAFÉ,True
MAMAKY FOLERA VANILLE,5,LIRE LE DOSSIER VANILLE,True
MAITRE FRAM AMIN'NY CEG,5,FRAM MAÎTRE DU CEG,True
MPAMPIANATRA AMIN'NY LYEE,5,ENSEIGNANTE À LYEE,True
"MANJAITRA AKANJO,GILET,ROBE",5,"COUDRE ROBES, GILETS, ROBES",True
KOMITIM-POKONTANY,5,COMITÉ COMTÉ,True
PENINTATIARE,5,Pénitencier,True
REGISEUR DE CAISSE COMMUNE SANDRANDAHY,5,REGISTRE DE LA CAISSE COMMUNE SANDRANDAHY,True
MPITONDRA POUSE POUSE,5,POUSE POUSE CONDUCTEUR,True
LOGISTICIEN ET MAGASINIER,5,LOGISTIQUE ET MAGASINIER,True
GESTIONNAIRE CLIENTEL,5,CHEF DE CLIENTÈLE,True
PANAMPY AO ATRANO,5,ASSISTANCE À CÔTÉ,True
ANGENT DE SECURITE,5,AGENT DE SÉCURITÉ,True
SARAKATSAHA£,5,SARAKATSAHA£,True
MANAMBOTRA CROISSANT,5,ACHETER DES CROISSANTS,True
SECRETARIAT,5,SECRÉTARIAT,True
FANDRARINA,5,INTERDICTION,True
MPITARIKA POSY MITONDRA OLONA,5,CHAUFFEUR DE BILLETS TRANSPORTANT DES PERSONNES,True
MITONDRA SARETY (TSY TOMPONY),5,CONDUIRE UN WAGON (NON PROPRIÉTÉ),True
SERVEUSE AMINY GARGOTTE,5,SERVEUSE AMINY GARGOTTE,True
MIVAROTRA JUS NATUREL,5,VENDRE DES JUS NATURELS,True
MPIVAROTRA GLACE,5,VENDEUR DE GLACE,True
MITRANDRAKA VATO QUARTZ,5,PIERRE DE QUARTZ MINIÈRE,True
RASAZY,5,RUSSE,True
MIBATA ENTANA AMIN'NY MAGASIN MPANAO TRONDRO MAIKY,5,CHARGEMENT AVEC LE MAGAZINE DE PÊCHE,True
MANAMPY MPANAMBOATRA HARATO,5,AIDER LES CRÉATEURS DE RÉSEAU,True
DIRECTEUR NY BOA,5,DIRECTEUR DU BOA,True
MIASA ANATY TOKAN-TRANO KILASY MANDRY,5,TRAVAILLER DANS UNE MAISON DE CLASSE DORME,True
Sarakantsaha,5,Entrepreneur,True
MANAMPY MIVAROTRA PPN @GROSSISTE,5,AIDEZ À VENDRE PPN @GROSSISTE,True
MPIVAROTRA FYA,5,CONCESSIONNAIRE FYA,True
MPITODRA POSY,5,conducteur de pousse-pousse,True
MIKARAMA MAMBOLY VARY,5,Embauche pour planter du riz,True
MPAMPIANATRA @ ECOLE PRIMAIRE,5,ENSEIGNANTE À L'ÉCOLE PRIMAIRE,True
MIVAROTRA TOAKA ENY ANTSENA,5,VENTE D'ALCOOL DANS LA BOUTIQUE,True
FEMME DE SURFACE AO AMIN'NY UNIVERSITE MAHAJANGA,5,FEMME DE SURFACE À L'UNIVERSITÉ DE MAHAJANGA,True
MAçON AMIN'NY FANAMBOARANA TRANO,5,MAÇON POUR LA CONSTRUCTION DE BÂTIMENTS,True
SECRETAIRE ADMINISTRATIF LYCEE,5,SECRÉTAIRE ADMINISTRATIF DU LYCÉE,True
MANAO PLAN TRANO,5,FAIRE UN PLAN DE MAISON,True
MAHANDRO,5,CUISSON,True
CYCLO POUSSE,5,CYCLE DE POUSSE,True
CHAUFFEUR TAXIBE,5,CHAUFFEUR DE TAXI,True
OMBIASA (DADARABE),5,OMBIASA (DADARABE),True
MANAO MOFO CROISSSANT,5,FAIRE DU PAIN CROISSANT,True
MANAMBOTRA JUS SY YAOURT,5,RAMASSER DU JUS ET DU YAOURT,True
MANAO CROISSANT,5,FAIRE DES CROISSANTS,True
MIVAROTRA ENTA MADINIKA SY VARY FOTSY,5,VENTE DE PETITES MARCHANDISES ET DE RIZ BLANC,True
DEMARCHEUR VANILLE,5,DEMARCHEUR VANILLE,True
AGENT DE PARC,5,AGENT DE PARC,True
MPIKARAKARA JIROFO,5,PROFESSIONNEL LÉGER,True
MPAMBOLY VOANJO SY LOJY,5,PRODUCTEUR D'ARACHIDES ET DE LOGOS,True
MPAMBOLY LOJY SY ATSANJY ARY KATSAKA,5,"JARDINIÈRES D'HÉBERGEMENT, LÉGUMES ET MAÏS",True
MANAMPY MAMBOLY LOJY SY ATSANJY,5,AIDEZ À PLANTER DES PLANTES ET DES LÉGUMES,True
MPAMBOLY ATSANJY,5,JARDIN AGRICULTEUR,True
MPAMBOLY BARANJELY,5,PRODUCTEUR D'AUBERGINES,True
MANAMPY AMINY FAMBOLENA MANGAHAZO,5,AJOUTER À SA PLANTATION DE LÉGUMES,True
MPANAMBOATRA SARIBAO,5,FABRICANTS DE CHARBON,True
ADJOINT FOKONTANY,5,DÉPUTÉ DE DISTRICT,True
MIVAROTRA SOLDE ENTANA KARAZANY MARO,5,VENDUE VENDU DE NOMBREUX TYPES D'ARTICLES,True
MIANDRY OSY,5,EN ATTENDANT UNE CHÈVRE,True
CHAUFFEUR AMIN'NY SOCIETE SALAMA,5,CHAUFFEUR D'UNE SOCIÉTÉ SAINE,True
MPIAVOTRA HANIMASAKA,5,CONCESSIONNAIRE HANIMASKA,True
MPITONDRA TAXI MOTO,5,CHAUFFEUR DE TAXI MOTO,True
ASA VOLAMANENA,5,TRAVAIL D'OR,True
MAMPIANATRA AMIN'EPP,5,ENSEIGNER AVEC EPP,True
FEMME DE MENAGE AMIN'NY HOTEL,5,FEMME DE MENAGE D'HÔTEL,True
MANAO LASOPY,5,FAIRE DE LA SOUPE,True
MANIVANAVOLAMENA,5,LUMIÈRE DORÉE,True
MANDOKO TOMOBILE,5,Peindre des voitures,True
MIKARAKARA VANILLE,5,À LA RECHERCHE DE LA VANILLE,True
MPISERA VY,5,FERRONNISTES,True
MIKARAMA MANAO SOUDURE AMIN'OLONA,5,Embaucher des personnes pour souder,True
NIASA NITSIMPONA KARETSIKA,5,NOUS AVONS TRAVAILLÉ POUR RÉCUPÉRER NOS VOITURES,True
MIVAROTRA MENAKA KINANA,5,ERREUR: The read operation timed out,True
ANIMATRICE DE SANTE,5,ANIMATEUR DE SANTÉ,True
MANAMBOATRA TOMOBILE,5,RÉPARATION DE VOITURES,True
MIVAROTRA LAMBA FRIPY,5,VENDRE TISSU FRIPY,True
MACON MIARAKA AMIN OLONA,5,MACON AVEC DES GENS,True
RESPONSABLE @FANADIOVANA,5,RESPONSABLE @FANADIOVANA,True
MAMPIANATRA 10 ème,5,ENSEIGNEMENT 10 ème,True
MANAMNBOATRA TOAKA,5,FABRICATION D'ALCOOL,True
MPIVARITRA FIA,5,CONCESSIONNAIRE AUTOMOBILE,True
PERSONELLE AO AMIN'NY MEN,5,PERSONNEL CHEZ LES HOMMES,True
MPAMPIANATRA MPANAMARI-DRARAHA,5,ENSEIGNANT CERTIFICAT,True
Chef ZAP à Tsiamalaho Sud,5,Chef ZAP à Tsiamalaho Sud,True
Responsable de personnel au SISCO Befandriana Nord,5,Responsable du personnel chez SISCO Befandriana Nord,True
MIONPY,5,TÔT,True
PASCOMA,5,PASCOM,True
MIVAROTRA ETAMADINIKA,5,VENDRE ETAMADINICA,True
AMBASSADEUR DE DEVELOPPEMENT,5,AMBASSADEUR DU DÉVELOPPEMENT,True
MIVAOTRA RAFIA,5,VENTE DE RAFIA,True
INSPECTEUR,5,INSPECTEUR,True
MPAMPIANTRA ENY @CEG,5,ENSEIGNANTE AU @CEG,True
MPIVAROTRA FIRAVAKA,5,REVENDEUR DE BIJOUX,True
MANAO CHARBON DIA VAROTANA,5,"FABRIQUER DU CARBONE, C'EST VENDRE",True
GARDIEN DE FERME DE CANNE A SUCRE,5,GARDIEN DE FERME DE CANNE A SUCRE,True
MIASA TANIM-BARY,5,TRAVAILLER DANS UN DOMAINE DE VIN,True
MIANTOKA POMMA ENY AMIN'NY TANTSAHA,5,POMMA GARANTI DU FERMIER,True
GENDARME ADJUDANT CHEF,5,ADJUDANT-CHEF GENDARME,True
MANASA LAMBA @ TOKANTRANO MARO,5,LAVAGE DES VÊTEMENTS DANS DE NOMBREUSES MAISONS,True
MANAO MANOEUVRE FANAMBOARANA TRANO,5,RÉALISER DES TRAVAUX DE RÉPARATION À DOMICILE,True
MANASA LAMBA ANOLONA,5,LAVAGE DES VÊTEMENTS VIVANTS,True
MIVIDY SY MIVAROTRA GLACE,5,ACHETER ET VENDRE DES GLACES,True
MAMPIANATRA MATHEMATIQUE @CEG,5,ENSEIGNEMENT DES MATHÉMATIQUES @CEG,True
MPIKARAMA MAMAKY HAZO,5,EMPLOYÉ DE BRISAGE DE BOIS,True
MPITRADRAKA VOLAMENA,5,MINEUR D'OR,True
MPIAMBINA TANANA ZAZA MAINTY,5,GARDE DE VILLE NOIR BÉBÉ,True
MIASA AMINANDRO,5,TRAVAILLER DANS LA JOURNÉE,True
MPIAVA VARY,5,ACHETEUR DE RIZ,True
MANAMBOATRA VARAVARANA VY,5,RÉPARATION DE PORTES EN FER,True
FORMATEUR CRINFP AMBOHIMANGAKELY,5,CRINFP FORMAT AMBOHIMANGAKELY,True
MAMPIANATRA MALAGASY AMIN'NY LYCEE MORARANO CHROME,5,ENSEIGNEMENT DE L'ANGLAIS AU LYCÉE MORARANO CHROME,True
MITANDRO NY FILAMINANA,5,MAINTENIR LA PAIX,True
DEMARCHEUR HAZAN-DRANOMAMY,5,DEMARCHEUR HAZAN-DRANOMAMIE,True
MIHAZA TRONDRO,5,POISSON DE CHASSE,True
MIVAROTRA PATY MASAKA,5,VENDRE DES PÂTES CUITES,True
SOUDEURS,5,SOUDEURS,True
MAMPIANATRA @EPP,5,ENSEIGNEMENT @EPP,True
MANAO GRAVILLION,5,FAIRE DES GRAVILLONS,True
MAMPIDITRA ATODY ANATY ALVEOL,5,INTRODUCTION DE L'ŒUF DANS L'ALVÉOLE,True
TALE FAMPIANARANA,5,DIRECTEUR DE L'ÉDUCATION,True
RESPONSABLE TECHNIQUE,5,RESPONSABLE TECHNIQUE,True
GARDIAEN MA FOAM,5,MOUSSE GARDIEN MA,True
SAGE FEMME AMIN'NY CSB,5,SAGE FEMELLE AU CSB,True
MIVAROTRA LAMBA MANDEHANDEHA,5,VÊTEMENTS DE MARCHE À VENDRE,True
MANAMBOATRA VOVO,5,POUDRE DE CONSTRUCTION,True
MITONDRA POSSY,5,APPORTEZ UN POISSI,True
MIKARAMA MIARAKANDRO OMBY,5,embaucher un conducteur de bétail,True
MIVAROTRA KAPA SY FITAFY,5,VENDRE DES CHAUSSURES ET DES VÊTEMENTS,True
"MAMBOLY VARY,BALAHAZO",5,"CULTURE DU RIZ, BAYABOS",True
MAMBOLY AVOTRA,5,PLANTER UNE RÉDEMPTION,True
MPIVAROTRA VOKATRA LEGIOMA,5,REVENDEUR DE PRODUITS VÉGÉTAUX,True
MITONDRA BAJAJA,5,CONDUIRE UNE BAJAJA,True
BAR MAN,5,HOMME DE BAR,True
ELECTRICIEN AUTO-MOBILE,5,ÉLECTRICIEN AUTOMOBILE,True
MAMPIANATRA AMINY SEKOLY AMBARATONGA 1,5,ENSEIGNER AU SECONDAIRE 1,True
MANAMPY MITETIKA HENA,5,AJOUTER DE LA VIANDE,True
MANJONO FILAO AN-DRANOMASINA,5,PÊCHE EN MER,True
CHAUFFEUR TAXI BROUSSE TANA SAMBAVA,5,CHAUFFEUR DE TAXI BROUSSE TANA SAMBAVA,True
MPAMBOLY VANILLE CAFE GIROFLE,5,GIROFLE CAFÉ PRODUCTEUR DE VANILLE,True
MASOKINERAPEUTE @HOPITALIM-PANJAKANA,5,MASOKINERAPEUTE @HOPITALIM-PANJAKANA,True
ELECTR0NIQUE,5,ÉLECTRIQUE,True
ISPECTEUR DE POLICE,5,INSPECTEUR DE POLICE,True
MANAO COMPOSE SY LASOPY,5,FAIRE COMPOSE ET SOUPE,True
MPANAMPY FIANAKAVIANA @ FANAMBOARANA COMPOSE SY LA,5,AIDE FAMILIALE @ FANAMBOARANA COMPOSE SY LA,True
GERANT GROSSISTE TELMA,5,RESPONSABLE GROS TELMA,True
RAF ONN,5,RAF ONN,True
DIRECTRICE ECOLE PRIVEE,5,DIRECTEUR D'ÉCOLE PRIVÉE,True
MPIVAROTRA PPN EPICERIE,5,CONCESSIONNAIRE PPN EPICE STORE,True
NANETSA VARY,5,RIZ SALÉ,True
BOUCHIER,5,BOUCHIER,True
TALEM-PARITRA NY FOP,5,DIRECTEUR RÉGIONAL DE LA FOP,True
SARAKA ANTSAH,5,PARTIELLEMENT DIFFÉRENT,True
MIVAROTRA LEGUOME,5,VENDRE DES LÉGUMINEUSES,True
MPIANDRY OMBY(TSIMIASY),5,ÉLEVEURS DE VACHES,True
MITONDRA POUSSE POUSSE,5,APPORTEZ POUSSE POUSSE,True
"MPANAO GRAVILLON, KAIASY",5,"FABRICANT DE GRAVILLON, KAIAS",True
MITSIPONA VOANEMBA,5,RÉCOLTE DES LÉGUMES,True
MACHINISTE MITETIKA HAZO,5,MACHINISTE DE COUPE DU BOIS,True
MANOUEVRE AGRICOLE,5,MANŒUVRES AGRICOLES,True
MANAO TESTE AO AMIN'NY LABORATOIRE,5,FAIRE DES TESTS EN LABORATOIRE,True
MIVAROTRA LAMBA SY SAVATE,5,VENTE DE TISSU ET SAUVAGE,True
MIASA @ FITOTONA VARY,5,TRAVAIL @ FITTONA VARIER,True
MAGNETSA VARY,5,AIMANTS À RIZ,True
MPIVAROTRA KITAY FANDREHITRA,5,REVENDEUR DE BOIS DE CHAUFFAGE,True
MANDRARY SY MIVAROTRA HARONA TSIHY,5,VENDRE ET VENDRE PANIER À TAPIS,True
MAMBOLY VARIY,5,PLANTATION DE RIZ,True
MPAMBOLY OVY,5,PRODUCTEUR DE POMMES DE TERRE,True
GEOMETRE,5,GÉOMÉTRIE,True
MPIVAROTENA,5,VENDEUR,True
PIVAROTRA CHARBON,5,VENTES DE CARBONE,True
ADJOINT STATISTIQUE,5,ASSISTANT STATISTIQUE,True
RESPONSABLE PERSONNELLE DE SANTE,5,RESPONSABLE DU PERSONNEL DE SANTÉ,True
MANARATO HAZAN-DRANOMASINA,5,PÊCHE DU POISSON DE MER,True
TECNICIEN DE MAINTENANCE,5,TECHNICIEN D'ENTRETIEN,True
Conseillée Animateur,5,Consultante en animation,True
AGENT SECURITE AU G4S,5,AGENT DE SÉCURITÉ AU G4S,True
EDUCATRICE AKANY AVOKO,5,ÉDUCATEUR SECONDAIRE,True
MPANAMPY MPIASAN'OLONA,5,ADJOINT DU PERSONNEL,True
MPANAMPY MIKARAKARA TOKATRANO,5,AIDE DE COUR,True
MANANGONA KITAY,5,COLLECTE DU BOIS DE CHAUFFAGE,True
MANDRARY LAFIKY,5,MAL DE DOS,True
PROFESSEUR,5,PROFESSEUR,True
MIVARITRA LAMBA SY SAVATE,5,NOUS VENDONS DU TISSU ET DU SAUVAGE,True
SAKATSAHA,5,QUELQUE CHOSE,True
MAJAITRA BE MIRAY,5,GRANDS ÉGOUTS ENSEMBLE,True
PLOGEUR,5,LABOUREUR,True
MIVAROTRA RANO FISOTRO,5,VENDRE DE L'EAU POTABLE,True
MAMBOATRA YAOURT,5,FAIRE DU YAOURT,True
MPAMBOLY HONKO AMIN EDEN,5,PRODUCTEURS DE MANGUES À EDEN,True
MAMBOLY VARYµ,5,PLANTATION DE RIZµ,True
MIVAROTRA PRODUIT,5,VENDRE DES PRODUITS,True
FIASANA ANY AMINY BIRAO,5,TRAVAILLER DANS LEUR BUREAU,True
FIKARAKARANA TOKATRANO,5,ENTRETIEN DU JARDIN,True
MIVAROTRA FRITE AKONDRO,5,FRITES DE BANANE À VENDRE,True
SECRETAIRE AO AMIN'NY DOMAINE,5,SECRÉTAIRE DE TERRAIN,True
TECHNICIEN DE SURFACE @ HOPITALY BE,5,TECHNICIEN DE SURFACE @ BE HOSPITAL,True
ASSISTANT EXPERT GEOMETRE,5,ASSISTANT EXPERT GÉOMÉTRIE,True
MANDRAFITRA TRANO(MAçON),5,PLANIFICATION DE MAISON (MAÇON),True
CHAUFFEUR POIDS LOURD,5,CONDUCTEUR LOURD,True
CHAUFFEUR PARTICULIER,5,CHAUFFEUR PRIVÉ,True
SECRETAIRE PARTICULIERE,5,SECRÉTAIRE PRIVÉ,True
RESPONSABLE DE DIRECTION,5,RESPONSABLE DE LA DIRECTION,True
CHAUFFEUR TUKTUK,5,CHAUFFEUR DE TUKTUK,True
SECRETAIRE @HUISSIER DE JUSTICE,5,SECRÉTAIRE @CONSTRUCTEUR DE JUSTICE,True
RESPONSABLE ADMINISTRATIVE ET FINANCIER,5,RESPONSABLE ADMINISTRATIF ET FINANCIER,True
ELECTRICIEN AUTO,5,ÉLECTRICIEN AUTOMOBILE,True
DIRECTEUR GENERALE,5,DIRECTEUR GÉNÉRAL,True
DIRECTEUR D'ECOLE PRIMAIRE PUBLIQUE,5,DIRECTEUR D'ÉCOLE PRIMAIRE PUBLIQUE,True
RESPONSABLE CANTINE,5,RESPONSABLE DE CANTINE,True
ASSISTANTE DU GERANT,5,ASSISTANTE DU DIRECTEUR,True
VENDEUR EN BOUTIQUE,5,VENDEUR EN BOUTIQUE,True
CHEF ZAP CR ANKIAKABE FONOKO,5,"ERREUR: the JSON object must be str, b",True
CHAUFFEUR CAMION CITERNE,5,CONDUCTEUR DE CAMION-CITERNE,True
MIARAMILA SOUS OFICIER CADRE AU ARMEE,4,SOUS-OFFICIER MILITAIRE CADRE AU ARMEE,True
COMPTABLE AO AMIN'NY MINISTERAN'NY JONO,4,COMPTABLE AU MINISTERE DE LA PÊCHE,True
CHEF SURETE,4,CHEF DE CAUTION,True
TOPOGRAPHE TECHNICIEN,4,TECHNICIEN TOPOGRAPHE,True
CHAUFFEUR NY TAXI-BROUSSE,4,CHAUFFEUR DE TAXI À BRUXELLES,True
SECRETAIRE FOKONTANY,4,SECRÉTAIRE DE VILLAGE,True
DIRECTEUR CHEF D'AGENCE,4,DIRECTEUR EN CHEF DE L'AGENCE,True
RESPONSABLE DE SERVICE SOCIALE,4,RESPONSABLE DES SERVICES SOCIAUX,True
ADJUDANT CHEF,4,ADJUDANT EN CHEF,True
CHAUFFEUR TUCTUC,4,CHAUFFEUR DE TUCTUC,True
SECRETAIRE SJP,4,SECRÉTAIRE SJP,True
SECRETAIRE AO @TRESORS,4,SECRÉTAIRE CHEZ @TRESORS,True
DIRECTEUR DU SOCIETE,4,DIRECTEUR D'ENTREPRISE,True
DIRECTEUR GENERAL,4,DIRECTEUR GÉNÉRAL,True
ASSISTANT SOCIAL,4,AIDE SOCIALE,True
CHAUFFEUR TRACTEUR(ORINASA),4,CONDUCTEUR DE TRACTEUR (ENTREPRISE),True
DIRECTEUR ADJOINT,4,DIRECTEUR ADJOINT,True
CHEF D'ARRONDISSEMENT ADMINISTRATIF,4,CHEF DE DISTRICT ADMINISTRATIF,True
VENDEUR AU CAINCELLEURIE,4,VENDEUR AU CAINCELLEURIE,True
CHAUFFEUR CYCLOPOUSSE,4,CHAUFFEUR DE CYCLO POUSSE,True
CHEF D USUNE JIRAMA,4,CHEF D'USUNE JIRAMA,True
TECHNICIEN D'ELEVAGE DE CREVETTE DE L'AQUALMA,4,TECHNICIEN D'ÉLEVAGE DE CREVETTES AQUALMA,True
CHEF SECTEUR,4,CHEF DE SECTEUR,True
VENDEURS DES PIECECES AUTO MOTO,4,VENDEURS DES PIÈCES AUTO MOTO,True
MaçOn,4,Maçon,True
CHAUFFEUR MPANAO LALANA,4,CHAUFFEUR CHAUFFEUR,True
COMPTABLE DANS LE MINISTERE DE FINANCE ET ECONOMIQ,4,COMPTABLE AU MINISTERE DES FINANCES ET DE L'ECONOMIE,True
AGENT DESSINATEUR,4,AGENT DE CONCEPTION,True
CHAUFFEUR TAXI BROUSSE REGIONAL,4,CHAUFFEUR DE TAXI RÉGIONAL DE BRUXELLES,True
ASSISTANTE PRIMATURE,4,ASSISTANT PRIMAIRE,True
TECHNICIEN DES TRAVAUX PUBLICS,4,TECHNICIEN DES TRAVAUX PUBLICS,True
COMPTABLE AMIN NY ABATIOR,4,COMPTABILITÉ POUR ABATIOR,True
MAçON MPAMBOATRA TRANO,4,CONSTRUCTEUR DE MAISON À MAÇON,True
KIBAROA (AIDE MAçON ),4,KIBAROA (AIDE MAÇON),True
DIRECTEUR GEG,4,DIRECTEUR DU GEG,True
CHAUFFEUR DES PERSONNELLES,4,CHAUFFEUR DES PERSONNELLES,True
CHEF COMPTABLE,4,CHEF COMPTABLE,True
CHEF CICSCO,4,CHEF CICSCO,True
AGENT D'ACCOMPAINNEMENT,4,AGENT D'ACCOMPAGNEMENT,True
CADRE RESPONSABLE,4,CADRE RESPONSABLE,True
AIDE MAçON,4,AIDE MAÇON,True
ASSISTANT REDACTEUR DES DOMAINE,4,RÉDACTITEUR ADJOINT DES DOMAINE,True
AGENT SUIVI ET EVALUATION,4,AGENT SUIVI ET ÉVALUATION,True
CHAUFFEUR MITONDRA OLONA,4,LE CHAUFFEUR CONDUIT LES GENS,True
RESPONSABLE COMMERCIALE PPN,4,PPN RESPONSABLE COMMERCIAL,True
DIRECTEUR D ONG ADRA,4,RÉALISATEUR D ONG ADRA,True
SECRETAIRE DE DIRECTION @ SEKOLIM-PINOANA,4,SECRÉTAIRE DE DIRECTION @ SECOLIM-PINOANA,True
ASSISTANT TECHNIQUE CISCO,4,ASSISTANT TECHNIQUE CISCO,True
CHAUFFEUR MPANAMPY CAMIONETTE,4,ASSISTANT-CONDUCTEUR DE CAMION,True
TECHNICIEN ELECTRONIQUE,4,TECHNICIEN EN ÉLECTRONIQUE,True
RESPONSABLE QUALITE SERVICE INFORMATIQUE,4,RESPONSABLE QUALITÉ DU SERVICE INFORMATIQUE,True
TECHNICIEN TVM,4,TECHNICIEN TVM,True
VENDEUR EN MAGASIN  KARANA,4,VENDEUR DE MAGASIN INDIEN,True
DIRECTEUR DU CABINET DE MEDICINE,4,DIRECTEUR DU CABINET DE MÉDECINE,True
SECRETAIRE COMPTABLE,4,SECRÉTAIRE COMPTABLE,True
COMPTABLE ADMINISTRATION PUBLIC,4,COMPTABILITÉ DE L'ADMINISTRATION PUBLIQUE,True
AIDE CHAUFFEUR TAXI-BROUSSE,4,ASSISTANT CHAUFFEUR TAXI-BRUSSE,True
MANAO CHAUFFEUR TAXI,4,CHAUFFEUR DE TAXI,True
TECHNICIEN DE MAINTENANCE,4,TECHNICIEN D'ENTRETIEN,True
COMPTABLE AU SEIN DU MINISTERE FINANCE ET BUDGET,4,COMPTABLE AU SEIN DU MINISTERE FINANCE ET BUDGET,True
SECRETAIRE PARTICULIER,3,SECRÉTAIRE PRIVÉ,True
CHAUFFEUR @NA ORINASA,3,CHAUFFEUR @NA COMPANY,True
CHEF DE DIVISION,3,CHEF DE DIVISION,True
CONSEILLER COMMUNE,3,CONSEILLER COMMUNAUTAIRE,True
maçons (sarakatsaha),3,Francs-maçons,True
RESPONSABLE DU SOLDE AO AMIN NI SICSO ARIVONIMAMO,3,RESPONSABLE DU SOLDE CHEZ AMIN NI SICSO ARIVONIMAMO,True
AIDE  CHAUFFEUR,3,ASSISTANT CHAUFFEUR,True
COMPTABLE CADRE,3,CADRE COMPTABLE,True
ASSISTANT PEDAGOGIQUE,3,ASSISTANTE PÉDAGOGIQUE,True
MANAGER RESPONSABLE MITANTANA EQUIPE,3,MANAGER RESPONSABLE DE LA GESTION DES EQUIPES,True
VENDEUR SINOA,3,VENDEUR CHINOIS,True
COMPTABLE BANQAIRE RETRAITE,3,COMPTABLE BANCAIRE À LA RETRAITE,True
CHEF DE ZONE,3,CHEF DE ZONE,True
CHAUFFEUR TAXI BROUSSE(REGIONALE),3,CHAUFFEUR DE TAXI DE BRUSSE (RÉGIONAL),True
COMPTABLE AU POINT  DE VENTE PRIVE,3,COMPTABLE AU POINT DE VENTE PRIVÉ,True
COMPTABLE JIRAMA BESALAMPY,3,COMPTABLE JIRAMA BESALAMPY,True
CHEF DE SERVICES AO AMINY LABORATOIRE,3,CHEF DE SERVICES AU LABORATOIRE,True
CHAUFFEUR TAXIBROUSSE ZONE NATIONALE,3,TAXI BRUSSE CHAUFFEUR ZONE NATIONALE,True
CHAUFFEUR DE CAMIONS,3,CHAUFFEUR DE CAMION,True
ASSISTANT RH,3,ASSISTANTE RH,True
ASSISTANTE DE DIRECTION,3,ASSISTANT À LA RÉALISATION,True
CHAUFFEUR TAXI-BE,3,CHAUFFEUR DE TAXI,True
CHAUFFEUR CAMIONETTE,3,CHAUFFEUR DE CAMION,True
CHEF CUISINIER,3,CHEF CUISINIER,True
COMPTABLE AO @ REFRIGEPECHE,3,COMPTABILITÉ @ REFRIGEPECHE,True
CHAUFFEUR PERSONNEL AU MINISTERE DE FINANCE,3,PERSONNEL CHAUFFEUR AU MINISTERE DES FINANCES,True
COMPTABLE AU CEP MADAGASCAR,3,COMPTABLE AU CEP MADAGASCAR,True
ASSISTANTE ADMINISTRATIVE FINANCIERE AO AMIN ASSOC,3,ASSISTANTE ADMINISTRATIVE FINANCIÈRE À ASSOC,True
ASSISTANT DE PROJET,3,ASSISTANTE DE PROJET,True
RESPONSABLE DE SUIVI ET D'EVALUATION,3,RESPONSABLE DU SUIVI ET DE L'ÉVALUATION,True
RESPONSABLE DE SOLDE,3,RESPONSABLE DES VENTES,True
CHAUFFEUR DRSP,3,PILOTE DRSP,True
RESPONSABLE OPERATEONNEL(Volet Sociale),3,RESPONSABLE OPÉRATIONNEL (Secteur Social),True
RESPONSABLE OPERATIONNEL(Micro-Credit),3,RESPONSABLE OPÉRATIONNEL (Micro-Crédit),True
VAGMESTRE ET RESPONSABLE DE L'ELEVAGE,3,VAGMASTER ET RESPONSABLE DE L'ÉLEVAGE,True
ASSISTANT DE DIRECTION,3,ASSISTANT À LA RÉALISATION,True
SECRETAIRE COMPTABLE TRESORT,3,SECRÉTAIRE COMPTABLE DU TRÉSOR,True
AGENT SECURITE ACCESS,3,AGENT DE SÉCURITÉ D'ACCÈS,True
RESPONSABLE RESSOURCE HUMAINE,3,RESPONSABLE DES RESSOURCES HUMAINES,True
CHAUFFEURE TAXI BE 143,3,BE 143 CHAUFFEUR DE TAXI,True
RESPONSABLE ENVIRONNEMENTAL,3,RESPONSABLE DE L'ENVIRONNEMENT,True
AGENT DE BARRIERE AO MPANAO LAVAGE TOMOBILE,3,AGENT BARRIÈRE DANS LES LAVE-AUTOS,True
CHAUFFEUR DE VOITURE D'UNE SOCIETE PRIVE,3,CHAUFFEUR D'UNE ENTREPRISE PRIVÉE,True
OUVRIER POLIVALENT,3,ATELIER POLYVALENT,True
RESPONSABLE DE CREDIT OTIV,3,RESPONSABLE DE L'ACTIVITÉ DE CRÉDIT,True
AGENT DE MAINTENANCE ELECTRICIEN AO AMINY OSTIE,3,AGENT D'ENTRETIEN ELECTRIQUE A AMIN OSTIE,True
AGENT DE SECURITE PHARMACIE,3,AGENT DE SÉCURITÉ EN PHARMACIE,True
AGENT D'ASSURENCE,3,"ERREUR: the JSON object must be str, b",True
DIRECTEUR DE LA PLANIFICATION,3,DIRECTEUR DE LA PLANIFICATION,True
CHAUFFEUR (SERVICE PATRON),3,CHAUFFEUR (MÉCÈNE DE SERVICE),True
COMPTABLE MAGASIN,3,MAGAZINE COMPTABLE,True
SECRETAIRE COMPTABLE LYCEE AMBATOMARINA,3,SECRÉTAIRE COMPTABLE LYCÉE AMBOTAMARINA,True
AGENT DE SECURITE @ TRANON'OLO TSOTRA,3,AGENT DE SÉCURITÉ @ TRANON'OLO TSOTRA,True
AGENT DE SECURITE RESTAURANT ALI FRAIS,3,AGENT DE SÉCURITÉ RESTAURANT ALI FRAIS,True
OUVRIER AGRICOLE( manampy mamboly katty),3,OUVRIER AGRICOLE (aide à faire pousser le katty),True
CHAUFFEUR ( taxi-brousse),3,CHAUFFEUR (taxi-bus),True
CHAUFFEUR AMINY HOPTAL,3,CHAUFFEUR D'HÔPITAL,True
CHEF DE SERVICE,3,CHEF DE SERVICE,True
CHAUFFEUR MENAGE PRIVEE,3,CHAUFFEUR DE MAISON PRIVÉE,True
CONSEILLER COMMERCIAL,3,CONSEILLER COMMERCIAL,True
CHAUFFEUR BAJAJ AN-TAMPON-TANANA,3,CHAUFFEUR BAJAJ À TAMPON CITY,True
RESPONSABLE RESSOURCES HUMMAINE,3,RESPONSABLE DES RESSOURCES HUMAINES,True
CHAUFFEUR DE POIDS LOURDS,3,CHAUFFEUR DE POIDS LOURDS,True
COMPTABLE AMIN'NY ORINASA PRIVEE,3,COMPTABLE D'ENTREPRISE PRIVÉE,True
CHAUFFEUR CAMIONNETTE,3,CHAUFFEUR DE CAMION,True
DIRECTEUR ECOLE PRIMAIRE PUBLIC,3,DIRECTEUR D'ÉCOLE PRIMAIRE PUBLIQUE,True
CHAUFFEUR AM PORT,3,CHAUFFEUR AM PORT,True
PLOMBIER AMIN NY JIRAMA,3,PLOMBIER À JIRAMA,True
AGENT ADMINISTRATIF OTIV,3,AGENT ADMINISTRATIF DE L'OTIV,True
RESPONSABLE MANAO COURS BAC,3,RESPONSABLE DE FAIRE LES COURS DU BAC,True
CHEF CHANTIER,3,CHEF DE CONSTRUCTION,True
VENDEUR DES PIECES AUTO,3,VENDEUR DE PIÈCES AUTOMOBILES,True
CHAUFFEUR BAJAJA,3,CHAUFFEUR BAJAJA,True
SECRETAIRE CIM,3,SECRÉTAIRE DE LA CIM,True
CHEF DE PROJET @ PNUD TANA,3,CHEF DE PROJET @ PNUD TANA,True
AGENT PENITENTIER,3,AGENT PÉNITENCIAIRE,True
ASSISTANTE ADMINISTRATIF DE DISTRICT,3,ASSISTANT ADMINISTRATIF DE DISTRICT,True
COLLETEUR ET VENDEUR DES MANIOC SEC,3,COLLECTEUR ET VENDEUR DES MANIOC SEC,True
AGENT DE CREDIT ACEP,3,AGENT DE CRÉDIT ACEP,True
TECHNICIEN PISCINIER,3,TECHNICIEN DE PISCINE,True
CHAUFFEUR TAXI BROUSSE FA ANJAMA KELY,3,BROUSSE TAXI CHAUFFEUR EST UN PETIT FOU,True
CHAUFFEUR TAXI BROUSSE TANA TAMATAVE TANA MAJUNGA,3,CHAUFFEUR DE TAXI BROUSSE TANA TAMATAVE TANA MAJUNGA,True
RESPONSABLE RESEAUX DETAILLANT AMIN'NY STAR,3,RESPONSABLE DÉTAILLANT RÉSEAUX CHEZ STAR,True
RESPONSABLE CENTRALE ELECTRIQUE,3,RESPONSABLE DE LA CENTRALE ÉLECTRIQUE,True
AGENT COMPTABLE CHAMBRE DE COMMERCE,3,AGENT COMPTABLE CHAMBRE DE COMMERCE,True
CHAUFFEUR KINGA,3,ROI CONDUCTEUR,True
AGENT DE RECOUVREMENT,3,AGENT DE RÉCUPÉRATION,True
OUVRIER D'ENTREPRISE de TRANSFORMATION DE VANILLE,3,OUVRIER D'ENTREPRISE DE TRANSFORMATION VANILLE,True
CCHEF ADMINSTRATION,3,ADMINISTRATION EN CHEF,True
TELECONSEILLER,3,TÉLÉCONSEILLEUR,True
SECRETAIRE PEDAGOGIQUE,3,SECRÉTAIRE PÉDAGOGIQUE,True
AGENT CAUMMUNAUTAIRE,3,AGENT COMMUNAUTAIRE,True
ARTISANS ET OUVRIER DES METIERS DE TYPE ARTISANAL,3,ARTISANS ET OUVRIER DES METIERS DE TYPE ARTISANAL,True
RESPONSABLE CAISSIERE,3,RESPONSABLE DE CAISSE,True
CHAUFFEUR NATIONAL TAXI BROUSSE,3,CHAUFFEUR DE TAXI NATIONAL DE BRUXELLES,True
RESPONSABLE D AGENCE,3,AGENCE RESPONSABLE,True
AGENT PENITENCIERE,3,AGENT PÉNITENCIAIRE,True
SECRETAIRE AU REGISSEUR DE RECETTE,3,SECRETAIRE AU REGISSEUR DES RECETTES,True
CHAUFFEUR AN OLONTSOTRA,3,LE CHAUFFEUR DU PEUPLE,True
CHEF DE DEPARTEMENT,3,CHEF DE DÉPARTEMENT,True
AGENT,2,AGENT,True
Agent D¨appuit @Pharmacie,2,Agent D'appuit @Pharmacie,True
SECRETAIRE AMIN HOPITALY,2,SECRÉTAIRE DE L'HÔPITAL,True
DIRECTEUR DE L'ASSAINISSEMENT,2,DIRECTEUR DE MISSION,True
DOCKER ET AIDE CHAUFFEUR,2,DOCKER ET ASSISTANT CHAUFFEUR,True
RESPONSABLE AO AMIN MACHINE FITOTOAMBARY,2,RESPONSABLE DANS LA MACHINE DE COLLECTE,True
TECHNICIEN EN VOIRIE ET ASSAINISSEMENT,2,TECHNICIEN EN VOIRIE ET ​​ASSAINISSEMENT,True
CHAUFFEUR AMINY MAGASIM MPIVAROTRA ELECTROMENAGER,2,CHAUFFEUR CHEZ MAGASIM VENDEUR ELECTROMENEAGER,True
RESPONSABLE DE STOCK( materiau de construction,2,RESPONSABLE DU STOCK (matériaux de construction,True
MPANAMPY CHAUFFEUR,2,ASSISTANT CHAUFFEUR,True
ASSISTANTE RH,2,ASSISTANTE RH,True
AGENT DE SURFACE,2,AGENT DE SURFACE,True
SECRETAIRE GENERAL D'ETAT CIVILE,2,SECRÉTAIRE GÉNÉRAL DE L'ÉTAT CIVIL,True
ELECTRICIEN AN NY JIRAMA,2,ELECTRICIEN A JIRAMA,True
ASSISTANTE SOCIALE,2,AIDE SOCIALE,True
CHAUFFEUR ACF,2,PILOTE ACF,True
OUVRIERE JOURNALIERE,2,OUVRIER JOURNALISTE,True
CHAUFFEUR FIARA @ PROJET MISAHANA ENVIRONNEMENT,2,CAR DRIVER @ PROJET MISAHANA ENVIRONNEMENT,True
CHEF DE SERVICE FINANCE,2,CHEF DES SERVICES FINANCIERS,True
ASSISTANCE COMPTABLE,2,AIDE COMPTABLE,True
CHAUFFEUR DU BANQUE BAOBAB,2,CHAUFFEUR DU BANQUE BAOBAB,True
MAçON MANDRAFITRA TRANO,2,MAÇON CONCEVOIR DES MAISONS,True
RESPONSABLE D'HOTEL,2,RESPONSABLE DE L'HÔTEL,True
SECRETAIRE DE DIRECTION ECOLE PRIVE,2,SECRÉTAIRE DE DIRECTION DES ÉCOLES PRIVÉES,True
ASSISTANT GEOMETRE,2,GÉOMÉTRIE ASSISTANTE,True
CHAUFFEUR LIVREUR,2,PILOTE DE BIBLIOTHÈQUE,True
CHEF DE SERVICE D AFFAIRE REGIONALE,2,CHEF DU SERVICE DES AFFAIRES RÉGIONALES,True
CHEF DE SERVICE F.0.P,2,CHEF DE SERVICE F.0.P,True
RESPONSABLE COMMUNICATION,2,RESPONSABLE DE LA COMMUNICATION,True
AIDE CHAUFFEUR TAXI BROUSSE,2,ASSISTANT CHAUFFEUR DE TAXI BROUSSE,True
TECHNICIEN EN INFORMATIQUE,2,TECHNICIEN INFORMATIQUE,True
CHEF DU PROJET,2,CHEF DE PROJET,True
CHEF MAGASINNE,2,CHEF DE MAGAZINE,True
SECRETAIRE AO AM TRAVAUX PUBLIQUE,2,SECRÉTAIRE DES TRAVAUX PUBLICS,True
CHAUFFEUR BAJAJ (REMPLACANT),2,PILOTE BAJAJ (REMPLACEMENT),True
COMPTABLE AO AMINY COMMUNE,2,COMPTABLE DANS LA COMMUNAUTÉ,True
DIRECTEUR GENERALE(ingenieur),2,DIRECTEUR GÉNÉRAL (ingénieur),True
CHAUFFEUR BADJAJ,2,CHAUFFEUR BADJAJ,True
CHAUFFEUR TRANS RURALE,2,CHAUFFEUR TRANS RURAL,True
CHEF MECANICIEN AUTOMOBILE,2,CHEF MÉCANICIEN AUTOMOBILE,True
DIRECTEUR CEG VOHIPENO,2,DIRECTEUR DU CEG VOHIPENNED,True
AGENT DE SURETE,2,AGENT D'ASSURANCE,True
CHAUFFEUR TAXI BROUSSE REGIONALE,2,CHAUFFEUR DE TAXI RÉGIONAL DE BRUXELLES,True
OUVRIER EN BATIMENT,2,OUVRIER DU BÂTIMENT,True
AGENT TOURISTIQUE,2,AGENT DE TOURISME,True
CHAUFFEUR BAJAJ(REMPLACENT),2,PILOTE BAJAJ (REMPLACEMENT),True
VENDEUR DANS UN POISSENERIE,2,VENDEUR DANS UN POISENERIE,True
ASSISTANTE ADMINISTRATIVE,2,ADJOINTE ADMINISTRATIVE,True
CHAUFFEUR CAMION POIDS LOURDS,2,POIDS POUR CHAUFFEUR DE CAMION LOURDES,True
AGENT DE POLICE NATIONAL FIP,2,AGENT DE LA POLICE NATIONALE DE LA FIP,True
RESPONSABLE TECHNIC BATIMENT,2,TECHNICIEN RESPONSABLE,True
AGENTS DE POLICE,2,AGENTS DE POLICE,True
SECRETAIRE @ SERVICE DISTRIC DE LA SANTEE PUBLIC (,2,SECRÉTAIRE @ SERVICE DE DISTRICT DE SANTÉ PUBLIQUE (,True
Aide chauffeur camion,2,Aidez le chauffeur de camion,True
CHEF DE CHANTIER EN GENIE RURAL,2,CHANTIER EN GÉNIE RURAL,True
AGENT DE SUIVI ONG ONN,2,AGENT DE L'ONG SUIVI ONN,True
COMPTABLE COMMUNALE,2,COMPTABILITÉ MUNICIPALE,True
CHAUFFEUR TOURISME,2,CHAUFFEUR TOURISTIQUE,True
RESPONSABLE ECOLE DE SPORT,2,RESPONSABLE ÉCOLE DE SPORT,True
AIDE COMPTABLE,2,ASSISTANTE COMPTABLE,True
RESPONSABLE COMMERCIALE,2,RESPONSABLE COMMERCIAL,True
RESPONSABLE BUVETTE,2,RESPONSABLE DU BUREAU,True
COMPTABLE ADVENTISTE SOAMANANDRARINY,2,"SUMANANDRANYI, ADVENTISTE RESPONSABLE",True
CHAUFFEUR-NA ORINASA(PROMODIM),2,CHAUFFEUR D'ENTREPRISE (PROMODIM),True
MANAMBOATRA TRANO(Maçon),2,CONSTRUIRE UNE MAISON (Maçon),True
CHEF DE SERVICE INFORMATIQUE REGION MELAKY,2,CHEF DU SERVICE D'INFORMATION RÉGION DE MELAKY,True
"MANOEUVRE,MAçON",2,"MANOEUVRE, MAÇON",True
MENUISER EN ALLU,2,MENUISER EN ALLU,True
AGENT DE MAINTENANCE MATERIEL INFORMATIQUE,2,AGENT DE MAINTENANCE INFORMATIQUE,True
CHAUFFEUR TUC TUC,2,CHAUFFEUR TUC TUC,True
MPIKARAMA MANAO MAçON,2,EMPLOYÉ MAÇON,True
DIRECTEUR D'UN ECOLE PRIVEE,2,DIRECTEUR D'UNE ÉCOLE PRIVÉE,True
CHEF D ENTREPRISE,2,CHEF D'ENTREPRISE,True
VENDEUR DE PIECE AUTOMOBILE,2,VENDEUR DE PIÈCES AUTOMOBILES,True
CHEF DE PROJET AO AMIN'NY WASH,2,CHEF DE PROJET CHEZ WASH,True
RESPONSABLE QUALITATIF AO AMIN'NY WASH,2,RESPONSABILITÉ QUALITATIVE DANS LE WASH,True
AGENT CADRE JIRAMA,2,AGENT JIRAMA CADRE,True
CHAUFFEUR TAXI BAJAJA,2,CHAUFFEUR DE TAXI BAJAJA,True
TECHNICIEN LABORATOIRE,2,TECHNICIEN DE LABORATOIRE,True
CHAUFFEUR KIBOTA AO AMIN MASERA,2,CHAUFFEUR KIBOTA CHEZ AMIN MESARA,True
ASSISTANTE LOGISTIQUE,2,ADJOINT LOGISTIQUE,True
RESPONSABLE CABINET COMPTABLE,2,RESPONSABLE DU CABINET COMPTABLE,True
RESPONSABLE MARKETING BFV,2,RESPONSABLE MARKETING BFV,True
RESPONSABLE TECHNIQUE DE L'AGRICULTURE,2,RESPONSABLE TECHNIQUE DE L'AGRICULTURE,True
CHAUFFEUR FIARA MITATITRA FASIKA,2,CONDUCTEUR TRANSPORTANT DU SABLE,True
CHEF DE SECURITE,2,CHEF DE SÉCURITÉ,True
CHAUFFEURE BAJAJ,2,CONDUCTEUR BAJAJ,True
CHAUFFEUR MPITATITRA ENTANA,2,CHAUFFEUR DE TRANSPORTEUR,True
DIRECTEUR D'ECOLE,2,DIRECTEUR D'ÉCOLE,True
RESPONSABLE FINANCIER,2,RESPONSABLE FINANCIER,True
DIRECTEUR ADMINISTRATIF GENERALE DE LA REGION,2,DIRECTEUR ADMINISTRATIF GÉNÉRAL DE LA RÉGION,True
RESPONSABLE ATELIER PARAKY ANJARASOA,2,RESPONSABLE DE L'ATELIER TABAC,True
AGENT DE STATION EAU,2,AGENT DE LA STATION-EAU,True
RESPONSABLE SERVICE TECHNIQUE QMM,2,RESPONSABLE DU SERVICE TECHNIQUE QMM,True
ASSISTANTS MEDICAUX,2,ASSISTANTS MÉDICAUX,True
AGENT CHARGE D'ETUDE ET CONTROLE EN GENIE CIVIL,2,AGENT CHARGÉ D'ETUDE ET DE CONTRÔLE EN GÉNIE CIVIL,True
CHEF MAGASINIER,2,MAGAZINE DES CHEFS,True
CHAUFFEUR NY BAJAJA,2,CHAUFFEUR BAJAJA,True
AGENT D'ACCEUIL AU CHU ANDROVA,2,AGENT D'ACCEUIL AU CHU ANDROVA,True
SECRETAIRE ADMINISTRATIF MINISTERE SANTE AMPARAFAR,2,SECRÉTAIRE ADMINISTRATIF MINISTÈRE DE SANTE AMPARAFAR,True
CHAUFFEUR EMBULANCE,2,CHAUFFEUR D'AMBULANCIER,True
CHEF DE PROJET,2,CHEF DE PROJET,True
CHEF DE TABLE,2,CHEF DE TABLE,True
SECRETAIRE DE LA DIRECTIOEN GENERAL DE LA SANTE PU,2,SECRÉTAIRE DE LA DIRECTION GÉNÉRALE DE LA SANTÉ PU,True
SECRETAIRE AO AMIN'NY COMMUNE,2,SECRÉTAIRE DE LA COMMUNAUTÉ,True
AIDE CHAUFFEURE TAXI BE,2,ASSISTANT CHAUFFEUR DE TAXI,True
RESPONSABLE COMMUNICATION AO @ MINISTERE JEUNESSE,2,RESPONSABLE DE LA COMMUNICATION @ MINISTERE JEUNESSE,True
OUVRIER DE LA MACON,2,OUVRIER DE MACON,True
VENDEURNA SINOA,2,VENDEUR CHINOIS,True
COMPTABLE AMIN'NY TRAVEAU PUBLIQUE,2,COMPTABLE DES TRAVAUX PUBLICS,True
DIRECTEUR ADJOINT TECHNIQUE,2,DIRECTEUR TECHNIQUE ADJOINT,True
AGENT LOGISTIQUE,2,AGENT LOGISTIQUE,True
MITAOANA FASIKA(aide chauffeur),2,MITAOANA FASIKA (assistant chauffeur),True
TECHNICIEN VOITURE,2,TECHNICIEN DE VÉHICULE,True
AGENT DE POLICE NATIONALE,2,AGENT DE LA POLICE NATIONALE,True
CHAUFFEUR TAXI BROUSSE NATIONALE,2,CHAUFFEUR DE TAXI NATIONAL DE BRUXELLES,True
CHAUFFEUR MITATITRA ENTANA,2,CHAUFFEUR LIVRANT DES MARCHANDISES,True
TECHNICIEN AGRONOME,2,TECHNICIEN AGRONOMIQUE,True
CHEF DE DEPOT TRACTION,2,CHEF DU DÉPÔT DE TRACTION,True
agent d execution,1,agent d'exécution,True
AGENT D'ACCUEIL,1,AGENT D'ACCUEIL,True
CHEF DE PROJET SIF MOROMBE,1,CHEF DE PROJET SIF MOROMBE,True
MPANAMBOATRA TRANO (MAçON),1,MAÇON,True
MANAO AIDE CHAUFFEUR,1,ASSISTANT AU CONDUCTEUR,True
ASSISTANT MANAGER,1,DIRECTEUR ADJOINT,True
CHAUFFEUR DE LA STAR,1,PILOTE DE L'ÉTOILE,True
ASSISTANTTECHNIQUE,1,ASSISTANT TECHNIQUE,True
TECHNICIEN COMMUNICATION AO @ CANAL PLUS,1,TECHNICIEN EN COMMUNICATION @ CANAL PLUS,True
COMPTABLE MIKERAKERA NY RESA-BOLA AO AMIN'NY DREDD,1,ERREUR: The read operation timed out,True
CHEF D'ENTENNE REGIONALE AIRTEL,1,CHEF DE L'INTERNET RÉGIONAL D'AIRTEL,True
MAçON MANAMBOATRA TRANO,1,MAISONS DE CONSTRUCTION DE MAÇONS,True
CHAUFFEUR AMBULANCE,1,CHAUFFEUR D'AMBULANCIER,True
ENCADREUR D'ENFANT,1,ENCADREUR D'ENFANT,True
SECRETAIRE CEG HAUTE VILLE,1,SECRÉTAIRE CEG HAUTE VILLE,True
AGENT DE CREDIT AO AM AGENCE VAHATRA,1,AGENT DE CRÉDIT CHEZ AGENCE VAHATRA,True
RESPONSABLE MAGAZINIER,1,RESPONSABLE DU MAGAZINE,True
RESPONSABLE ADMINISTRATION,1,RESPONSABLE ADMINISTRATIF,True
CHAUFFEUR TAXI BROUSSE TANA FARANGANA,1,CHAUFFEUR DE TAXI BROUSSE TANA FARANGANA,True
SECRETAIRE GENERAL COMMUNE,1,SECRÉTAIRE GÉNÉRAL DE LA COMMUNAUTÉ,True
Aide chauffeur tracteur,1,Aidez le conducteur du tracteur,True
RESPONSABLE MAGASIN,1,RESPONSABLE DU MAGAZINE,True
DIRECTEUR EPP SANJAHANA,1,DIRECTEUR DU PPE,True
RESPONSABLE SILC,1,RESPONSABLE SILC,True
CHEF FOKONTANY,1,CHEF DE VILLAGE,True
SECRETAIRE D'ECOLE,1,SECRÉTAIRE D'ÉCOLE,True
AGENT MOBILIER,1,AGENT MOBILE,True
AGENT IMMOBILIER,1,AGENT IMMOBILIER,True
CONSULTANT COMPTABLE INFORMATIQUE,1,CONSULTANT EN COMPTABILITÉ INFORMATIQUE,True
SECRETAIRE JUGE D'INSTRUCTION PAC,1,SECRÉTAIRE JUGE D'INSTRUCTION PAC,True
CHEF DE SERVICE DE L'INSPECTION PEDAGOGIQUE,1,CHEF DU SERVICE D'INSPECTION PÉDAGOGIQUE,True
AIDE CHAUFFEUR CAMIONNET,1,ASSISTANT-CONDUCTEUR DE CAMION,True
SKIPPER ( chauffeur vedette),1,SKIPPER (pilote vedette),True
AIDE CHAUFFEUR AMINY CAMIONNETTE,1,ASSISTANT CONDUCTEUR CHEZ CAMIONNETTE,True
CHAUFFEUR CAMION MITONDRA VANILLE,1,CHAUFFEUR DE CAMION VANILLE,True
SECRETAIRE DE BUREAU ACEP MADAGASCAR TSARAMANDROSO,1,SECRÉTAIRE DU BUREAU DE L'ACEP MADAGASCAR TSARAMANDROSO,True
CHEF CUSINE,1,CHEF DE CUISINE,True
OUVRIER AO AM SOCIETE LJA,1,OUVRIER CHEZ SOCIETE LJA,True
CHAUFFEUR SERVICE JIRAMA,1,CHAUFFEUR DE SERVICE JIRAMA,True
AGENT COMMERCIALE,1,AGENT COMMERCIAL,True
CHAUFFEUR PATRONAL,1,CHAUFFEUR PATRON,True
CHAUFFEUR KIBOTA MPITATITRA ENTANA,1,CHAUFFEUR KIBOTA TRANSPORTEUR,True
CHEF MAINTENANCE AMIN'ny hopital,1,ERREUR: The read operation timed out,True
ELECTRICIEN ET PLOMBIER,1,ÉLECTRICIEN ET PLOMBIER,True
CONTROLEUR DES AGENT D'INTERVENTION,1,CONTRÔLEUR D'AGENT D'INTERVENTION,True
CHAUFFEUR BADJAJE,1,INSIGNE DE CONDUCTEUR,True
RESPONSABLE D'ARCHIVE MINISTER TOURISSMEµ,1,RESPONSABLE D'ARCHIVE MINISTRE DU TOURISMEµ,True
CHAUFFEUR BAJABJ,1,CHAUFFEUR BAJABJ,True
OUVRIER METALIQUE,1,ATELIER MÉTALLIQUE,True
COMPTABLE AO @ FEDERATION EDVENTISTE,1,COMPTABLE À LA FÉDÉRATION ADVENTISTE,True
RESPONSABLE VOLONTAIREAT,1,RESPONSABLE BÉNÉVOLE,True
AGENT BATIMENT,1,AGENT D'EXPÉDITION,True
AGENT DE SUIVIE,1,AGENT DE SUIVI,True
CHAUFFEUR KUBOTA,1,CONDUCTEUR KUBOTA,True
CHAUFFEUR NY BAJAJ,1,CONDUCTEUR BAJAJ,True
CHAUFFEUR VOITURE,1,CONDUCTEUR DE VOITURE,True
SECRETAIRE A,1,SECRÉTAIRE A,True
SECRETAIRE NY EPP,1,SECRÉTAIRE DU PPE,True
ASSISTANT TECHNIQUE REGIONAL,1,ASSISTANT TECHNIQUE RÉGIONAL,True
CHEF DE DIVISION DE FORMATION,1,CHEF DE LA DIVISION FORMATION,True
TECHNICIEN FORRESTIERE,1,TECHNICIEN FORESTIER,True
MEDECIN CHEF,1,MÉDECINE EN CHEF,True
AGENT DE QUART,1,AGENT QUARTIER,True
SECRETAIRE ADMINISTRATIF,1,SECRÉTAIRE ADMINISTRATIF,True
SECRETAIRE  ADMISTRATIF,1,SECRÉTAIRE ADMINISTRATIF,True
ELECTRICIEN JIRAMA,1,JIRAMA ÉLECTRICIEN,True
RESPONSABLE LOGISTIQUE MINISTERE ELEVAGE,1,RESPONSABLE LOGISTIQUE DU MINISTERE D'ELEVATION,True
SECRETAIRE AO AMIN'NY OPHAM,1,SECRÉTAIRE CHEZ OPHAM,True
COMPTABLE AO AMIN'NY OPHAM,1,COMPTABILITÉ CHEZ OPHAM,True
CHAUFFEURE MANAO LIVRAISON,1,CHAUFFEUR-LIVREUR,True
CHAUFFEUR TAXI VILLE,1,CHAUFFEUR DE TAXI VILLE,True
CHEF DE FERME,1,CHEF DE FERME,True
